weapon_hash,name,type,tier,scope,perks,PVE,PVP,validation,availability,basis
601592879,Age-Old Bond,Auto Rifle,Legendary,generated-core,"1354429876,3425386926",93,60,E,source-indicated,type mean + shrunk perk residuals + shrunk pair residual + Fox profile governance
601592879,Age-Old Bond,Auto Rifle,Legendary,generated-core,"1354429876,2848615171",93,57,E,source-indicated,type mean + shrunk perk residuals + shrunk pair residual + Fox profile governance
601592879,Age-Old Bond,Auto Rifle,Legendary,generated-core,"3400784728,3425386926",90,63,E,source-indicated,type mean + shrunk perk residuals + shrunk pair residual + Fox profile governance
601592879,Age-Old Bond,Auto Rifle,Legendary,generated-core,"1359896290,2213355989",61,90,E,source-indicated,type mean + shrunk perk residuals + shrunk pair residual + Fox profile governance
601592879,Age-Old Bond,Auto Rifle,Legendary,generated-core,"1890422124,1015611457",61,90,E,source-indicated,type mean + shrunk perk residuals + shrunk pair residual + Fox profile governance
601592879,Age-Old Bond,Auto Rifle,Legendary,generated-fallback,,69,54,E,source-indicated,type prior minus fallback margin + Fox profile governance
1411560894,Ahab Char,Auto Rifle,Legendary,generated-core,"3017780555,2890807135",98,47,E,source-indicated,type mean + shrunk perk residuals + shrunk pair residual + Fox profile governance
1411560894,Ahab Char,Auto Rifle,Legendary,generated-core,"1631667848,2890807135",96,52,E,source-indicated,type mean + shrunk perk residuals + shrunk pair residual + Fox profile governance
1411560894,Ahab Char,Auto Rifle,Legendary,generated-core,"1820235745,2890807135",95,55,E,source-indicated,type mean + shrunk perk residuals + shrunk pair residual + Fox profile governance
1411560894,Ahab Char,Auto Rifle,Legendary,generated-core,"1428297954,1015611457",61,90,E,source-indicated,type mean + shrunk perk residuals + shrunk pair residual + Fox profile governance
1411560894,Ahab Char,Auto Rifle,Legendary,generated-core,"1428297954,699525795",67,84,E,source-indicated,type mean + shrunk perk residuals + shrunk pair residual + Fox profile governance
1411560894,Ahab Char,Auto Rifle,Legendary,generated-fallback,,69,54,E,source-indicated,type prior minus fallback margin + Fox profile governance
2723909519,Arc Logic,Auto Rifle,Legendary,generated-core,"3643424744,3708227201",98,54,E,source-indicated,type mean + shrunk perk residuals + shrunk pair residual + Fox profile governance
2723909519,Arc Logic,Auto Rifle,Legendary,generated-core,"3643424744,3425386926",96,69,E,source-indicated,type mean + shrunk perk residuals + shrunk pair residual + Fox profile governance
2723909519,Arc Logic,Auto Rifle,Legendary,generated-core,"2869569095,3708227201",93,53,E,source-indicated,type mean + shrunk perk residuals + shrunk pair residual + Fox profile governance
2723909519,Arc Logic,Auto Rifle,Legendary,generated-core,"2450788523,1890422124",75,90,E,source-indicated,type mean + shrunk perk residuals + shrunk pair residual + Fox profile governance
2723909519,Arc Logic,Auto Rifle,Legendary,generated-core,"2450788523,2846385770",71,84,E,source-indicated,type mean + shrunk perk residuals + shrunk pair residual + Fox profile governance
2723909519,Arc Logic,Auto Rifle,Legendary,generated-fallback,,69,54,E,source-indicated,type prior minus fallback margin + Fox profile governance
528834068,BrayTech Werewolf,Auto Rifle,Legendary,generated-core,"1354429876,1631667848",94,54,E,source-indicated,type mean + shrunk perk residuals + shrunk pair residual + Fox profile governance
528834068,BrayTech Werewolf,Auto Rifle,Legendary,generated-core,"1168162263,1631667848",92,53,E,source-indicated,type mean + shrunk perk residuals + shrunk pair residual + Fox profile governance
528834068,BrayTech Werewolf,Auto Rifle,Legendary,generated-core,"3400784728,1631667848",91,56,E,source-indicated,type mean + shrunk perk residuals + shrunk pair residual + Fox profile governance
528834068,BrayTech Werewolf,Auto Rifle,Legendary,generated-core,"1359896290,1890422124",71,90,E,source-indicated,type mean + shrunk perk residuals + shrunk pair residual + Fox profile governance
528834068,BrayTech Werewolf,Auto Rifle,Legendary,generated-core,"1890422124,1015611457",61,90,E,source-indicated,type mean + shrunk perk residuals + shrunk pair residual + Fox profile governance
528834068,BrayTech Werewolf,Auto Rifle,Legendary,generated-fallback,,69,54,E,source-indicated,type prior minus fallback margin + Fox profile governance
2869466318,BrayTech Werewolf,Auto Rifle,Legendary,generated-core,"1820235745,1774574192",87,63,E,availability-unverified,type mean + shrunk perk residuals + shrunk pair residual + Fox profile governance
2869466318,BrayTech Werewolf,Auto Rifle,Legendary,generated-core,"1820235745,1870851715",87,63,E,availability-unverified,type mean + shrunk perk residuals + shrunk pair residual + Fox profile governance
2869466318,BrayTech Werewolf,Auto Rifle,Legendary,generated-core,"671806388,1774574192",83,68,E,availability-unverified,type mean + shrunk perk residuals + shrunk pair residual + Fox profile governance
2869466318,BrayTech Werewolf,Auto Rifle,Legendary,generated-core,"1359896290,1890422124",71,90,E,availability-unverified,type mean + shrunk perk residuals + shrunk pair residual + Fox profile governance
2869466318,BrayTech Werewolf,Auto Rifle,Legendary,generated-core,"1359896290,1015611457",67,84,E,availability-unverified,type mean + shrunk perk residuals + shrunk pair residual + Fox profile governance
2869466318,BrayTech Werewolf,Auto Rifle,Legendary,generated-fallback,,69,54,E,availability-unverified,type prior minus fallback margin + Fox profile governance
3558681245,BrayTech Werewolf,Auto Rifle,Legendary,generated-core,"3643424744,3891536761",96,57,E,availability-unverified,type mean + shrunk perk residuals + shrunk pair residual + Fox profile governance
3558681245,BrayTech Werewolf,Auto Rifle,Legendary,generated-core,"3418782618,3891536761",96,53,E,availability-unverified,type mean + shrunk perk residuals + shrunk pair residual + Fox profile governance
3558681245,BrayTech Werewolf,Auto Rifle,Legendary,generated-core,"1820235745,3891536761",94,55,E,availability-unverified,type mean + shrunk perk residuals + shrunk pair residual + Fox profile governance
3558681245,BrayTech Werewolf,Auto Rifle,Legendary,generated-core,"1359896290,1890422124",71,90,E,availability-unverified,type mean + shrunk perk residuals + shrunk pair residual + Fox profile governance
3558681245,BrayTech Werewolf,Auto Rifle,Legendary,generated-core,"1359896290,365154968",61,90,E,availability-unverified,type mean + shrunk perk residuals + shrunk pair residual + Fox profile governance
3558681245,BrayTech Werewolf,Auto Rifle,Legendary,generated-fallback,,69,54,E,availability-unverified,type prior minus fallback margin + Fox profile governance
1752585070,BrayTech Winter Wolf,Auto Rifle,Legendary,generated-core,2213355989,75,76,E,source-indicated,type mean + shrunk perk residuals + shrunk pair residual + Fox profile governance
1752585070,BrayTech Winter Wolf,Auto Rifle,Legendary,generated-core,2387244414,75,76,E,source-indicated,type mean + shrunk perk residuals + shrunk pair residual + Fox profile governance
1752585070,BrayTech Winter Wolf,Auto Rifle,Legendary,generated-fallback,,69,54,E,source-indicated,type prior minus fallback margin + Fox profile governance
2065366343,Breakneck,Auto Rifle,Legendary,generated-core,"3700496672,243981275",98,57,E,source-indicated,type mean + shrunk perk residuals + shrunk pair residual + Fox profile governance
2065366343,Breakneck,Auto Rifle,Legendary,generated-core,"3700496672,3891536761",98,49,E,source-indicated,type mean + shrunk perk residuals + shrunk pair residual + Fox profile governance
2065366343,Breakneck,Auto Rifle,Legendary,generated-core,"3700496672,1164602481",96,55,E,source-indicated,type mean + shrunk perk residuals + shrunk pair residual + Fox profile governance
2065366343,Breakneck,Auto Rifle,Legendary,generated-core,"1359896290,1890422124",71,90,E,source-indicated,type mean + shrunk perk residuals + shrunk pair residual + Fox profile governance
2065366343,Breakneck,Auto Rifle,Legendary,generated-core,"699525795,588594999",61,90,E,source-indicated,type mean + shrunk perk residuals + shrunk pair residual + Fox profile governance
2065366343,Breakneck,Auto Rifle,Legendary,generated-fallback,,69,54,E,source-indicated,type prior minus fallback margin + Fox profile governance
1337707096,Chrysura Melo,Auto Rifle,Legendary,generated-core,"1354429876,2848615171",93,57,E,source-indicated,type mean + shrunk perk residuals + shrunk pair residual + Fox profile governance
1337707096,Chrysura Melo,Auto Rifle,Legendary,generated-core,"1168162263,2848615171",91,57,E,source-indicated,type mean + shrunk perk residuals + shrunk pair residual + Fox profile governance
1337707096,Chrysura Melo,Auto Rifle,Legendary,generated-core,"1354429876,2458213969",90,58,E,source-indicated,type mean + shrunk perk residuals + shrunk pair residual + Fox profile governance
1337707096,Chrysura Melo,Auto Rifle,Legendary,generated-core,"1195158366,2726471870",69,81,E,source-indicated,type mean + shrunk perk residuals + shrunk pair residual + Fox profile governance
1337707096,Chrysura Melo,Auto Rifle,Legendary,generated-core,"1359896290,2726471870",69,81,E,source-indicated,type mean + shrunk perk residuals + shrunk pair residual + Fox profile governance
1337707096,Chrysura Melo,Auto Rifle,Legendary,generated-fallback,,69,54,E,source-indicated,type prior minus fallback margin + Fox profile governance
435216110,Duty Bound,Auto Rifle,Legendary,generated-core,"3400784728,1354429876",93,55,E,source-indicated,type mean + shrunk perk residuals + shrunk pair residual + Fox profile governance
435216110,Duty Bound,Auto Rifle,Legendary,generated-core,"3400784728,4049631843",91,55,E,source-indicated,type mean + shrunk perk residuals + shrunk pair residual + Fox profile governance
435216110,Duty Bound,Auto Rifle,Legendary,generated-core,"3400784728,3425386926",90,63,E,source-indicated,type mean + shrunk perk residuals + shrunk pair residual + Fox profile governance
435216110,Duty Bound,Auto Rifle,Legendary,generated-core,"2387244414,1359896290",62,89,E,source-indicated,type mean + shrunk perk residuals + shrunk pair residual + Fox profile governance
435216110,Duty Bound,Auto Rifle,Legendary,generated-core,"1428297954,1359896290",67,84,E,source-indicated,type mean + shrunk perk residuals + shrunk pair residual + Fox profile governance
435216110,Duty Bound,Auto Rifle,Legendary,generated-fallback,,69,54,E,source-indicated,type prior minus fallback margin + Fox profile governance
1457979868,Duty Bound,Auto Rifle,Legendary,generated-core,3425386926,87,67,E,source-indicated,type mean + shrunk perk residuals + shrunk pair residual + Fox profile governance
1457979868,Duty Bound,Auto Rifle,Legendary,generated-core,2387244414,75,76,E,source-indicated,type mean + shrunk perk residuals + shrunk pair residual + Fox profile governance
1457979868,Duty Bound,Auto Rifle,Legendary,generated-fallback,,69,54,E,source-indicated,type prior minus fallback margin + Fox profile governance
1135050595,Duty Bound (Adept),Auto Rifle,Legendary,generated-core,"3400784728,1354429876",93,55,E,source-indicated,type mean + shrunk perk residuals + shrunk pair residual + Fox profile governance
1135050595,Duty Bound (Adept),Auto Rifle,Legendary,generated-core,"3400784728,4049631843",91,55,E,source-indicated,type mean + shrunk perk residuals + shrunk pair residual + Fox profile governance
1135050595,Duty Bound (Adept),Auto Rifle,Legendary,generated-core,"3400784728,3425386926",90,63,E,source-indicated,type mean + shrunk perk residuals + shrunk pair residual + Fox profile governance
1135050595,Duty Bound (Adept),Auto Rifle,Legendary,generated-core,"2387244414,1359896290",62,89,E,source-indicated,type mean + shrunk perk residuals + shrunk pair residual + Fox profile governance
1135050595,Duty Bound (Adept),Auto Rifle,Legendary,generated-core,"1428297954,1359896290",67,84,E,source-indicated,type mean + shrunk perk residuals + shrunk pair residual + Fox profile governance
1135050595,Duty Bound (Adept),Auto Rifle,Legendary,generated-fallback,,69,54,E,source-indicated,type prior minus fallback margin + Fox profile governance
1839565992,Ether Doctor,Auto Rifle,Legendary,generated-core,"1631667848,3425386926",91,59,E,source-indicated,type mean + shrunk perk residuals + shrunk pair residual + Fox profile governance
1839565992,Ether Doctor,Auto Rifle,Legendary,generated-core,"706527188,3425386926",88,69,E,source-indicated,type mean + shrunk perk residuals + shrunk pair residual + Fox profile governance
1839565992,Ether Doctor,Auto Rifle,Legendary,generated-core,"1631667848,972757866",88,59,E,source-indicated,type mean + shrunk perk residuals + shrunk pair residual + Fox profile governance
1839565992,Ether Doctor,Auto Rifle,Legendary,generated-core,"1359896290,2213355989",61,90,E,source-indicated,type mean + shrunk perk residuals + shrunk pair residual + Fox profile governance
1839565992,Ether Doctor,Auto Rifle,Legendary,generated-core,"1359896290,588594999",67,84,E,source-indicated,type mean + shrunk perk residuals + shrunk pair residual + Fox profile governance
1839565992,Ether Doctor,Auto Rifle,Legendary,generated-fallback,,69,54,E,source-indicated,type prior minus fallback margin + Fox profile governance
4113452819,Fair Judgment,Auto Rifle,Legendary,generated-core,"1955165503,124408337",98,47,E,source-indicated,type mean + shrunk perk residuals + shrunk pair residual + Fox profile governance
4113452819,Fair Judgment,Auto Rifle,Legendary,generated-core,"1164602481,124408337",94,55,E,source-indicated,type mean + shrunk perk residuals + shrunk pair residual + Fox profile governance
4113452819,Fair Judgment,Auto Rifle,Legendary,generated-core,"3993379141,124408337",94,55,E,source-indicated,type mean + shrunk perk residuals + shrunk pair residual + Fox profile governance
4113452819,Fair Judgment,Auto Rifle,Legendary,generated-core,"1359896290,1890422124",71,90,E,source-indicated,type mean + shrunk perk residuals + shrunk pair residual + Fox profile governance
4113452819,Fair Judgment,Auto Rifle,Legendary,generated-core,"1428297954,1015611457",61,90,E,source-indicated,type mean + shrunk perk residuals + shrunk pair residual + Fox profile governance
4113452819,Fair Judgment,Auto Rifle,Legendary,generated-fallback,,69,54,E,source-indicated,type prior minus fallback margin + Fox profile governance
1286686760,Gahlran's Right Hand,Auto Rifle,Legendary,generated-core,"3643424744,3523296417",90,63,E,source-indicated,type mean + shrunk perk residuals + shrunk pair residual + Fox profile governance
1286686760,Gahlran's Right Hand,Auto Rifle,Legendary,generated-core,"3643424744,205890336",89,65,E,source-indicated,type mean + shrunk perk residuals + shrunk pair residual + Fox profile governance
1286686760,Gahlran's Right Hand,Auto Rifle,Legendary,generated-core,"3643424744,2458213969",89,61,E,source-indicated,type mean + shrunk perk residuals + shrunk pair residual + Fox profile governance
1286686760,Gahlran's Right Hand,Auto Rifle,Legendary,generated-core,"1359896290,2213355989",61,90,E,source-indicated,type mean + shrunk perk residuals + shrunk pair residual + Fox profile governance
1286686760,Gahlran's Right Hand,Auto Rifle,Legendary,generated-core,"699525795,2846385770",63,85,E,source-indicated,type mean + shrunk perk residuals + shrunk pair residual + Fox profile governance
1286686760,Gahlran's Right Hand,Auto Rifle,Legendary,generated-fallback,,69,54,E,source-indicated,type prior minus fallback margin + Fox profile governance
1775804198,Galliard-42 XN7568,Auto Rifle,Legendary,generated-core,"3300816228,1631667848",93,59,E,source-indicated,type mean + shrunk perk residuals + shrunk pair residual + Fox profile governance
1775804198,Galliard-42 XN7568,Auto Rifle,Legendary,generated-core,"1168162263,1631667848",92,53,E,source-indicated,type mean + shrunk perk residuals + shrunk pair residual + Fox profile governance
1775804198,Galliard-42 XN7568,Auto Rifle,Legendary,generated-core,"3300816228,3425386926",91,66,E,source-indicated,type mean + shrunk perk residuals + shrunk pair residual + Fox profile governance
1775804198,Galliard-42 XN7568,Auto Rifle,Legendary,generated-core,"1359896290,2213355989",61,90,E,source-indicated,type mean + shrunk perk residuals + shrunk pair residual + Fox profile governance
1775804198,Galliard-42 XN7568,Auto Rifle,Legendary,generated-core,"1890422124,1015611457",61,90,E,source-indicated,type mean + shrunk perk residuals + shrunk pair residual + Fox profile governance
1775804198,Galliard-42 XN7568,Auto Rifle,Legendary,generated-fallback,,69,54,E,source-indicated,type prior minus fallback margin + Fox profile governance
2505533224,Ghost Primus,Auto Rifle,Legendary,generated-core,2010801679,83,64,E,source-indicated,type mean + shrunk perk residuals + shrunk pair residual + Fox profile governance
2505533224,Ghost Primus,Auto Rifle,Legendary,generated-core,2213355989,75,76,E,source-indicated,type mean + shrunk perk residuals + shrunk pair residual + Fox profile governance
2505533224,Ghost Primus,Auto Rifle,Legendary,generated-fallback,,69,54,E,source-indicated,type prior minus fallback margin + Fox profile governance
1518042134,Halfdan-D,Auto Rifle,Legendary,generated-core,"3300816228,1631667848",93,59,E,source-indicated,type mean + shrunk perk residuals + shrunk pair residual + Fox profile governance
1518042134,Halfdan-D,Auto Rifle,Legendary,generated-core,"1168162263,1631667848",92,53,E,source-indicated,type mean + shrunk perk residuals + shrunk pair residual + Fox profile governance
1518042134,Halfdan-D,Auto Rifle,Legendary,generated-core,"3300816228,3425386926",91,66,E,source-indicated,type mean + shrunk perk residuals + shrunk pair residual + Fox profile governance
1518042134,Halfdan-D,Auto Rifle,Legendary,generated-core,"1359896290,2213355989",61,90,E,source-indicated,type mean + shrunk perk residuals + shrunk pair residual + Fox profile governance
1518042134,Halfdan-D,Auto Rifle,Legendary,generated-core,"1890422124,1015611457",61,90,E,source-indicated,type mean + shrunk perk residuals + shrunk pair residual + Fox profile governance
1518042134,Halfdan-D,Auto Rifle,Legendary,generated-fallback,,69,54,E,source-indicated,type prior minus fallback margin + Fox profile governance
1789347249,Hazard of the Cast,Auto Rifle,Legendary,generated-core,"1631667848,1168162263",92,53,E,source-indicated,type mean + shrunk perk residuals + shrunk pair residual + Fox profile governance
1789347249,Hazard of the Cast,Auto Rifle,Legendary,generated-core,"1631667848,3425386926",91,59,E,source-indicated,type mean + shrunk perk residuals + shrunk pair residual + Fox profile governance
1789347249,Hazard of the Cast,Auto Rifle,Legendary,generated-core,"3400784728,3425386926",90,63,E,source-indicated,type mean + shrunk perk residuals + shrunk pair residual + Fox profile governance
1789347249,Hazard of the Cast,Auto Rifle,Legendary,generated-core,"1890422124,1015611457",61,90,E,source-indicated,type mean + shrunk perk residuals + shrunk pair residual + Fox profile governance
1789347249,Hazard of the Cast,Auto Rifle,Legendary,generated-core,"2387244414,1015611457",61,90,E,source-indicated,type mean + shrunk perk residuals + shrunk pair residual + Fox profile governance
1789347249,Hazard of the Cast,Auto Rifle,Legendary,generated-fallback,,69,54,E,source-indicated,type prior minus fallback margin + Fox profile governance
2065366342,Herod-C,Auto Rifle,Legendary,generated-core,"3700496672,4049631843",98,46,E,source-indicated,type mean + shrunk perk residuals + shrunk pair residual + Fox profile governance
2065366342,Herod-C,Auto Rifle,Legendary,generated-core,"3700496672,124408337",97,52,E,source-indicated,type mean + shrunk perk residuals + shrunk pair residual + Fox profile governance
2065366342,Herod-C,Auto Rifle,Legendary,generated-core,"3300816228,4049631843",95,58,E,source-indicated,type mean + shrunk perk residuals + shrunk pair residual + Fox profile governance
2065366342,Herod-C,Auto Rifle,Legendary,generated-core,"1359896290,1890422124",71,90,E,source-indicated,type mean + shrunk perk residuals + shrunk pair residual + Fox profile governance
2065366342,Herod-C,Auto Rifle,Legendary,generated-core,"1866048759,1890422124",63,87,E,source-indicated,type mean + shrunk perk residuals + shrunk pair residual + Fox profile governance
2065366342,Herod-C,Auto Rifle,Legendary,generated-fallback,,69,54,E,source-indicated,type prior minus fallback margin + Fox profile governance
2884070594,Horror Story,Auto Rifle,Legendary,generated-core,"3978468247,3751912585",98,54,E,availability-unverified,type mean + shrunk perk residuals + shrunk pair residual + Fox profile governance
2884070594,Horror Story,Auto Rifle,Legendary,generated-core,"968510818,3751912585",98,52,E,availability-unverified,type mean + shrunk perk residuals + shrunk pair residual + Fox profile governance
2884070594,Horror Story,Auto Rifle,Legendary,generated-core,"968510818,3324494224",97,58,E,availability-unverified,type mean + shrunk perk residuals + shrunk pair residual + Fox profile governance
2884070594,Horror Story,Auto Rifle,Legendary,generated-core,"1359896290,365154968",61,90,E,availability-unverified,type mean + shrunk perk residuals + shrunk pair residual + Fox profile governance
2884070594,Horror Story,Auto Rifle,Legendary,generated-core,"3523296417,365154968",69,81,E,availability-unverified,type mean + shrunk perk residuals + shrunk pair residual + Fox profile governance
2884070594,Horror Story,Auto Rifle,Legendary,generated-fallback,,69,54,E,availability-unverified,type prior minus fallback margin + Fox profile governance
3829285960,Horror Story,Auto Rifle,Legendary,generated-core,"1168162263,3425386926",91,60,E,availability-unverified,type mean + shrunk perk residuals + shrunk pair residual + Fox profile governance
3829285960,Horror Story,Auto Rifle,Legendary,generated-core,"1631667848,3425386926",91,59,E,availability-unverified,type mean + shrunk perk residuals + shrunk pair residual + Fox profile governance
3829285960,Horror Story,Auto Rifle,Legendary,generated-core,"1820235745,3425386926",90,61,E,availability-unverified,type mean + shrunk perk residuals + shrunk pair residual + Fox profile governance
3829285960,Horror Story,Auto Rifle,Legendary,generated-core,"2450788523,588594999",71,84,E,availability-unverified,type mean + shrunk perk residuals + shrunk pair residual + Fox profile governance
3829285960,Horror Story,Auto Rifle,Legendary,generated-core,"2450788523,2039302152",71,84,E,availability-unverified,type mean + shrunk perk residuals + shrunk pair residual + Fox profile governance
3829285960,Horror Story,Auto Rifle,Legendary,generated-fallback,,69,54,E,availability-unverified,type prior minus fallback margin + Fox profile governance
2725426834,Intercalary,Auto Rifle,Legendary,generated-core,"124408337,1955165503",98,47,E,source-indicated,type mean + shrunk perk residuals + shrunk pair residual + Fox profile governance
2725426834,Intercalary,Auto Rifle,Legendary,generated-core,"3300816228,4049631843",95,58,E,source-indicated,type mean + shrunk perk residuals + shrunk pair residual + Fox profile governance
2725426834,Intercalary,Auto Rifle,Legendary,generated-core,"3523296417,4049631843",95,57,E,source-indicated,type mean + shrunk perk residuals + shrunk pair residual + Fox profile governance
2725426834,Intercalary,Auto Rifle,Legendary,generated-core,"3523296417,365154968",69,81,E,source-indicated,type mean + shrunk perk residuals + shrunk pair residual + Fox profile governance
2725426834,Intercalary,Auto Rifle,Legendary,generated-core,"1918398421,365154968",75,76,E,source-indicated,type mean + shrunk perk residuals + shrunk pair residual + Fox profile governance
2725426834,Intercalary,Auto Rifle,Legendary,generated-fallback,,69,54,E,source-indicated,type prior minus fallback margin + Fox profile governance
2328531378,Lodbrok-C,Auto Rifle,Legendary,generated-core,"1354429876,3751912585",97,56,E,source-indicated,type mean + shrunk perk residuals + shrunk pair residual + Fox profile governance
2328531378,Lodbrok-C,Auto Rifle,Legendary,generated-core,"3523296417,3751912585",94,60,E,source-indicated,type mean + shrunk perk residuals + shrunk pair residual + Fox profile governance
2328531378,Lodbrok-C,Auto Rifle,Legendary,generated-core,"1774574192,3751912585",91,63,E,source-indicated,type mean + shrunk perk residuals + shrunk pair residual + Fox profile governance
2328531378,Lodbrok-C,Auto Rifle,Legendary,generated-core,"1359896290,1890422124",71,90,E,source-indicated,type mean + shrunk perk residuals + shrunk pair residual + Fox profile governance
2328531378,Lodbrok-C,Auto Rifle,Legendary,generated-core,"1359896290,365154968",61,90,E,source-indicated,type mean + shrunk perk residuals + shrunk pair residual + Fox profile governance
2328531378,Lodbrok-C,Auto Rifle,Legendary,generated-fallback,,69,54,E,source-indicated,type prior minus fallback margin + Fox profile governance
819441402,Misfit,Auto Rifle,Legendary,generated-core,"1631667848,3425386926",91,59,E,source-indicated,type mean + shrunk perk residuals + shrunk pair residual + Fox profile governance
819441402,Misfit,Auto Rifle,Legendary,generated-core,"706527188,3425386926",88,69,E,source-indicated,type mean + shrunk perk residuals + shrunk pair residual + Fox profile governance
819441402,Misfit,Auto Rifle,Legendary,generated-core,"1631667848,972757866",88,59,E,source-indicated,type mean + shrunk perk residuals + shrunk pair residual + Fox profile governance
819441402,Misfit,Auto Rifle,Legendary,generated-core,"1359896290,2213355989",61,90,E,source-indicated,type mean + shrunk perk residuals + shrunk pair residual + Fox profile governance
819441402,Misfit,Auto Rifle,Legendary,generated-core,"1359896290,588594999",67,84,E,source-indicated,type mean + shrunk perk residuals + shrunk pair residual + Fox profile governance
819441402,Misfit,Auto Rifle,Legendary,generated-fallback,,69,54,E,source-indicated,type prior minus fallback margin + Fox profile governance
2188356726,Origin Story,Auto Rifle,Legendary,generated-core,"243981275,3891536761",98,48,E,source-indicated,type mean + shrunk perk residuals + shrunk pair residual + Fox profile governance
2188356726,Origin Story,Auto Rifle,Legendary,generated-core,"243981275,3708227201",97,55,E,source-indicated,type mean + shrunk perk residuals + shrunk pair residual + Fox profile governance
2188356726,Origin Story,Auto Rifle,Legendary,generated-core,"3978468247,3891536761",97,54,E,source-indicated,type mean + shrunk perk residuals + shrunk pair residual + Fox profile governance
2188356726,Origin Story,Auto Rifle,Legendary,generated-core,"1359896290,365154968",61,90,E,source-indicated,type mean + shrunk perk residuals + shrunk pair residual + Fox profile governance
2188356726,Origin Story,Auto Rifle,Legendary,generated-core,"1866048759,365154968",61,90,E,source-indicated,type mean + shrunk perk residuals + shrunk pair residual + Fox profile governance
2188356726,Origin Story,Auto Rifle,Legendary,generated-fallback,,69,54,E,source-indicated,type prior minus fallback margin + Fox profile governance
1952163498,Pluperfect,Auto Rifle,Legendary,generated-core,"3300816228,3425386926",91,66,E,source-indicated,type mean + shrunk perk residuals + shrunk pair residual + Fox profile governance
1952163498,Pluperfect,Auto Rifle,Legendary,generated-core,"1168162263,3425386926",91,60,E,source-indicated,type mean + shrunk perk residuals + shrunk pair residual + Fox profile governance
1952163498,Pluperfect,Auto Rifle,Legendary,generated-core,"3300816228,3513791699",88,67,E,source-indicated,type mean + shrunk perk residuals + shrunk pair residual + Fox profile governance
1952163498,Pluperfect,Auto Rifle,Legendary,generated-core,"2387244414,1015611457",61,90,E,source-indicated,type mean + shrunk perk residuals + shrunk pair residual + Fox profile governance
1952163498,Pluperfect,Auto Rifle,Legendary,generated-core,"2846385770,1015611457",61,90,E,source-indicated,type mean + shrunk perk residuals + shrunk pair residual + Fox profile governance
1952163498,Pluperfect,Auto Rifle,Legendary,generated-fallback,,69,54,E,source-indicated,type prior minus fallback margin + Fox profile governance
1091550016,Prosecutor,Auto Rifle,Legendary,generated-core,"1115162408,3218042543",98,56,E,source-indicated,type mean + shrunk perk residuals + shrunk pair residual + Fox profile governance
1091550016,Prosecutor,Auto Rifle,Legendary,generated-core,"1115162408,654512643",98,55,E,source-indicated,type mean + shrunk perk residuals + shrunk pair residual + Fox profile governance
1091550016,Prosecutor,Auto Rifle,Legendary,generated-core,"2458610193,654512643",98,54,E,source-indicated,type mean + shrunk perk residuals + shrunk pair residual + Fox profile governance
1091550016,Prosecutor,Auto Rifle,Legendary,generated-core,"3619207468,31345821",61,90,E,source-indicated,type mean + shrunk perk residuals + shrunk pair residual + Fox profile governance
1091550016,Prosecutor,Auto Rifle,Legendary,generated-core,"3619207468,365154968",61,90,E,source-indicated,type mean + shrunk perk residuals + shrunk pair residual + Fox profile governance
1091550016,Prosecutor,Auto Rifle,Legendary,generated-fallback,,69,54,E,source-indicated,type prior minus fallback margin + Fox profile governance
1909527966,Prosecutor,Auto Rifle,Legendary,generated-core,1890422124,75,76,E,source-indicated,type mean + shrunk perk residuals + shrunk pair residual + Fox profile governance
1909527966,Prosecutor,Auto Rifle,Legendary,generated-core,2039302152,75,76,E,source-indicated,type mean + shrunk perk residuals + shrunk pair residual + Fox profile governance
1909527966,Prosecutor,Auto Rifle,Legendary,generated-fallback,,69,54,E,source-indicated,type prior minus fallback margin + Fox profile governance
3385326721,Reckless Oracle,Auto Rifle,Legendary,generated-core,"3300816228,3400784728",91,63,E,source-indicated,type mean + shrunk perk residuals + shrunk pair residual + Fox profile governance
3385326721,Reckless Oracle,Auto Rifle,Legendary,generated-core,"3300816228,3523296417",90,64,E,source-indicated,type mean + shrunk perk residuals + shrunk pair residual + Fox profile governance
3385326721,Reckless Oracle,Auto Rifle,Legendary,generated-core,"1168162263,3400784728",90,57,E,source-indicated,type mean + shrunk perk residuals + shrunk pair residual + Fox profile governance
3385326721,Reckless Oracle,Auto Rifle,Legendary,generated-core,"1890422124,1015611457",61,90,E,source-indicated,type mean + shrunk perk residuals + shrunk pair residual + Fox profile governance
3385326721,Reckless Oracle,Auto Rifle,Legendary,generated-core,"1645158859,1015611457",67,84,E,source-indicated,type mean + shrunk perk residuals + shrunk pair residual + Fox profile governance
3385326721,Reckless Oracle,Auto Rifle,Legendary,generated-fallback,,69,54,E,source-indicated,type prior minus fallback margin + Fox profile governance
484515708,Rufus's Fury,Auto Rifle,Legendary,generated-core,"923806249,3764420437",98,53,E,source-indicated,type mean + shrunk perk residuals + shrunk pair residual + Fox profile governance
484515708,Rufus's Fury,Auto Rifle,Legendary,generated-core,"3418782618,3764420437",98,53,E,source-indicated,type mean + shrunk perk residuals + shrunk pair residual + Fox profile governance
484515708,Rufus's Fury,Auto Rifle,Legendary,generated-core,"1523832109,3640170453",98,52,E,source-indicated,type mean + shrunk perk residuals + shrunk pair residual + Fox profile governance
484515708,Rufus's Fury,Auto Rifle,Legendary,generated-core,"3619207468,365154968",61,90,E,source-indicated,type mean + shrunk perk residuals + shrunk pair residual + Fox profile governance
484515708,Rufus's Fury,Auto Rifle,Legendary,generated-core,"3619207468,1890422124",61,90,E,source-indicated,type mean + shrunk perk residuals + shrunk pair residual + Fox profile governance
484515708,Rufus's Fury,Auto Rifle,Legendary,generated-fallback,,69,54,E,source-indicated,type prior minus fallback margin + Fox profile governance
342514437,Rufus's Fury (Adept),Auto Rifle,Legendary,generated-core,"923806249,3764420437",98,53,E,source-indicated,type mean + shrunk perk residuals + shrunk pair residual + Fox profile governance
342514437,Rufus's Fury (Adept),Auto Rifle,Legendary,generated-core,"3418782618,3764420437",98,53,E,source-indicated,type mean + shrunk perk residuals + shrunk pair residual + Fox profile governance
342514437,Rufus's Fury (Adept),Auto Rifle,Legendary,generated-core,"1523832109,3640170453",98,52,E,source-indicated,type mean + shrunk perk residuals + shrunk pair residual + Fox profile governance
342514437,Rufus's Fury (Adept),Auto Rifle,Legendary,generated-core,"3619207468,365154968",61,90,E,source-indicated,type mean + shrunk perk residuals + shrunk pair residual + Fox profile governance
342514437,Rufus's Fury (Adept),Auto Rifle,Legendary,generated-core,"3619207468,1890422124",61,90,E,source-indicated,type mean + shrunk perk residuals + shrunk pair residual + Fox profile governance
342514437,Rufus's Fury (Adept),Auto Rifle,Legendary,generated-fallback,,69,54,E,source-indicated,type prior minus fallback margin + Fox profile governance
602618796,Scathelocke,Auto Rifle,Legendary,generated-core,"1820235745,3425386926",90,61,E,source-indicated,type mean + shrunk perk residuals + shrunk pair residual + Fox profile governance
602618796,Scathelocke,Auto Rifle,Legendary,generated-core,"1570042021,3425386926",88,69,E,source-indicated,type mean + shrunk perk residuals + shrunk pair residual + Fox profile governance
602618796,Scathelocke,Auto Rifle,Legendary,generated-core,"2946784966,3425386926",87,67,E,source-indicated,type mean + shrunk perk residuals + shrunk pair residual + Fox profile governance
602618796,Scathelocke,Auto Rifle,Legendary,generated-core,"3436462433,699525795",62,88,E,source-indicated,type mean + shrunk perk residuals + shrunk pair residual + Fox profile governance
602618796,Scathelocke,Auto Rifle,Legendary,generated-core,"1645158859,699525795",67,84,E,source-indicated,type mean + shrunk perk residuals + shrunk pair residual + Fox profile governance
602618796,Scathelocke,Auto Rifle,Legendary,generated-fallback,,69,54,E,source-indicated,type prior minus fallback margin + Fox profile governance
1561006927,Seventh Seraph Carbine,Auto Rifle,Legendary,generated-core,"1354429876,3425386926",93,60,E,source-indicated,type mean + shrunk perk residuals + shrunk pair residual + Fox profile governance
1561006927,Seventh Seraph Carbine,Auto Rifle,Legendary,generated-core,"3300816228,3425386926",91,66,E,source-indicated,type mean + shrunk perk residuals + shrunk pair residual + Fox profile governance
1561006927,Seventh Seraph Carbine,Auto Rifle,Legendary,generated-core,"1354429876,1546637391",90,58,E,source-indicated,type mean + shrunk perk residuals + shrunk pair residual + Fox profile governance
1561006927,Seventh Seraph Carbine,Auto Rifle,Legendary,generated-core,"1866048759,588594999",67,84,E,source-indicated,type mean + shrunk perk residuals + shrunk pair residual + Fox profile governance
1561006927,Seventh Seraph Carbine,Auto Rifle,Legendary,generated-core,"1866048759,2846385770",67,84,E,source-indicated,type mean + shrunk perk residuals + shrunk pair residual + Fox profile governance
1561006927,Seventh Seraph Carbine,Auto Rifle,Legendary,generated-fallback,,69,54,E,source-indicated,type prior minus fallback margin + Fox profile governance
3142989221,Shadow Price,Auto Rifle,Legendary,generated-core,"3643424744,3708227201",98,54,E,source-indicated,type mean + shrunk perk residuals + shrunk pair residual + Fox profile governance
3142989221,Shadow Price,Auto Rifle,Legendary,generated-core,"243981275,2173046394",98,51,E,source-indicated,type mean + shrunk perk residuals + shrunk pair residual + Fox profile governance
3142989221,Shadow Price,Auto Rifle,Legendary,generated-core,"243981275,3708227201",97,55,E,source-indicated,type mean + shrunk perk residuals + shrunk pair residual + Fox profile governance
3142989221,Shadow Price,Auto Rifle,Legendary,generated-core,"3436462433,1365187766",65,84,E,source-indicated,type mean + shrunk perk residuals + shrunk pair residual + Fox profile governance
3142989221,Shadow Price,Auto Rifle,Legendary,generated-core,"3436462433,2428997981",75,76,E,source-indicated,type mean + shrunk perk residuals + shrunk pair residual + Fox profile governance
3142989221,Shadow Price,Auto Rifle,Legendary,generated-fallback,,69,54,E,source-indicated,type prior minus fallback margin + Fox profile governance
1056103557,Shadow Price (Adept),Auto Rifle,Legendary,generated-core,"3643424744,3708227201",98,54,E,source-indicated,type mean + shrunk perk residuals + shrunk pair residual + Fox profile governance
1056103557,Shadow Price (Adept),Auto Rifle,Legendary,generated-core,"243981275,2173046394",98,51,E,source-indicated,type mean + shrunk perk residuals + shrunk pair residual + Fox profile governance
1056103557,Shadow Price (Adept),Auto Rifle,Legendary,generated-core,"243981275,3708227201",97,55,E,source-indicated,type mean + shrunk perk residuals + shrunk pair residual + Fox profile governance
1056103557,Shadow Price (Adept),Auto Rifle,Legendary,generated-core,"3436462433,1365187766",65,84,E,source-indicated,type mean + shrunk perk residuals + shrunk pair residual + Fox profile governance
1056103557,Shadow Price (Adept),Auto Rifle,Legendary,generated-core,"3436462433,2428997981",75,76,E,source-indicated,type mean + shrunk perk residuals + shrunk pair residual + Fox profile governance
1056103557,Shadow Price (Adept),Auto Rifle,Legendary,generated-fallback,,69,54,E,source-indicated,type prior minus fallback margin + Fox profile governance
2147010335,Shadow Price (Adept),Auto Rifle,Legendary,generated-core,"1354429876,4049631843",95,54,E,availability-unverified,type mean + shrunk perk residuals + shrunk pair residual + Fox profile governance
2147010335,Shadow Price (Adept),Auto Rifle,Legendary,generated-core,"3643424744,1683379515",94,59,E,availability-unverified,type mean + shrunk perk residuals + shrunk pair residual + Fox profile governance
2147010335,Shadow Price (Adept),Auto Rifle,Legendary,generated-core,"3643424744,4049631843",94,57,E,availability-unverified,type mean + shrunk perk residuals + shrunk pair residual + Fox profile governance
2147010335,Shadow Price (Adept),Auto Rifle,Legendary,generated-core,"2450788523,2726471870",73,81,E,availability-unverified,type mean + shrunk perk residuals + shrunk pair residual + Fox profile governance
2147010335,Shadow Price (Adept),Auto Rifle,Legendary,generated-core,"3436462433,2726471870",69,81,E,availability-unverified,type mean + shrunk perk residuals + shrunk pair residual + Fox profile governance
2147010335,Shadow Price (Adept),Auto Rifle,Legendary,generated-fallback,,69,54,E,availability-unverified,type prior minus fallback margin + Fox profile governance
775830132,Sorrow's Verse,Auto Rifle,Legendary,generated-core,"3418782618,2173046394",98,49,E,source-indicated,type mean + shrunk perk residuals + shrunk pair residual + Fox profile governance
775830132,Sorrow's Verse,Auto Rifle,Legendary,generated-core,"1820235745,2173046394",97,52,E,source-indicated,type mean + shrunk perk residuals + shrunk pair residual + Fox profile governance
775830132,Sorrow's Verse,Auto Rifle,Legendary,generated-core,"3418782618,3425386926",93,60,E,source-indicated,type mean + shrunk perk residuals + shrunk pair residual + Fox profile governance
775830132,Sorrow's Verse,Auto Rifle,Legendary,generated-core,"1359896290,365154968",61,90,E,source-indicated,type mean + shrunk perk residuals + shrunk pair residual + Fox profile governance
775830132,Sorrow's Verse,Auto Rifle,Legendary,generated-core,"1890422124,1015611457",61,90,E,source-indicated,type mean + shrunk perk residuals + shrunk pair residual + Fox profile governance
775830132,Sorrow's Verse,Auto Rifle,Legendary,generated-fallback,,69,54,E,source-indicated,type prior minus fallback margin + Fox profile governance
2557966895,Sorrow's Verse,Auto Rifle,Legendary,generated-core,"3418782618,2173046394",98,49,E,availability-unverified,type mean + shrunk perk residuals + shrunk pair residual + Fox profile governance
2557966895,Sorrow's Verse,Auto Rifle,Legendary,generated-core,"1820235745,2173046394",97,52,E,availability-unverified,type mean + shrunk perk residuals + shrunk pair residual + Fox profile governance
2557966895,Sorrow's Verse,Auto Rifle,Legendary,generated-core,"3418782618,3425386926",93,60,E,availability-unverified,type mean + shrunk perk residuals + shrunk pair residual + Fox profile governance
2557966895,Sorrow's Verse,Auto Rifle,Legendary,generated-core,"1359896290,365154968",61,90,E,availability-unverified,type mean + shrunk perk residuals + shrunk pair residual + Fox profile governance
2557966895,Sorrow's Verse,Auto Rifle,Legendary,generated-core,"1890422124,1015611457",61,90,E,availability-unverified,type mean + shrunk perk residuals + shrunk pair residual + Fox profile governance
2557966895,Sorrow's Verse,Auto Rifle,Legendary,generated-fallback,,69,54,E,availability-unverified,type prior minus fallback margin + Fox profile governance
771811870,Steelfeather Repeater,Auto Rifle,Legendary,generated-core,"2289534249,1226351311",98,51,E,source-indicated,type mean + shrunk perk residuals + shrunk pair residual + Fox profile governance
771811870,Steelfeather Repeater,Auto Rifle,Legendary,generated-core,"2289534249,1202584452",98,46,E,source-indicated,type mean + shrunk perk residuals + shrunk pair residual + Fox profile governance
771811870,Steelfeather Repeater,Auto Rifle,Legendary,generated-core,"1631667848,1226351311",96,52,E,source-indicated,type mean + shrunk perk residuals + shrunk pair residual + Fox profile governance
771811870,Steelfeather Repeater,Auto Rifle,Legendary,generated-core,"2039302152,1546637391",72,77,E,source-indicated,type mean + shrunk perk residuals + shrunk pair residual + Fox profile governance
771811870,Steelfeather Repeater,Auto Rifle,Legendary,generated-core,"2039302152,4082225868",69,77,E,source-indicated,type mean + shrunk perk residuals + shrunk pair residual + Fox profile governance
771811870,Steelfeather Repeater,Auto Rifle,Legendary,generated-fallback,,69,54,E,source-indicated,type prior minus fallback margin + Fox profile governance
1251729046,Steelfeather Repeater,Auto Rifle,Legendary,generated-core,"1631667848,3708227201",96,49,E,source-indicated,type mean + shrunk perk residuals + shrunk pair residual + Fox profile governance
1251729046,Steelfeather Repeater,Auto Rifle,Legendary,generated-core,"1820235745,3708227201",91,57,E,source-indicated,type mean + shrunk perk residuals + shrunk pair residual + Fox profile governance
1251729046,Steelfeather Repeater,Auto Rifle,Legendary,generated-core,"280464955,3708227201",88,63,E,source-indicated,type mean + shrunk perk residuals + shrunk pair residual + Fox profile governance
1251729046,Steelfeather Repeater,Auto Rifle,Legendary,generated-core,"2039302152,3511092054",67,80,E,source-indicated,type mean + shrunk perk residuals + shrunk pair residual + Fox profile governance
1251729046,Steelfeather Repeater,Auto Rifle,Legendary,generated-core,"2039302152,1546637391",72,77,E,source-indicated,type mean + shrunk perk residuals + shrunk pair residual + Fox profile governance
1251729046,Steelfeather Repeater,Auto Rifle,Legendary,generated-fallback,,69,54,E,source-indicated,type prior minus fallback margin + Fox profile governance
1690783811,The Forward Path,Auto Rifle,Legendary,generated-core,"1354429876,2458213969",90,58,E,source-indicated,type mean + shrunk perk residuals + shrunk pair residual + Fox profile governance
1690783811,The Forward Path,Auto Rifle,Legendary,generated-core,"1354429876,11551321",89,62,E,source-indicated,type mean + shrunk perk residuals + shrunk pair residual + Fox profile governance
1690783811,The Forward Path,Auto Rifle,Legendary,generated-core,"1354429876,4152709778",89,62,E,source-indicated,type mean + shrunk perk residuals + shrunk pair residual + Fox profile governance
1690783811,The Forward Path,Auto Rifle,Legendary,generated-core,"1359896290,1890422124",71,90,E,source-indicated,type mean + shrunk perk residuals + shrunk pair residual + Fox profile governance
1690783811,The Forward Path,Auto Rifle,Legendary,generated-core,"1866048759,1890422124",63,87,E,source-indicated,type mean + shrunk perk residuals + shrunk pair residual + Fox profile governance
1690783811,The Forward Path,Auto Rifle,Legendary,generated-fallback,,69,54,E,source-indicated,type prior minus fallback margin + Fox profile governance
507038823,The Last Breath,Auto Rifle,Legendary,generated-core,"3523296417,4049631843",95,57,E,source-indicated,type mean + shrunk perk residuals + shrunk pair residual + Fox profile governance
507038823,The Last Breath,Auto Rifle,Legendary,generated-core,"1820235745,4049631843",91,53,E,source-indicated,type mean + shrunk perk residuals + shrunk pair residual + Fox profile governance
507038823,The Last Breath,Auto Rifle,Legendary,generated-core,"2621346526,4049631843",89,60,E,source-indicated,type mean + shrunk perk residuals + shrunk pair residual + Fox profile governance
507038823,The Last Breath,Auto Rifle,Legendary,generated-core,"2450788523,588594999",71,84,E,source-indicated,type mean + shrunk perk residuals + shrunk pair residual + Fox profile governance
507038823,The Last Breath,Auto Rifle,Legendary,generated-core,"2450788523,2846385770",71,84,E,source-indicated,type mean + shrunk perk residuals + shrunk pair residual + Fox profile governance
507038823,The Last Breath,Auto Rifle,Legendary,generated-fallback,,69,54,E,source-indicated,type prior minus fallback margin + Fox profile governance
1503609584,The Last Breath,Auto Rifle,Legendary,generated-core,1359896290,75,76,E,source-indicated,type mean + shrunk perk residuals + shrunk pair residual + Fox profile governance
1503609584,The Last Breath,Auto Rifle,Legendary,generated-core,3161816588,75,76,E,source-indicated,type mean + shrunk perk residuals + shrunk pair residual + Fox profile governance
1503609584,The Last Breath,Auto Rifle,Legendary,generated-fallback,,69,54,E,source-indicated,type prior minus fallback margin + Fox profile governance
2492081469,The Number,Auto Rifle,Legendary,generated-core,"2869569095,4049631843",91,56,E,source-indicated,type mean + shrunk perk residuals + shrunk pair residual + Fox profile governance
2492081469,The Number,Auto Rifle,Legendary,generated-core,"205890336,4049631843",89,60,E,source-indicated,type mean + shrunk perk residuals + shrunk pair residual + Fox profile governance
2492081469,The Number,Auto Rifle,Legendary,generated-core,"2869569095,2458213969",86,60,E,source-indicated,type mean + shrunk perk residuals + shrunk pair residual + Fox profile governance
2492081469,The Number,Auto Rifle,Legendary,generated-core,"2450788523,2213355989",71,84,E,source-indicated,type mean + shrunk perk residuals + shrunk pair residual + Fox profile governance
2492081469,The Number,Auto Rifle,Legendary,generated-core,"1645158859,2213355989",67,84,E,source-indicated,type mean + shrunk perk residuals + shrunk pair residual + Fox profile governance
2492081469,The Number,Auto Rifle,Legendary,generated-fallback,,69,54,E,source-indicated,type prior minus fallback margin + Fox profile governance
93253474,The Ringing Nail,Auto Rifle,Legendary,generated-core,"2848615171,1683379515",92,59,E,source-indicated,type mean + shrunk perk residuals + shrunk pair residual + Fox profile governance
93253474,The Ringing Nail,Auto Rifle,Legendary,generated-core,"2848615171,3425386926",91,63,E,source-indicated,type mean + shrunk perk residuals + shrunk pair residual + Fox profile governance
93253474,The Ringing Nail,Auto Rifle,Legendary,generated-core,"706527188,1683379515",89,65,E,source-indicated,type mean + shrunk perk residuals + shrunk pair residual + Fox profile governance
93253474,The Ringing Nail,Auto Rifle,Legendary,generated-core,"2387244414,1015611457",61,90,E,source-indicated,type mean + shrunk perk residuals + shrunk pair residual + Fox profile governance
93253474,The Ringing Nail,Auto Rifle,Legendary,generated-core,"2387244414,1890422124",61,90,E,source-indicated,type mean + shrunk perk residuals + shrunk pair residual + Fox profile governance
93253474,The Ringing Nail,Auto Rifle,Legendary,generated-fallback,,69,54,E,source-indicated,type prior minus fallback margin + Fox profile governance
1907698332,The Summoner,Auto Rifle,Legendary,generated-core,"3643424744,3425386926",96,69,E,source-indicated,type mean + shrunk perk residuals + shrunk pair residual + Fox profile governance
1907698332,The Summoner,Auto Rifle,Legendary,generated-core,"3643424744,2848615171",93,60,E,source-indicated,type mean + shrunk perk residuals + shrunk pair residual + Fox profile governance
1907698332,The Summoner,Auto Rifle,Legendary,generated-core,"3643424744,3592538738",90,58,E,source-indicated,type mean + shrunk perk residuals + shrunk pair residual + Fox profile governance
1907698332,The Summoner,Auto Rifle,Legendary,generated-core,"588594999,2846385770",67,84,E,source-indicated,type mean + shrunk perk residuals + shrunk pair residual + Fox profile governance
1907698332,The Summoner,Auto Rifle,Legendary,generated-core,"1359896290,2846385770",67,84,E,source-indicated,type mean + shrunk perk residuals + shrunk pair residual + Fox profile governance
1907698332,The Summoner,Auto Rifle,Legendary,generated-fallback,,69,54,E,source-indicated,type prior minus fallback margin + Fox profile governance
3514144928,The Summoner (Adept),Auto Rifle,Legendary,generated-core,"3643424744,3425386926",96,69,E,source-indicated,type mean + shrunk perk residuals + shrunk pair residual + Fox profile governance
3514144928,The Summoner (Adept),Auto Rifle,Legendary,generated-core,"3643424744,2848615171",93,60,E,source-indicated,type mean + shrunk perk residuals + shrunk pair residual + Fox profile governance
3514144928,The Summoner (Adept),Auto Rifle,Legendary,generated-core,"3643424744,3592538738",90,58,E,source-indicated,type mean + shrunk perk residuals + shrunk pair residual + Fox profile governance
3514144928,The Summoner (Adept),Auto Rifle,Legendary,generated-core,"588594999,2846385770",67,84,E,source-indicated,type mean + shrunk perk residuals + shrunk pair residual + Fox profile governance
3514144928,The Summoner (Adept),Auto Rifle,Legendary,generated-core,"1359896290,2846385770",67,84,E,source-indicated,type mean + shrunk perk residuals + shrunk pair residual + Fox profile governance
3514144928,The Summoner (Adept),Auto Rifle,Legendary,generated-fallback,,69,54,E,source-indicated,type prior minus fallback margin + Fox profile governance
640114618,Tigerspite,Auto Rifle,Legendary,generated-core,"3643424744,1631667848",93,57,E,source-indicated,type mean + shrunk perk residuals + shrunk pair residual + Fox profile governance
640114618,Tigerspite,Auto Rifle,Legendary,generated-core,"1820235745,1631667848",92,55,E,source-indicated,type mean + shrunk perk residuals + shrunk pair residual + Fox profile governance
640114618,Tigerspite,Auto Rifle,Legendary,generated-core,"1168162263,1631667848",92,53,E,source-indicated,type mean + shrunk perk residuals + shrunk pair residual + Fox profile governance
640114618,Tigerspite,Auto Rifle,Legendary,generated-core,"1015611457,1866048759",61,90,E,source-indicated,type mean + shrunk perk residuals + shrunk pair residual + Fox profile governance
640114618,Tigerspite,Auto Rifle,Legendary,generated-core,"1015611457,2846385770",61,90,E,source-indicated,type mean + shrunk perk residuals + shrunk pair residual + Fox profile governance
640114618,Tigerspite,Auto Rifle,Legendary,generated-fallback,,69,54,E,source-indicated,type prior minus fallback margin + Fox profile governance
1709137958,Tigerspite,Auto Rifle,Legendary,generated-core,"3700496672,1226351311",98,52,E,source-indicated,type mean + shrunk perk residuals + shrunk pair residual + Fox profile governance
1709137958,Tigerspite,Auto Rifle,Legendary,generated-core,"2289534249,1226351311",98,51,E,source-indicated,type mean + shrunk perk residuals + shrunk pair residual + Fox profile governance
1709137958,Tigerspite,Auto Rifle,Legendary,generated-core,"1517798362,1226351311",98,49,E,source-indicated,type mean + shrunk perk residuals + shrunk pair residual + Fox profile governance
1709137958,Tigerspite,Auto Rifle,Legendary,generated-core,"588594999,699525795",61,90,E,source-indicated,type mean + shrunk perk residuals + shrunk pair residual + Fox profile governance
1709137958,Tigerspite,Auto Rifle,Legendary,generated-core,"588594999,1015611457",67,84,E,source-indicated,type mean + shrunk perk residuals + shrunk pair residual + Fox profile governance
1709137958,Tigerspite,Auto Rifle,Legendary,generated-fallback,,69,54,E,source-indicated,type prior minus fallback margin + Fox profile governance
2863808104,Trendsetter,Auto Rifle,Legendary,generated-core,"1115162408,3425386926",98,68,E,source-indicated,type mean + shrunk perk residuals + shrunk pair residual + Fox profile governance
2863808104,Trendsetter,Auto Rifle,Legendary,generated-core,"1511100135,3966416502",98,65,E,source-indicated,type mean + shrunk perk residuals + shrunk pair residual + Fox profile governance
2863808104,Trendsetter,Auto Rifle,Legendary,generated-core,"1115162408,3966416502",98,59,E,source-indicated,type mean + shrunk perk residuals + shrunk pair residual + Fox profile governance
2863808104,Trendsetter,Auto Rifle,Legendary,generated-core,"1359896290,1890422124",71,90,E,source-indicated,type mean + shrunk perk residuals + shrunk pair residual + Fox profile governance
2863808104,Trendsetter,Auto Rifle,Legendary,generated-core,"1359896290,2387244414",62,89,E,source-indicated,type mean + shrunk perk residuals + shrunk pair residual + Fox profile governance
2863808104,Trendsetter,Auto Rifle,Legendary,generated-fallback,,69,54,E,source-indicated,type prior minus fallback margin + Fox profile governance
3863882743,Uriel's Gift,Auto Rifle,Legendary,generated-core,"1631667848,1683379515",93,55,E,source-indicated,type mean + shrunk perk residuals + shrunk pair residual + Fox profile governance
3863882743,Uriel's Gift,Auto Rifle,Legendary,generated-core,"3400784728,1683379515",91,59,E,source-indicated,type mean + shrunk perk residuals + shrunk pair residual + Fox profile governance
3863882743,Uriel's Gift,Auto Rifle,Legendary,generated-core,"2869569095,1683379515",90,58,E,source-indicated,type mean + shrunk perk residuals + shrunk pair residual + Fox profile governance
3863882743,Uriel's Gift,Auto Rifle,Legendary,generated-core,"1359896290,1890422124",71,90,E,source-indicated,type mean + shrunk perk residuals + shrunk pair residual + Fox profile governance
3863882743,Uriel's Gift,Auto Rifle,Legendary,generated-core,"1359896290,588594999",67,84,E,source-indicated,type mean + shrunk perk residuals + shrunk pair residual + Fox profile governance
3863882743,Uriel's Gift,Auto Rifle,Legendary,generated-fallback,,69,54,E,source-indicated,type prior minus fallback margin + Fox profile governance
1518042135,Valakadyn,Auto Rifle,Legendary,generated-core,"3300816228,1631667848",93,59,E,source-indicated,type mean + shrunk perk residuals + shrunk pair residual + Fox profile governance
1518042135,Valakadyn,Auto Rifle,Legendary,generated-core,"1168162263,1631667848",92,53,E,source-indicated,type mean + shrunk perk residuals + shrunk pair residual + Fox profile governance
1518042135,Valakadyn,Auto Rifle,Legendary,generated-core,"3300816228,3425386926",91,66,E,source-indicated,type mean + shrunk perk residuals + shrunk pair residual + Fox profile governance
1518042135,Valakadyn,Auto Rifle,Legendary,generated-core,"1359896290,2213355989",61,90,E,source-indicated,type mean + shrunk perk residuals + shrunk pair residual + Fox profile governance
1518042135,Valakadyn,Auto Rifle,Legendary,generated-core,"1890422124,1015611457",61,90,E,source-indicated,type mean + shrunk perk residuals + shrunk pair residual + Fox profile governance
1518042135,Valakadyn,Auto Rifle,Legendary,generated-fallback,,69,54,E,source-indicated,type prior minus fallback margin + Fox profile governance
4095896073,Accrued Redemption,Combat Bow,Legendary,generated-core,"706527188,3425386926",90,66,E,source-indicated,type mean + shrunk perk residuals + shrunk pair residual + Fox profile governance
4095896073,Accrued Redemption,Combat Bow,Legendary,generated-core,"201365942,3425386926",86,67,E,source-indicated,type mean + shrunk perk residuals + shrunk pair residual + Fox profile governance
4095896073,Accrued Redemption,Combat Bow,Legendary,generated-core,"2866798147,3425386926",83,68,E,source-indicated,type mean + shrunk perk residuals + shrunk pair residual + Fox profile governance
4095896073,Accrued Redemption,Combat Bow,Legendary,generated-core,"2846385770,588594999",69,82,E,source-indicated,type mean + shrunk perk residuals + shrunk pair residual + Fox profile governance
4095896073,Accrued Redemption,Combat Bow,Legendary,generated-core,"2846385770,247725512",69,80,E,source-indicated,type mean + shrunk perk residuals + shrunk pair residual + Fox profile governance
4095896073,Accrued Redemption,Combat Bow,Legendary,generated-fallback,,69,52,E,source-indicated,type prior minus fallback margin + Fox profile governance
1621657423,Biting Winds,Combat Bow,Legendary,generated-core,"706527188,3108830275",85,68,E,source-indicated,type mean + shrunk perk residuals + shrunk pair residual + Fox profile governance
1621657423,Biting Winds,Combat Bow,Legendary,generated-core,"706527188,3350417888",85,65,E,source-indicated,type mean + shrunk perk residuals + shrunk pair residual + Fox profile governance
1621657423,Biting Winds,Combat Bow,Legendary,generated-core,"706527188,3365897133",82,70,E,source-indicated,type mean + shrunk perk residuals + shrunk pair residual + Fox profile governance
1621657423,Biting Winds,Combat Bow,Legendary,generated-core,"2450788523,2846385770",73,82,E,source-indicated,type mean + shrunk perk residuals + shrunk pair residual + Fox profile governance
1621657423,Biting Winds,Combat Bow,Legendary,generated-core,"588594999,2846385770",69,82,E,source-indicated,type mean + shrunk perk residuals + shrunk pair residual + Fox profile governance
1621657423,Biting Winds,Combat Bow,Legendary,generated-fallback,,69,52,E,source-indicated,type prior minus fallback margin + Fox profile governance
2271714488,Convened Recurve,Combat Bow,Legendary,generated-core,"1134488199,1464081238",98,52,E,availability-unverified,type mean + shrunk perk residuals + shrunk pair residual + Fox profile governance
2271714488,Convened Recurve,Combat Bow,Legendary,generated-core,"1134488199,2048641572",98,52,E,availability-unverified,type mean + shrunk perk residuals + shrunk pair residual + Fox profile governance
2271714488,Convened Recurve,Combat Bow,Legendary,generated-core,"776531651,3764420437",98,51,E,availability-unverified,type mean + shrunk perk residuals + shrunk pair residual + Fox profile governance
2271714488,Convened Recurve,Combat Bow,Legendary,generated-core,"588594999,3673922083",63,87,E,availability-unverified,type mean + shrunk perk residuals + shrunk pair residual + Fox profile governance
2271714488,Convened Recurve,Combat Bow,Legendary,generated-core,"588594999,957782887",67,81,E,availability-unverified,type mean + shrunk perk residuals + shrunk pair residual + Fox profile governance
2271714488,Convened Recurve,Combat Bow,Legendary,generated-fallback,,69,52,E,availability-unverified,type prior minus fallback margin + Fox profile governance
3667861447,Convened Recurve,Combat Bow,Legendary,generated-core,"1134488199,1464081238",98,52,E,source-indicated,type mean + shrunk perk residuals + shrunk pair residual + Fox profile governance
3667861447,Convened Recurve,Combat Bow,Legendary,generated-core,"1134488199,2048641572",98,52,E,source-indicated,type mean + shrunk perk residuals + shrunk pair residual + Fox profile governance
3667861447,Convened Recurve,Combat Bow,Legendary,generated-core,"776531651,3764420437",98,51,E,source-indicated,type mean + shrunk perk residuals + shrunk pair residual + Fox profile governance
3667861447,Convened Recurve,Combat Bow,Legendary,generated-core,"588594999,3673922083",63,87,E,source-indicated,type mean + shrunk perk residuals + shrunk pair residual + Fox profile governance
3667861447,Convened Recurve,Combat Bow,Legendary,generated-core,"588594999,957782887",67,81,E,source-indicated,type mean + shrunk perk residuals + shrunk pair residual + Fox profile governance
3667861447,Convened Recurve,Combat Bow,Legendary,generated-fallback,,69,52,E,source-indicated,type prior minus fallback margin + Fox profile governance
1175295126,Hushed Whisper,Combat Bow,Legendary,generated-core,"960997401,3324494224",98,53,E,source-indicated,type mean + shrunk perk residuals + shrunk pair residual + Fox profile governance
1175295126,Hushed Whisper,Combat Bow,Legendary,generated-core,"960997401,3764420437",98,51,E,source-indicated,type mean + shrunk perk residuals + shrunk pair residual + Fox profile governance
1175295126,Hushed Whisper,Combat Bow,Legendary,generated-core,"923806249,3764420437",98,50,E,source-indicated,type mean + shrunk perk residuals + shrunk pair residual + Fox profile governance
1175295126,Hushed Whisper,Combat Bow,Legendary,generated-core,"2579169598,555281244",76,84,E,source-indicated,type mean + shrunk perk residuals + shrunk pair residual + Fox profile governance
1175295126,Hushed Whisper,Combat Bow,Legendary,generated-core,"951095735,555281244",79,78,E,source-indicated,type mean + shrunk perk residuals + shrunk pair residual + Fox profile governance
1175295126,Hushed Whisper,Combat Bow,Legendary,generated-fallback,,69,52,E,source-indicated,type prior minus fallback margin + Fox profile governance
3574168117,Hushed Whisper,Combat Bow,Legendary,generated-core,"960997401,3324494224",98,53,E,availability-unverified,type mean + shrunk perk residuals + shrunk pair residual + Fox profile governance
3574168117,Hushed Whisper,Combat Bow,Legendary,generated-core,"960997401,3764420437",98,51,E,availability-unverified,type mean + shrunk perk residuals + shrunk pair residual + Fox profile governance
3574168117,Hushed Whisper,Combat Bow,Legendary,generated-core,"923806249,3764420437",98,50,E,availability-unverified,type mean + shrunk perk residuals + shrunk pair residual + Fox profile governance
3574168117,Hushed Whisper,Combat Bow,Legendary,generated-core,"2579169598,555281244",76,84,E,availability-unverified,type mean + shrunk perk residuals + shrunk pair residual + Fox profile governance
3574168117,Hushed Whisper,Combat Bow,Legendary,generated-core,"951095735,555281244",79,78,E,availability-unverified,type mean + shrunk perk residuals + shrunk pair residual + Fox profile governance
3574168117,Hushed Whisper,Combat Bow,Legendary,generated-fallback,,69,52,E,availability-unverified,type prior minus fallback margin + Fox profile governance
3460122497,Imperial Needle,Combat Bow,Legendary,generated-core,"706527188,4104185692",86,63,E,source-indicated,type mean + shrunk perk residuals + shrunk pair residual + Fox profile governance
3460122497,Imperial Needle,Combat Bow,Legendary,generated-core,"706527188,3592538738",86,62,E,source-indicated,type mean + shrunk perk residuals + shrunk pair residual + Fox profile governance
3460122497,Imperial Needle,Combat Bow,Legendary,generated-core,"706527188,3350417888",85,65,E,source-indicated,type mean + shrunk perk residuals + shrunk pair residual + Fox profile governance
3460122497,Imperial Needle,Combat Bow,Legendary,generated-core,"2450788523,47981717",73,82,E,source-indicated,type mean + shrunk perk residuals + shrunk pair residual + Fox profile governance
3460122497,Imperial Needle,Combat Bow,Legendary,generated-core,"951095735,47981717",69,82,E,source-indicated,type mean + shrunk perk residuals + shrunk pair residual + Fox profile governance
3460122497,Imperial Needle,Combat Bow,Legendary,generated-fallback,,69,52,E,source-indicated,type prior minus fallback margin + Fox profile governance
720351794,No Turning Back,Combat Bow,Legendary,generated-core,3365897133,81,68,E,source-indicated,type mean + shrunk perk residuals + shrunk pair residual + Fox profile governance
720351794,No Turning Back,Combat Bow,Legendary,generated-core,957782887,81,67,E,source-indicated,type mean + shrunk perk residuals + shrunk pair residual + Fox profile governance
720351794,No Turning Back,Combat Bow,Legendary,generated-fallback,,69,52,E,source-indicated,type prior minus fallback margin + Fox profile governance
1553681400,Opaque Hourglass,Combat Bow,Legendary,generated-core,"3824105627,1089671869",98,47,E,source-indicated,type mean + shrunk perk residuals + shrunk pair residual + Fox profile governance
1553681400,Opaque Hourglass,Combat Bow,Legendary,generated-core,"2869569095,3081867624",97,54,E,source-indicated,type mean + shrunk perk residuals + shrunk pair residual + Fox profile governance
1553681400,Opaque Hourglass,Combat Bow,Legendary,generated-core,"3218042543,2848615171",97,52,E,source-indicated,type mean + shrunk perk residuals + shrunk pair residual + Fox profile governance
1553681400,Opaque Hourglass,Combat Bow,Legendary,generated-core,"951095735,1546637391",69,80,E,source-indicated,type mean + shrunk perk residuals + shrunk pair residual + Fox profile governance
1553681400,Opaque Hourglass,Combat Bow,Legendary,generated-core,"951095735,1546142478",77,74,E,source-indicated,type mean + shrunk perk residuals + shrunk pair residual + Fox profile governance
1553681400,Opaque Hourglass,Combat Bow,Legendary,generated-fallback,,69,52,E,source-indicated,type prior minus fallback margin + Fox profile governance
3434944005,Point of the Stag,Combat Bow,Legendary,generated-core,"201365942,1546637391",80,68,E,source-indicated,type mean + shrunk perk residuals + shrunk pair residual + Fox profile governance
3434944005,Point of the Stag,Combat Bow,Legendary,generated-core,"2866798147,1546637391",77,70,E,source-indicated,type mean + shrunk perk residuals + shrunk pair residual + Fox profile governance
3434944005,Point of the Stag,Combat Bow,Legendary,generated-core,"201365942,699525795",75,76,E,source-indicated,type mean + shrunk perk residuals + shrunk pair residual + Fox profile governance
3434944005,Point of the Stag,Combat Bow,Legendary,generated-core,"2866798147,699525795",72,77,E,source-indicated,type mean + shrunk perk residuals + shrunk pair residual + Fox profile governance
3434944005,Point of the Stag,Combat Bow,Legendary,generated-fallback,,69,52,E,source-indicated,type prior minus fallback margin + Fox profile governance
2932922810,Pre Astyanax IV,Combat Bow,Legendary,generated-core,"243981275,3708227201",98,52,E,source-indicated,type mean + shrunk perk residuals + shrunk pair residual + Fox profile governance
2932922810,Pre Astyanax IV,Combat Bow,Legendary,generated-core,"243981275,4293542123",98,46,E,source-indicated,type mean + shrunk perk residuals + shrunk pair residual + Fox profile governance
2932922810,Pre Astyanax IV,Combat Bow,Legendary,generated-core,"3700496672,4293542123",98,46,E,source-indicated,type mean + shrunk perk residuals + shrunk pair residual + Fox profile governance
2932922810,Pre Astyanax IV,Combat Bow,Legendary,generated-core,"3938834702,3365897133",67,82,E,source-indicated,type mean + shrunk perk residuals + shrunk pair residual + Fox profile governance
2932922810,Pre Astyanax IV,Combat Bow,Legendary,generated-core,"47981717,2652708987",69,80,E,source-indicated,type mean + shrunk perk residuals + shrunk pair residual + Fox profile governance
2932922810,Pre Astyanax IV,Combat Bow,Legendary,generated-fallback,,69,52,E,source-indicated,type prior minus fallback margin + Fox profile governance
496556698,Pre Astyanax IV (Adept),Combat Bow,Legendary,generated-core,"3700496672,3324494224",98,54,E,availability-unverified,type mean + shrunk perk residuals + shrunk pair residual + Fox profile governance
496556698,Pre Astyanax IV (Adept),Combat Bow,Legendary,generated-core,"3700496672,4293542123",98,46,E,availability-unverified,type mean + shrunk perk residuals + shrunk pair residual + Fox profile governance
496556698,Pre Astyanax IV (Adept),Combat Bow,Legendary,generated-core,"3700496672,555281244",97,60,E,availability-unverified,type mean + shrunk perk residuals + shrunk pair residual + Fox profile governance
496556698,Pre Astyanax IV (Adept),Combat Bow,Legendary,generated-core,"1428297954,47981717",63,88,E,availability-unverified,type mean + shrunk perk residuals + shrunk pair residual + Fox profile governance
496556698,Pre Astyanax IV (Adept),Combat Bow,Legendary,generated-core,"2272927194,2652708987",63,86,E,availability-unverified,type mean + shrunk perk residuals + shrunk pair residual + Fox profile governance
496556698,Pre Astyanax IV (Adept),Combat Bow,Legendary,generated-fallback,,69,52,E,availability-unverified,type prior minus fallback margin + Fox profile governance
2591241074,Strident Whistle,Combat Bow,Legendary,generated-core,"3700496672,2848615171",98,51,E,source-indicated,type mean + shrunk perk residuals + shrunk pair residual + Fox profile governance
2591241074,Strident Whistle,Combat Bow,Legendary,generated-core,"3700496672,4293542123",98,46,E,source-indicated,type mean + shrunk perk residuals + shrunk pair residual + Fox profile governance
2591241074,Strident Whistle,Combat Bow,Legendary,generated-core,"3700496672,3425386926",97,56,E,source-indicated,type mean + shrunk perk residuals + shrunk pair residual + Fox profile governance
2591241074,Strident Whistle,Combat Bow,Legendary,generated-core,"1428297954,47981717",63,88,E,source-indicated,type mean + shrunk perk residuals + shrunk pair residual + Fox profile governance
2591241074,Strident Whistle,Combat Bow,Legendary,generated-core,"588594999,47981717",63,87,E,source-indicated,type mean + shrunk perk residuals + shrunk pair residual + Fox profile governance
2591241074,Strident Whistle,Combat Bow,Legendary,generated-fallback,,69,52,E,source-indicated,type prior minus fallback margin + Fox profile governance
1724104236,Submersion,Combat Bow,Legendary,generated-core,"4042220767,3764420437",98,56,E,availability-unverified,type mean + shrunk perk residuals + shrunk pair residual + Fox profile governance
1724104236,Submersion,Combat Bow,Legendary,generated-core,"3300816228,3764420437",98,53,E,availability-unverified,type mean + shrunk perk residuals + shrunk pair residual + Fox profile governance
1724104236,Submersion,Combat Bow,Legendary,generated-core,"3300816228,2978966579",96,72,E,availability-unverified,type mean + shrunk perk residuals + shrunk pair residual + Fox profile governance
1724104236,Submersion,Combat Bow,Legendary,generated-core,"951095735,2978966579",71,81,E,availability-unverified,type mean + shrunk perk residuals + shrunk pair residual + Fox profile governance
1724104236,Submersion,Combat Bow,Legendary,generated-core,"951095735,2319119708",77,74,E,availability-unverified,type mean + shrunk perk residuals + shrunk pair residual + Fox profile governance
1724104236,Submersion,Combat Bow,Legendary,generated-fallback,,69,52,E,availability-unverified,type prior minus fallback margin + Fox profile governance
3410721600,Subtle Calamity,Combat Bow,Legendary,generated-core,"2848615171,3425386926",93,60,E,source-indicated,type mean + shrunk perk residuals + shrunk pair residual + Fox profile governance
3410721600,Subtle Calamity,Combat Bow,Legendary,generated-core,"706527188,3425386926",90,66,E,source-indicated,type mean + shrunk perk residuals + shrunk pair residual + Fox profile governance
3410721600,Subtle Calamity,Combat Bow,Legendary,generated-core,"2848615171,201365942",90,60,E,source-indicated,type mean + shrunk perk residuals + shrunk pair residual + Fox profile governance
3410721600,Subtle Calamity,Combat Bow,Legendary,generated-core,"1866048759,3365897133",67,82,E,source-indicated,type mean + shrunk perk residuals + shrunk pair residual + Fox profile governance
3410721600,Subtle Calamity,Combat Bow,Legendary,generated-core,"201365942,3365897133",73,77,E,source-indicated,type mean + shrunk perk residuals + shrunk pair residual + Fox profile governance
3410721600,Subtle Calamity,Combat Bow,Legendary,generated-fallback,,69,52,E,source-indicated,type prior minus fallback margin + Fox profile governance
421573768,The Spiteful Fang,Combat Bow,Legendary,generated-core,"908147344,3425386926",89,64,E,source-indicated,type mean + shrunk perk residuals + shrunk pair residual + Fox profile governance
421573768,The Spiteful Fang,Combat Bow,Legendary,generated-core,"3722653512,3425386926",89,64,E,source-indicated,type mean + shrunk perk residuals + shrunk pair residual + Fox profile governance
421573768,The Spiteful Fang,Combat Bow,Legendary,generated-core,"201365942,3425386926",86,67,E,source-indicated,type mean + shrunk perk residuals + shrunk pair residual + Fox profile governance
421573768,The Spiteful Fang,Combat Bow,Legendary,generated-core,"588594999,1866048759",69,82,E,source-indicated,type mean + shrunk perk residuals + shrunk pair residual + Fox profile governance
421573768,The Spiteful Fang,Combat Bow,Legendary,generated-core,"2846385770,1866048759",69,82,E,source-indicated,type mean + shrunk perk residuals + shrunk pair residual + Fox profile governance
421573768,The Spiteful Fang,Combat Bow,Legendary,generated-fallback,,69,52,E,source-indicated,type prior minus fallback margin + Fox profile governance
2721249463,Tyranny of Heaven,Combat Bow,Legendary,generated-core,"201365942,2848615171",90,60,E,source-indicated,type mean + shrunk perk residuals + shrunk pair residual + Fox profile governance
2721249463,Tyranny of Heaven,Combat Bow,Legendary,generated-core,"908147344,3425386926",89,64,E,source-indicated,type mean + shrunk perk residuals + shrunk pair residual + Fox profile governance
2721249463,Tyranny of Heaven,Combat Bow,Legendary,generated-core,"908147344,2848615171",89,61,E,source-indicated,type mean + shrunk perk residuals + shrunk pair residual + Fox profile governance
2721249463,Tyranny of Heaven,Combat Bow,Legendary,generated-core,"588594999,957782887",67,81,E,source-indicated,type mean + shrunk perk residuals + shrunk pair residual + Fox profile governance
2721249463,Tyranny of Heaven,Combat Bow,Legendary,generated-core,"201365942,3365897133",73,77,E,source-indicated,type mean + shrunk perk residuals + shrunk pair residual + Fox profile governance
2721249463,Tyranny of Heaven,Combat Bow,Legendary,generated-fallback,,69,52,E,source-indicated,type prior minus fallback margin + Fox profile governance
211938782,Whispering Slab,Combat Bow,Legendary,generated-core,"706527188,3523296417",86,66,E,source-indicated,type mean + shrunk perk residuals + shrunk pair residual + Fox profile governance
211938782,Whispering Slab,Combat Bow,Legendary,generated-core,"706527188,3108830275",85,68,E,source-indicated,type mean + shrunk perk residuals + shrunk pair residual + Fox profile governance
211938782,Whispering Slab,Combat Bow,Legendary,generated-core,"280464955,3523296417",85,65,E,source-indicated,type mean + shrunk perk residuals + shrunk pair residual + Fox profile governance
211938782,Whispering Slab,Combat Bow,Legendary,generated-core,"2450788523,47981717",73,82,E,source-indicated,type mean + shrunk perk residuals + shrunk pair residual + Fox profile governance
211938782,Whispering Slab,Combat Bow,Legendary,generated-core,"1866048759,47981717",69,82,E,source-indicated,type mean + shrunk perk residuals + shrunk pair residual + Fox profile governance
211938782,Whispering Slab,Combat Bow,Legendary,generated-fallback,,69,52,E,source-indicated,type prior minus fallback margin + Fox profile governance
1574601402,Whistler's Whim,Combat Bow,Legendary,generated-core,"1799762209,201365942",87,62,E,availability-unverified,type mean + shrunk perk residuals + shrunk pair residual + Fox profile governance
1574601402,Whistler's Whim,Combat Bow,Legendary,generated-core,"1799762209,11612903",86,60,E,availability-unverified,type mean + shrunk perk residuals + shrunk pair residual + Fox profile governance
1574601402,Whistler's Whim,Combat Bow,Legendary,generated-core,"1799762209,1365187766",84,64,E,availability-unverified,type mean + shrunk perk residuals + shrunk pair residual + Fox profile governance
1574601402,Whistler's Whim,Combat Bow,Legendary,generated-core,"2846385770,1015611457",63,88,E,availability-unverified,type mean + shrunk perk residuals + shrunk pair residual + Fox profile governance
1574601402,Whistler's Whim,Combat Bow,Legendary,generated-core,"2450788523,1015611457",67,87,E,availability-unverified,type mean + shrunk perk residuals + shrunk pair residual + Fox profile governance
1574601402,Whistler's Whim,Combat Bow,Legendary,generated-fallback,,69,52,E,availability-unverified,type prior minus fallback margin + Fox profile governance
3165143747,Whistler's Whim,Combat Bow,Legendary,generated-core,"1799762209,201365942",87,62,E,source-indicated,type mean + shrunk perk residuals + shrunk pair residual + Fox profile governance
3165143747,Whistler's Whim,Combat Bow,Legendary,generated-core,"1799762209,11612903",86,60,E,source-indicated,type mean + shrunk perk residuals + shrunk pair residual + Fox profile governance
3165143747,Whistler's Whim,Combat Bow,Legendary,generated-core,"1799762209,1365187766",84,64,E,source-indicated,type mean + shrunk perk residuals + shrunk pair residual + Fox profile governance
3165143747,Whistler's Whim,Combat Bow,Legendary,generated-core,"2846385770,1015611457",63,88,E,source-indicated,type mean + shrunk perk residuals + shrunk pair residual + Fox profile governance
3165143747,Whistler's Whim,Combat Bow,Legendary,generated-core,"2450788523,1015611457",67,87,E,source-indicated,type mean + shrunk perk residuals + shrunk pair residual + Fox profile governance
3165143747,Whistler's Whim,Combat Bow,Legendary,generated-fallback,,69,52,E,source-indicated,type prior minus fallback margin + Fox profile governance
161675590,Whistler's Whim (Adept),Combat Bow,Legendary,generated-core,"1799762209,201365942",87,62,E,source-indicated,type mean + shrunk perk residuals + shrunk pair residual + Fox profile governance
161675590,Whistler's Whim (Adept),Combat Bow,Legendary,generated-core,"1799762209,11612903",86,60,E,source-indicated,type mean + shrunk perk residuals + shrunk pair residual + Fox profile governance
161675590,Whistler's Whim (Adept),Combat Bow,Legendary,generated-core,"1799762209,1365187766",84,64,E,source-indicated,type mean + shrunk perk residuals + shrunk pair residual + Fox profile governance
161675590,Whistler's Whim (Adept),Combat Bow,Legendary,generated-core,"2846385770,1015611457",63,88,E,source-indicated,type mean + shrunk perk residuals + shrunk pair residual + Fox profile governance
161675590,Whistler's Whim (Adept),Combat Bow,Legendary,generated-core,"2450788523,1015611457",67,87,E,source-indicated,type mean + shrunk perk residuals + shrunk pair residual + Fox profile governance
161675590,Whistler's Whim (Adept),Combat Bow,Legendary,generated-fallback,,69,52,E,source-indicated,type prior minus fallback margin + Fox profile governance
711889599,Whistler's Whim (Adept),Combat Bow,Legendary,generated-core,"1799762209,201365942",87,62,E,availability-unverified,type mean + shrunk perk residuals + shrunk pair residual + Fox profile governance
711889599,Whistler's Whim (Adept),Combat Bow,Legendary,generated-core,"1799762209,11612903",86,60,E,availability-unverified,type mean + shrunk perk residuals + shrunk pair residual + Fox profile governance
711889599,Whistler's Whim (Adept),Combat Bow,Legendary,generated-core,"1799762209,1365187766",84,64,E,availability-unverified,type mean + shrunk perk residuals + shrunk pair residual + Fox profile governance
711889599,Whistler's Whim (Adept),Combat Bow,Legendary,generated-core,"2846385770,1015611457",63,88,E,availability-unverified,type mean + shrunk perk residuals + shrunk pair residual + Fox profile governance
711889599,Whistler's Whim (Adept),Combat Bow,Legendary,generated-core,"2450788523,1015611457",67,87,E,availability-unverified,type mean + shrunk perk residuals + shrunk pair residual + Fox profile governance
711889599,Whistler's Whim (Adept),Combat Bow,Legendary,generated-fallback,,69,52,E,availability-unverified,type prior minus fallback margin + Fox profile governance
3472875143,Wolftone Draw,Combat Bow,Legendary,generated-core,"3700496672,2848615171",98,51,E,source-indicated,type mean + shrunk perk residuals + shrunk pair residual + Fox profile governance
3472875143,Wolftone Draw,Combat Bow,Legendary,generated-core,"3700496672,1799762209",97,51,E,source-indicated,type mean + shrunk perk residuals + shrunk pair residual + Fox profile governance
3472875143,Wolftone Draw,Combat Bow,Legendary,generated-core,"3700496672,3523296417",94,55,E,source-indicated,type mean + shrunk perk residuals + shrunk pair residual + Fox profile governance
3472875143,Wolftone Draw,Combat Bow,Legendary,generated-core,"4071163871,438098033",65,83,E,source-indicated,type mean + shrunk perk residuals + shrunk pair residual + Fox profile governance
3472875143,Wolftone Draw,Combat Bow,Legendary,generated-core,"951095735,3673922083",69,82,E,source-indicated,type mean + shrunk perk residuals + shrunk pair residual + Fox profile governance
3472875143,Wolftone Draw,Combat Bow,Legendary,generated-fallback,,69,52,E,source-indicated,type prior minus fallback margin + Fox profile governance
3786215462,Aurvandil FR6,Fusion Rifle,Legendary,generated-core,"1523832109,4049631843",84,53,E,source-indicated,type mean + shrunk perk residuals + shrunk pair residual + Fox profile governance
3786215462,Aurvandil FR6,Fusion Rifle,Legendary,generated-core,"1820235745,4049631843",81,54,E,source-indicated,type mean + shrunk perk residuals + shrunk pair residual + Fox profile governance
3786215462,Aurvandil FR6,Fusion Rifle,Legendary,generated-core,"1523832109,2610012052",78,63,E,source-indicated,type mean + shrunk perk residuals + shrunk pair residual + Fox profile governance
3786215462,Aurvandil FR6,Fusion Rifle,Legendary,generated-core,"1866048759,3511092054",56,81,E,source-indicated,type mean + shrunk perk residuals + shrunk pair residual + Fox profile governance
3786215462,Aurvandil FR6,Fusion Rifle,Legendary,generated-core,"2039302152,3511092054",56,81,E,source-indicated,type mean + shrunk perk residuals + shrunk pair residual + Fox profile governance
3786215462,Aurvandil FR6,Fusion Rifle,Legendary,generated-fallback,,58,55,E,source-indicated,type prior minus fallback margin + Fox profile governance
933455006,Burden of Guilt,Fusion Rifle,Legendary,generated-core,"744594675,2978966579",72,70,E,source-indicated,type mean + shrunk perk residuals + shrunk pair residual + Fox profile governance
933455006,Burden of Guilt,Fusion Rifle,Legendary,generated-core,"1583705720,2978966579",71,68,E,source-indicated,type mean + shrunk perk residuals + shrunk pair residual + Fox profile governance
933455006,Burden of Guilt,Fusion Rifle,Legendary,generated-core,"744594675,1546637391",70,70,E,source-indicated,type mean + shrunk perk residuals + shrunk pair residual + Fox profile governance
933455006,Burden of Guilt,Fusion Rifle,Legendary,generated-core,"2450788523,2213355989",61,85,E,source-indicated,type mean + shrunk perk residuals + shrunk pair residual + Fox profile governance
933455006,Burden of Guilt,Fusion Rifle,Legendary,generated-core,"1428297954,2213355989",56,85,E,source-indicated,type mean + shrunk perk residuals + shrunk pair residual + Fox profile governance
933455006,Burden of Guilt,Fusion Rifle,Legendary,generated-fallback,,58,55,E,source-indicated,type prior minus fallback margin + Fox profile governance
2002522739,Burden of Guilt (Adept),Fusion Rifle,Legendary,generated-core,"744594675,2978966579",72,70,E,source-indicated,type mean + shrunk perk residuals + shrunk pair residual + Fox profile governance
2002522739,Burden of Guilt (Adept),Fusion Rifle,Legendary,generated-core,"1583705720,2978966579",71,68,E,source-indicated,type mean + shrunk perk residuals + shrunk pair residual + Fox profile governance
2002522739,Burden of Guilt (Adept),Fusion Rifle,Legendary,generated-core,"744594675,1546637391",70,70,E,source-indicated,type mean + shrunk perk residuals + shrunk pair residual + Fox profile governance
2002522739,Burden of Guilt (Adept),Fusion Rifle,Legendary,generated-core,"2450788523,2213355989",61,85,E,source-indicated,type mean + shrunk perk residuals + shrunk pair residual + Fox profile governance
2002522739,Burden of Guilt (Adept),Fusion Rifle,Legendary,generated-core,"1428297954,2213355989",56,85,E,source-indicated,type mean + shrunk perk residuals + shrunk pair residual + Fox profile governance
2002522739,Burden of Guilt (Adept),Fusion Rifle,Legendary,generated-fallback,,58,55,E,source-indicated,type prior minus fallback margin + Fox profile governance
856316142,Coriolis Force,Fusion Rifle,Legendary,generated-core,"3182497402,2048641572",94,48,E,source-indicated,type mean + shrunk perk residuals + shrunk pair residual + Fox profile governance
856316142,Coriolis Force,Fusion Rifle,Legendary,generated-core,"2360347339,2048641572",90,53,E,source-indicated,type mean + shrunk perk residuals + shrunk pair residual + Fox profile governance
856316142,Coriolis Force,Fusion Rifle,Legendary,generated-core,"3182497402,2109543898",88,56,E,source-indicated,type mean + shrunk perk residuals + shrunk pair residual + Fox profile governance
856316142,Coriolis Force,Fusion Rifle,Legendary,generated-core,"2652708987,1015611457",56,84,E,source-indicated,type mean + shrunk perk residuals + shrunk pair residual + Fox profile governance
856316142,Coriolis Force,Fusion Rifle,Legendary,generated-core,"1556840489,1015611457",59,82,E,source-indicated,type mean + shrunk perk residuals + shrunk pair residual + Fox profile governance
856316142,Coriolis Force,Fusion Rifle,Legendary,generated-fallback,,58,55,E,source-indicated,type prior minus fallback margin + Fox profile governance
768621510,Deliverance,Fusion Rifle,Legendary,generated-core,"2922950962,2594592626",88,55,E,source-indicated,type mean + shrunk perk residuals + shrunk pair residual + Fox profile governance
768621510,Deliverance,Fusion Rifle,Legendary,generated-core,"2922950962,2396489472",86,56,E,source-indicated,type mean + shrunk perk residuals + shrunk pair residual + Fox profile governance
768621510,Deliverance,Fusion Rifle,Legendary,generated-core,"2922950962,3708227201",85,57,E,source-indicated,type mean + shrunk perk residuals + shrunk pair residual + Fox profile governance
768621510,Deliverance,Fusion Rifle,Legendary,generated-core,"1428297954,1890422124",56,85,E,source-indicated,type mean + shrunk perk residuals + shrunk pair residual + Fox profile governance
768621510,Deliverance,Fusion Rifle,Legendary,generated-core,"2579169598,1890422124",56,85,E,source-indicated,type mean + shrunk perk residuals + shrunk pair residual + Fox profile governance
768621510,Deliverance,Fusion Rifle,Legendary,generated-fallback,,58,55,E,source-indicated,type prior minus fallback margin + Fox profile governance
2943293195,Deliverance (Adept),Fusion Rifle,Legendary,generated-core,"2922950962,2594592626",88,55,E,source-indicated,type mean + shrunk perk residuals + shrunk pair residual + Fox profile governance
2943293195,Deliverance (Adept),Fusion Rifle,Legendary,generated-core,"2922950962,2396489472",86,56,E,source-indicated,type mean + shrunk perk residuals + shrunk pair residual + Fox profile governance
2943293195,Deliverance (Adept),Fusion Rifle,Legendary,generated-core,"2922950962,3708227201",85,57,E,source-indicated,type mean + shrunk perk residuals + shrunk pair residual + Fox profile governance
2943293195,Deliverance (Adept),Fusion Rifle,Legendary,generated-core,"1428297954,1890422124",56,85,E,source-indicated,type mean + shrunk perk residuals + shrunk pair residual + Fox profile governance
2943293195,Deliverance (Adept),Fusion Rifle,Legendary,generated-core,"2579169598,1890422124",56,85,E,source-indicated,type mean + shrunk perk residuals + shrunk pair residual + Fox profile governance
2943293195,Deliverance (Adept),Fusion Rifle,Legendary,generated-fallback,,58,55,E,source-indicated,type prior minus fallback margin + Fox profile governance
219610523,Dream Breaker,Fusion Rifle,Legendary,generated-core,"3017780555,2890807135",94,48,E,source-indicated,type mean + shrunk perk residuals + shrunk pair residual + Fox profile governance
219610523,Dream Breaker,Fusion Rifle,Legendary,generated-core,"4293542123,2890807135",94,48,E,source-indicated,type mean + shrunk perk residuals + shrunk pair residual + Fox profile governance
219610523,Dream Breaker,Fusion Rifle,Legendary,generated-core,"1523832109,2890807135",89,54,E,source-indicated,type mean + shrunk perk residuals + shrunk pair residual + Fox profile governance
219610523,Dream Breaker,Fusion Rifle,Legendary,generated-core,"1645158859,2652708987",50,90,E,source-indicated,type mean + shrunk perk residuals + shrunk pair residual + Fox profile governance
219610523,Dream Breaker,Fusion Rifle,Legendary,generated-core,"1645158859,2579169598",56,85,E,source-indicated,type mean + shrunk perk residuals + shrunk pair residual + Fox profile governance
219610523,Dream Breaker,Fusion Rifle,Legendary,generated-fallback,,58,55,E,source-indicated,type prior minus fallback margin + Fox profile governance
2931957300,Dream Breaker,Fusion Rifle,Legendary,generated-core,"3300816228,3708227201",86,61,E,source-indicated,type mean + shrunk perk residuals + shrunk pair residual + Fox profile governance
2931957300,Dream Breaker,Fusion Rifle,Legendary,generated-core,"3300816228,1683379515",82,62,E,source-indicated,type mean + shrunk perk residuals + shrunk pair residual + Fox profile governance
2931957300,Dream Breaker,Fusion Rifle,Legendary,generated-core,"3300816228,3425386926",81,66,E,source-indicated,type mean + shrunk perk residuals + shrunk pair residual + Fox profile governance
2931957300,Dream Breaker,Fusion Rifle,Legendary,generated-core,"588594999,699525795",50,91,E,source-indicated,type mean + shrunk perk residuals + shrunk pair residual + Fox profile governance
2931957300,Dream Breaker,Fusion Rifle,Legendary,generated-core,"2039302152,699525795",50,91,E,source-indicated,type mean + shrunk perk residuals + shrunk pair residual + Fox profile governance
2931957300,Dream Breaker,Fusion Rifle,Legendary,generated-fallback,,58,55,E,source-indicated,type prior minus fallback margin + Fox profile governance
4106983932,Elatha FR4,Fusion Rifle,Legendary,generated-core,"1631667848,3708227201",86,50,E,source-indicated,type mean + shrunk perk residuals + shrunk pair residual + Fox profile governance
4106983932,Elatha FR4,Fusion Rifle,Legendary,generated-core,"2869569095,3708227201",82,54,E,source-indicated,type mean + shrunk perk residuals + shrunk pair residual + Fox profile governance
4106983932,Elatha FR4,Fusion Rifle,Legendary,generated-core,"706527188,3708227201",78,65,E,source-indicated,type mean + shrunk perk residuals + shrunk pair residual + Fox profile governance
4106983932,Elatha FR4,Fusion Rifle,Legendary,generated-core,"1866048759,1015611457",50,91,E,source-indicated,type mean + shrunk perk residuals + shrunk pair residual + Fox profile governance
4106983932,Elatha FR4,Fusion Rifle,Legendary,generated-core,"1866048759,4071163871",56,84,E,source-indicated,type mean + shrunk perk residuals + shrunk pair residual + Fox profile governance
4106983932,Elatha FR4,Fusion Rifle,Legendary,generated-fallback,,58,55,E,source-indicated,type prior minus fallback margin + Fox profile governance
3027844941,Erentil FR4,Fusion Rifle,Legendary,generated-core,"3300816228,3425386926",81,66,E,source-indicated,type mean + shrunk perk residuals + shrunk pair residual + Fox profile governance
3027844941,Erentil FR4,Fusion Rifle,Legendary,generated-core,"3300816228,706527188",78,70,E,source-indicated,type mean + shrunk perk residuals + shrunk pair residual + Fox profile governance
3027844941,Erentil FR4,Fusion Rifle,Legendary,generated-core,"3425386926,706527188",77,69,E,source-indicated,type mean + shrunk perk residuals + shrunk pair residual + Fox profile governance
3027844941,Erentil FR4,Fusion Rifle,Legendary,generated-core,"1866048759,1015611457",50,91,E,source-indicated,type mean + shrunk perk residuals + shrunk pair residual + Fox profile governance
3027844941,Erentil FR4,Fusion Rifle,Legendary,generated-core,"1866048759,1890422124",52,88,E,source-indicated,type mean + shrunk perk residuals + shrunk pair residual + Fox profile governance
3027844941,Erentil FR4,Fusion Rifle,Legendary,generated-fallback,,58,55,E,source-indicated,type prior minus fallback margin + Fox profile governance
679281855,Exile's Curse,Fusion Rifle,Legendary,generated-core,"1631667848,1683379515",82,56,E,source-indicated,type mean + shrunk perk residuals + shrunk pair residual + Fox profile governance
679281855,Exile's Curse,Fusion Rifle,Legendary,generated-core,"2869569095,1683379515",80,59,E,source-indicated,type mean + shrunk perk residuals + shrunk pair residual + Fox profile governance
679281855,Exile's Curse,Fusion Rifle,Legendary,generated-core,"706527188,1683379515",78,65,E,source-indicated,type mean + shrunk perk residuals + shrunk pair residual + Fox profile governance
679281855,Exile's Curse,Fusion Rifle,Legendary,generated-core,"2450788523,2213355989",61,85,E,source-indicated,type mean + shrunk perk residuals + shrunk pair residual + Fox profile governance
679281855,Exile's Curse,Fusion Rifle,Legendary,generated-core,"1866048759,2213355989",56,85,E,source-indicated,type mean + shrunk perk residuals + shrunk pair residual + Fox profile governance
679281855,Exile's Curse,Fusion Rifle,Legendary,generated-fallback,,58,55,E,source-indicated,type prior minus fallback margin + Fox profile governance
276080079,Exile's Curse (Adept),Fusion Rifle,Legendary,generated-core,"1631667848,1683379515",82,56,E,source-indicated,type mean + shrunk perk residuals + shrunk pair residual + Fox profile governance
276080079,Exile's Curse (Adept),Fusion Rifle,Legendary,generated-core,"2869569095,1683379515",80,59,E,source-indicated,type mean + shrunk perk residuals + shrunk pair residual + Fox profile governance
276080079,Exile's Curse (Adept),Fusion Rifle,Legendary,generated-core,"706527188,1683379515",78,65,E,source-indicated,type mean + shrunk perk residuals + shrunk pair residual + Fox profile governance
276080079,Exile's Curse (Adept),Fusion Rifle,Legendary,generated-core,"2450788523,2213355989",61,85,E,source-indicated,type mean + shrunk perk residuals + shrunk pair residual + Fox profile governance
276080079,Exile's Curse (Adept),Fusion Rifle,Legendary,generated-core,"1866048759,2213355989",56,85,E,source-indicated,type mean + shrunk perk residuals + shrunk pair residual + Fox profile governance
276080079,Exile's Curse (Adept),Fusion Rifle,Legendary,generated-fallback,,58,55,E,source-indicated,type prior minus fallback margin + Fox profile governance
3241217409,Finite Maybe,Fusion Rifle,Legendary,generated-core,"3017780555,2890807135",94,48,E,source-indicated,type mean + shrunk perk residuals + shrunk pair residual + Fox profile governance
3241217409,Finite Maybe,Fusion Rifle,Legendary,generated-core,"4293542123,2890807135",94,48,E,source-indicated,type mean + shrunk perk residuals + shrunk pair residual + Fox profile governance
3241217409,Finite Maybe,Fusion Rifle,Legendary,generated-core,"1523832109,2890807135",89,54,E,source-indicated,type mean + shrunk perk residuals + shrunk pair residual + Fox profile governance
3241217409,Finite Maybe,Fusion Rifle,Legendary,generated-core,"1645158859,2652708987",50,90,E,source-indicated,type mean + shrunk perk residuals + shrunk pair residual + Fox profile governance
3241217409,Finite Maybe,Fusion Rifle,Legendary,generated-core,"1645158859,2109543898",67,75,E,source-indicated,type mean + shrunk perk residuals + shrunk pair residual + Fox profile governance
3241217409,Finite Maybe,Fusion Rifle,Legendary,generated-fallback,,58,55,E,source-indicated,type prior minus fallback margin + Fox profile governance
1706206669,Gallant Charge,Fusion Rifle,Legendary,generated-core,"3300816228,3425386926",81,66,E,source-indicated,type mean + shrunk perk residuals + shrunk pair residual + Fox profile governance
1706206669,Gallant Charge,Fusion Rifle,Legendary,generated-core,"1631667848,3425386926",81,60,E,source-indicated,type mean + shrunk perk residuals + shrunk pair residual + Fox profile governance
1706206669,Gallant Charge,Fusion Rifle,Legendary,generated-core,"3300816228,1556840489",80,65,E,source-indicated,type mean + shrunk perk residuals + shrunk pair residual + Fox profile governance
1706206669,Gallant Charge,Fusion Rifle,Legendary,generated-core,"1866048759,1890422124",52,88,E,source-indicated,type mean + shrunk perk residuals + shrunk pair residual + Fox profile governance
1706206669,Gallant Charge,Fusion Rifle,Legendary,generated-core,"1866048759,2846385770",56,85,E,source-indicated,type mean + shrunk perk residuals + shrunk pair residual + Fox profile governance
1706206669,Gallant Charge,Fusion Rifle,Legendary,generated-fallback,,58,55,E,source-indicated,type prior minus fallback margin + Fox profile governance
1030895163,Glacioclasm,Fusion Rifle,Legendary,generated-core,"1820235745,1427256713",86,59,E,source-indicated,type mean + shrunk perk residuals + shrunk pair residual + Fox profile governance
1030895163,Glacioclasm,Fusion Rifle,Legendary,generated-core,"2869569095,1427256713",83,55,E,source-indicated,type mean + shrunk perk residuals + shrunk pair residual + Fox profile governance
1030895163,Glacioclasm,Fusion Rifle,Legendary,generated-core,"2869569095,3708227201",82,54,E,source-indicated,type mean + shrunk perk residuals + shrunk pair residual + Fox profile governance
1030895163,Glacioclasm,Fusion Rifle,Legendary,generated-core,"4071163871,438098033",52,86,E,source-indicated,type mean + shrunk perk residuals + shrunk pair residual + Fox profile governance
1030895163,Glacioclasm,Fusion Rifle,Legendary,generated-core,"2450788523,2213355989",61,85,E,source-indicated,type mean + shrunk perk residuals + shrunk pair residual + Fox profile governance
1030895163,Glacioclasm,Fusion Rifle,Legendary,generated-fallback,,58,55,E,source-indicated,type prior minus fallback margin + Fox profile governance
3573686365,Glacioclasm,Fusion Rifle,Legendary,generated-core,"776531651,1427256713",88,55,E,availability-unverified,type mean + shrunk perk residuals + shrunk pair residual + Fox profile governance
3573686365,Glacioclasm,Fusion Rifle,Legendary,generated-core,"1820235745,1427256713",86,59,E,availability-unverified,type mean + shrunk perk residuals + shrunk pair residual + Fox profile governance
3573686365,Glacioclasm,Fusion Rifle,Legendary,generated-core,"776531651,2610012052",81,60,E,availability-unverified,type mean + shrunk perk residuals + shrunk pair residual + Fox profile governance
3573686365,Glacioclasm,Fusion Rifle,Legendary,generated-core,"3161816588,2451262963",50,91,E,availability-unverified,type mean + shrunk perk residuals + shrunk pair residual + Fox profile governance
3573686365,Glacioclasm,Fusion Rifle,Legendary,generated-core,"3161816588,699525795",58,89,E,availability-unverified,type mean + shrunk perk residuals + shrunk pair residual + Fox profile governance
3573686365,Glacioclasm,Fusion Rifle,Legendary,generated-fallback,,58,55,E,availability-unverified,type prior minus fallback margin + Fox profile governance
607191995,Hollow Words,Fusion Rifle,Legendary,generated-core,"706527188,1683379515",78,65,E,source-indicated,type mean + shrunk perk residuals + shrunk pair residual + Fox profile governance
607191995,Hollow Words,Fusion Rifle,Legendary,generated-core,"706527188,3708227201",78,65,E,source-indicated,type mean + shrunk perk residuals + shrunk pair residual + Fox profile governance
607191995,Hollow Words,Fusion Rifle,Legendary,generated-core,"1556840489,1683379515",78,62,E,source-indicated,type mean + shrunk perk residuals + shrunk pair residual + Fox profile governance
607191995,Hollow Words,Fusion Rifle,Legendary,generated-core,"2450788523,3108830275",67,78,E,source-indicated,type mean + shrunk perk residuals + shrunk pair residual + Fox profile governance
607191995,Hollow Words,Fusion Rifle,Legendary,generated-core,"2450788523,1546637391",66,78,E,source-indicated,type mean + shrunk perk residuals + shrunk pair residual + Fox profile governance
607191995,Hollow Words,Fusion Rifle,Legendary,generated-fallback,,58,55,E,source-indicated,type prior minus fallback margin + Fox profile governance
3044460004,Iota Draconis,Fusion Rifle,Legendary,generated-core,"1556840489,1799762209",81,55,E,source-indicated,type mean + shrunk perk residuals + shrunk pair residual + Fox profile governance
3044460004,Iota Draconis,Fusion Rifle,Legendary,generated-core,"1570042021,1799762209",78,64,E,source-indicated,type mean + shrunk perk residuals + shrunk pair residual + Fox profile governance
3044460004,Iota Draconis,Fusion Rifle,Legendary,generated-core,"2779035018,1799762209",78,57,E,source-indicated,type mean + shrunk perk residuals + shrunk pair residual + Fox profile governance
3044460004,Iota Draconis,Fusion Rifle,Legendary,generated-core,"1645158859,3673922083",50,91,E,source-indicated,type mean + shrunk perk residuals + shrunk pair residual + Fox profile governance
3044460004,Iota Draconis,Fusion Rifle,Legendary,generated-core,"1645158859,2213355989",56,85,E,source-indicated,type mean + shrunk perk residuals + shrunk pair residual + Fox profile governance
3044460004,Iota Draconis,Fusion Rifle,Legendary,generated-fallback,,58,55,E,source-indicated,type prior minus fallback margin + Fox profile governance
2423071981,Lionfish-4fr,Fusion Rifle,Legendary,generated-core,"1523832109,1427256713",88,57,E,source-indicated,type mean + shrunk perk residuals + shrunk pair residual + Fox profile governance
2423071981,Lionfish-4fr,Fusion Rifle,Legendary,generated-core,"1523832109,2594592626",88,57,E,source-indicated,type mean + shrunk perk residuals + shrunk pair residual + Fox profile governance
2423071981,Lionfish-4fr,Fusion Rifle,Legendary,generated-core,"1523832109,1089671869",88,55,E,source-indicated,type mean + shrunk perk residuals + shrunk pair residual + Fox profile governance
2423071981,Lionfish-4fr,Fusion Rifle,Legendary,generated-core,"3731491409,2978966579",72,70,E,source-indicated,type mean + shrunk perk residuals + shrunk pair residual + Fox profile governance
2423071981,Lionfish-4fr,Fusion Rifle,Legendary,generated-core,"4190679284,2978966579",72,70,E,source-indicated,type mean + shrunk perk residuals + shrunk pair residual + Fox profile governance
2423071981,Lionfish-4fr,Fusion Rifle,Legendary,generated-fallback,,58,55,E,source-indicated,type prior minus fallback margin + Fox profile governance
253196586,Main Ingredient,Fusion Rifle,Legendary,generated-core,"3300816228,3425386926",81,66,E,source-indicated,type mean + shrunk perk residuals + shrunk pair residual + Fox profile governance
253196586,Main Ingredient,Fusion Rifle,Legendary,generated-core,"3300816228,706527188",78,70,E,source-indicated,type mean + shrunk perk residuals + shrunk pair residual + Fox profile governance
253196586,Main Ingredient,Fusion Rifle,Legendary,generated-core,"3425386926,706527188",77,69,E,source-indicated,type mean + shrunk perk residuals + shrunk pair residual + Fox profile governance
253196586,Main Ingredient,Fusion Rifle,Legendary,generated-core,"1866048759,1015611457",50,91,E,source-indicated,type mean + shrunk perk residuals + shrunk pair residual + Fox profile governance
253196586,Main Ingredient,Fusion Rifle,Legendary,generated-core,"1866048759,1890422124",52,88,E,source-indicated,type mean + shrunk perk residuals + shrunk pair residual + Fox profile governance
253196586,Main Ingredient,Fusion Rifle,Legendary,generated-fallback,,58,55,E,source-indicated,type prior minus fallback margin + Fox profile governance
2901221332,Main Ingredient,Fusion Rifle,Legendary,generated-core,"1115162408,2173046394",93,50,E,availability-unverified,type mean + shrunk perk residuals + shrunk pair residual + Fox profile governance
2901221332,Main Ingredient,Fusion Rifle,Legendary,generated-core,"1115162408,1427256713",88,57,E,availability-unverified,type mean + shrunk perk residuals + shrunk pair residual + Fox profile governance
2901221332,Main Ingredient,Fusion Rifle,Legendary,generated-core,"1115162408,654512643",88,55,E,availability-unverified,type mean + shrunk perk residuals + shrunk pair residual + Fox profile governance
2901221332,Main Ingredient,Fusion Rifle,Legendary,generated-core,"588594999,1890422124",56,85,E,availability-unverified,type mean + shrunk perk residuals + shrunk pair residual + Fox profile governance
2901221332,Main Ingredient,Fusion Rifle,Legendary,generated-core,"588594999,2213355989",56,85,E,availability-unverified,type mean + shrunk perk residuals + shrunk pair residual + Fox profile governance
2901221332,Main Ingredient,Fusion Rifle,Legendary,generated-fallback,,58,55,E,availability-unverified,type prior minus fallback margin + Fox profile governance
3613444087,Null Composure,Fusion Rifle,Legendary,generated-core,"3643424744,1427256713",92,53,E,availability-unverified,type mean + shrunk perk residuals + shrunk pair residual + Fox profile governance
3613444087,Null Composure,Fusion Rifle,Legendary,generated-core,"3643424744,2594592626",92,53,E,availability-unverified,type mean + shrunk perk residuals + shrunk pair residual + Fox profile governance
3613444087,Null Composure,Fusion Rifle,Legendary,generated-core,"3643424744,1089671869",89,57,E,availability-unverified,type mean + shrunk perk residuals + shrunk pair residual + Fox profile governance
3613444087,Null Composure,Fusion Rifle,Legendary,generated-core,"2652708987,1194056669",56,84,E,availability-unverified,type mean + shrunk perk residuals + shrunk pair residual + Fox profile governance
3613444087,Null Composure,Fusion Rifle,Legendary,generated-core,"2652708987,2213355989",56,84,E,availability-unverified,type mean + shrunk perk residuals + shrunk pair residual + Fox profile governance
3613444087,Null Composure,Fusion Rifle,Legendary,generated-fallback,,58,55,E,availability-unverified,type prior minus fallback margin + Fox profile governance
852069911,PLUG ONE.1,Fusion Rifle,Legendary,generated-core,"1523832109,1427256713",88,57,E,source-indicated,type mean + shrunk perk residuals + shrunk pair residual + Fox profile governance
852069911,PLUG ONE.1,Fusion Rifle,Legendary,generated-core,"1523832109,2594592626",88,57,E,source-indicated,type mean + shrunk perk residuals + shrunk pair residual + Fox profile governance
852069911,PLUG ONE.1,Fusion Rifle,Legendary,generated-core,"1523832109,2173046394",84,57,E,source-indicated,type mean + shrunk perk residuals + shrunk pair residual + Fox profile governance
852069911,PLUG ONE.1,Fusion Rifle,Legendary,generated-core,"1645158859,1194056669",60,91,E,source-indicated,type mean + shrunk perk residuals + shrunk pair residual + Fox profile governance
852069911,PLUG ONE.1,Fusion Rifle,Legendary,generated-core,"2579169598,1194056669",50,91,E,source-indicated,type mean + shrunk perk residuals + shrunk pair residual + Fox profile governance
852069911,PLUG ONE.1,Fusion Rifle,Legendary,generated-fallback,,58,55,E,source-indicated,type prior minus fallback margin + Fox profile governance
3293524502,PLUG ONE.1,Fusion Rifle,Legendary,generated-core,"1523832109,1427256713",88,57,E,source-indicated,type mean + shrunk perk residuals + shrunk pair residual + Fox profile governance
3293524502,PLUG ONE.1,Fusion Rifle,Legendary,generated-core,"1523832109,2594592626",88,57,E,source-indicated,type mean + shrunk perk residuals + shrunk pair residual + Fox profile governance
3293524502,PLUG ONE.1,Fusion Rifle,Legendary,generated-core,"1523832109,2173046394",84,57,E,source-indicated,type mean + shrunk perk residuals + shrunk pair residual + Fox profile governance
3293524502,PLUG ONE.1,Fusion Rifle,Legendary,generated-core,"1645158859,1194056669",60,91,E,source-indicated,type mean + shrunk perk residuals + shrunk pair residual + Fox profile governance
3293524502,PLUG ONE.1,Fusion Rifle,Legendary,generated-core,"2579169598,1194056669",50,91,E,source-indicated,type mean + shrunk perk residuals + shrunk pair residual + Fox profile governance
3293524502,PLUG ONE.1,Fusion Rifle,Legendary,generated-fallback,,58,55,E,source-indicated,type prior minus fallback margin + Fox profile governance
534775659,PLUG ONE.1 (Adept),Fusion Rifle,Legendary,generated-core,"1048183818,1427256713",83,58,E,source-indicated,type mean + shrunk perk residuals + shrunk pair residual + Fox profile governance
534775659,PLUG ONE.1 (Adept),Fusion Rifle,Legendary,generated-core,"706527188,1427256713",81,64,E,source-indicated,type mean + shrunk perk residuals + shrunk pair residual + Fox profile governance
534775659,PLUG ONE.1 (Adept),Fusion Rifle,Legendary,generated-core,"1570042021,1427256713",81,62,E,source-indicated,type mean + shrunk perk residuals + shrunk pair residual + Fox profile governance
534775659,PLUG ONE.1 (Adept),Fusion Rifle,Legendary,generated-core,"1645158859,2652708987",50,90,E,source-indicated,type mean + shrunk perk residuals + shrunk pair residual + Fox profile governance
534775659,PLUG ONE.1 (Adept),Fusion Rifle,Legendary,generated-core,"2450788523,2652708987",61,84,E,source-indicated,type mean + shrunk perk residuals + shrunk pair residual + Fox profile governance
534775659,PLUG ONE.1 (Adept),Fusion Rifle,Legendary,generated-fallback,,58,55,E,source-indicated,type prior minus fallback margin + Fox profile governance
3106557243,PLUG ONE.1 (Adept),Fusion Rifle,Legendary,generated-core,"1523832109,1427256713",88,57,E,source-indicated,type mean + shrunk perk residuals + shrunk pair residual + Fox profile governance
3106557243,PLUG ONE.1 (Adept),Fusion Rifle,Legendary,generated-core,"1523832109,2594592626",88,57,E,source-indicated,type mean + shrunk perk residuals + shrunk pair residual + Fox profile governance
3106557243,PLUG ONE.1 (Adept),Fusion Rifle,Legendary,generated-core,"1523832109,2173046394",84,57,E,source-indicated,type mean + shrunk perk residuals + shrunk pair residual + Fox profile governance
3106557243,PLUG ONE.1 (Adept),Fusion Rifle,Legendary,generated-core,"1645158859,1194056669",60,91,E,source-indicated,type mean + shrunk perk residuals + shrunk pair residual + Fox profile governance
3106557243,PLUG ONE.1 (Adept),Fusion Rifle,Legendary,generated-core,"2579169598,1194056669",50,91,E,source-indicated,type mean + shrunk perk residuals + shrunk pair residual + Fox profile governance
3106557243,PLUG ONE.1 (Adept),Fusion Rifle,Legendary,generated-fallback,,58,55,E,source-indicated,type prior minus fallback margin + Fox profile governance
3027844940,Proelium FR3,Fusion Rifle,Legendary,generated-core,"3300816228,3425386926",81,66,E,source-indicated,type mean + shrunk perk residuals + shrunk pair residual + Fox profile governance
3027844940,Proelium FR3,Fusion Rifle,Legendary,generated-core,"3300816228,706527188",78,70,E,source-indicated,type mean + shrunk perk residuals + shrunk pair residual + Fox profile governance
3027844940,Proelium FR3,Fusion Rifle,Legendary,generated-core,"3425386926,706527188",77,69,E,source-indicated,type mean + shrunk perk residuals + shrunk pair residual + Fox profile governance
3027844940,Proelium FR3,Fusion Rifle,Legendary,generated-core,"1866048759,1015611457",50,91,E,source-indicated,type mean + shrunk perk residuals + shrunk pair residual + Fox profile governance
3027844940,Proelium FR3,Fusion Rifle,Legendary,generated-core,"1866048759,1890422124",52,88,E,source-indicated,type mean + shrunk perk residuals + shrunk pair residual + Fox profile governance
3027844940,Proelium FR3,Fusion Rifle,Legendary,generated-fallback,,58,55,E,source-indicated,type prior minus fallback margin + Fox profile governance
3273807888,Resounding,Fusion Rifle,Legendary,generated-core,"923806249,3764420437",87,53,E,source-indicated,type mean + shrunk perk residuals + shrunk pair residual + Fox profile governance
3273807888,Resounding,Fusion Rifle,Legendary,generated-core,"1799762209,1427256713",86,59,E,source-indicated,type mean + shrunk perk residuals + shrunk pair residual + Fox profile governance
3273807888,Resounding,Fusion Rifle,Legendary,generated-core,"1820235745,1427256713",86,59,E,source-indicated,type mean + shrunk perk residuals + shrunk pair residual + Fox profile governance
3273807888,Resounding,Fusion Rifle,Legendary,generated-core,"4071163871,3425386926",68,75,E,source-indicated,type mean + shrunk perk residuals + shrunk pair residual + Fox profile governance
3273807888,Resounding,Fusion Rifle,Legendary,generated-core,"4071163871,880644845",65,74,E,source-indicated,type mean + shrunk perk residuals + shrunk pair residual + Fox profile governance
3273807888,Resounding,Fusion Rifle,Legendary,generated-fallback,,58,55,E,source-indicated,type prior minus fallback margin + Fox profile governance
2715240478,Riptide,Fusion Rifle,Legendary,generated-core,"3300816228,2978966579",83,75,E,source-indicated,type mean + shrunk perk residuals + shrunk pair residual + Fox profile governance
2715240478,Riptide,Fusion Rifle,Legendary,generated-core,"3300816228,1799762209",81,61,E,source-indicated,type mean + shrunk perk residuals + shrunk pair residual + Fox profile governance
2715240478,Riptide,Fusion Rifle,Legendary,generated-core,"1556840489,1799762209",81,55,E,source-indicated,type mean + shrunk perk residuals + shrunk pair residual + Fox profile governance
2715240478,Riptide,Fusion Rifle,Legendary,generated-core,"1645158859,2652708987",50,90,E,source-indicated,type mean + shrunk perk residuals + shrunk pair residual + Fox profile governance
2715240478,Riptide,Fusion Rifle,Legendary,generated-core,"1428297954,2978966579",58,84,E,source-indicated,type mean + shrunk perk residuals + shrunk pair residual + Fox profile governance
2715240478,Riptide,Fusion Rifle,Legendary,generated-fallback,,58,55,E,source-indicated,type prior minus fallback margin + Fox profile governance
4114929480,Snorri FR5,Fusion Rifle,Legendary,generated-core,"1570042021,1427256713",81,62,E,source-indicated,type mean + shrunk perk residuals + shrunk pair residual + Fox profile governance
4114929480,Snorri FR5,Fusion Rifle,Legendary,generated-core,"1570042021,4049631843",80,63,E,source-indicated,type mean + shrunk perk residuals + shrunk pair residual + Fox profile governance
4114929480,Snorri FR5,Fusion Rifle,Legendary,generated-core,"280464955,1427256713",80,62,E,source-indicated,type mean + shrunk perk residuals + shrunk pair residual + Fox profile governance
4114929480,Snorri FR5,Fusion Rifle,Legendary,generated-core,"3436462433,2213355989",56,85,E,source-indicated,type mean + shrunk perk residuals + shrunk pair residual + Fox profile governance
4114929480,Snorri FR5,Fusion Rifle,Legendary,generated-core,"3436462433,2652708987",56,84,E,source-indicated,type mean + shrunk perk residuals + shrunk pair residual + Fox profile governance
4114929480,Snorri FR5,Fusion Rifle,Legendary,generated-fallback,,58,55,E,source-indicated,type prior minus fallback margin + Fox profile governance
4094657108,Techeun Force,Fusion Rifle,Legendary,generated-core,"3300816228,3425386926",81,66,E,source-indicated,type mean + shrunk perk residuals + shrunk pair residual + Fox profile governance
4094657108,Techeun Force,Fusion Rifle,Legendary,generated-core,"3300816228,1600092898",77,65,E,source-indicated,type mean + shrunk perk residuals + shrunk pair residual + Fox profile governance
4094657108,Techeun Force,Fusion Rifle,Legendary,generated-core,"957782887,3425386926",72,69,E,source-indicated,type mean + shrunk perk residuals + shrunk pair residual + Fox profile governance
4094657108,Techeun Force,Fusion Rifle,Legendary,generated-core,"1015611457,2846385770",50,91,E,source-indicated,type mean + shrunk perk residuals + shrunk pair residual + Fox profile governance
4094657108,Techeun Force,Fusion Rifle,Legendary,generated-core,"1015611457,2213355989",56,85,E,source-indicated,type mean + shrunk perk residuals + shrunk pair residual + Fox profile governance
4094657108,Techeun Force,Fusion Rifle,Legendary,generated-fallback,,58,55,E,source-indicated,type prior minus fallback margin + Fox profile governance
2274706510,Tempered Dynamo,Fusion Rifle,Legendary,generated-core,"3418782618,654512643",92,50,E,source-indicated,type mean + shrunk perk residuals + shrunk pair residual + Fox profile governance
2274706510,Tempered Dynamo,Fusion Rifle,Legendary,generated-core,"1511100135,3966416502",89,66,E,source-indicated,type mean + shrunk perk residuals + shrunk pair residual + Fox profile governance
2274706510,Tempered Dynamo,Fusion Rifle,Legendary,generated-core,"2360347339,654512643",88,54,E,source-indicated,type mean + shrunk perk residuals + shrunk pair residual + Fox profile governance
2274706510,Tempered Dynamo,Fusion Rifle,Legendary,generated-core,"47981717,1015611457",56,85,E,source-indicated,type mean + shrunk perk residuals + shrunk pair residual + Fox profile governance
2274706510,Tempered Dynamo,Fusion Rifle,Legendary,generated-core,"47981717,1194056669",56,85,E,source-indicated,type mean + shrunk perk residuals + shrunk pair residual + Fox profile governance
2274706510,Tempered Dynamo,Fusion Rifle,Legendary,generated-fallback,,58,55,E,source-indicated,type prior minus fallback margin + Fox profile governance
2753269585,Tempered Dynamo,Fusion Rifle,Legendary,generated-core,"3275789089,3300816228",77,68,E,source-indicated,type mean + shrunk perk residuals + shrunk pair residual + Fox profile governance
2753269585,Tempered Dynamo,Fusion Rifle,Legendary,generated-core,"3722653512,3300816228",77,68,E,source-indicated,type mean + shrunk perk residuals + shrunk pair residual + Fox profile governance
2753269585,Tempered Dynamo,Fusion Rifle,Legendary,generated-core,"1600092898,3300816228",77,65,E,source-indicated,type mean + shrunk perk residuals + shrunk pair residual + Fox profile governance
2753269585,Tempered Dynamo,Fusion Rifle,Legendary,generated-core,"47981717,1015611457",56,85,E,source-indicated,type mean + shrunk perk residuals + shrunk pair residual + Fox profile governance
2753269585,Tempered Dynamo,Fusion Rifle,Legendary,generated-core,"47981717,2213355989",56,85,E,source-indicated,type mean + shrunk perk residuals + shrunk pair residual + Fox profile governance
2753269585,Tempered Dynamo,Fusion Rifle,Legendary,generated-fallback,,58,55,E,source-indicated,type prior minus fallback margin + Fox profile governance
2925315757,Tempered Dynamo,Fusion Rifle,Legendary,generated-core,"3418782618,654512643",92,50,E,availability-unverified,type mean + shrunk perk residuals + shrunk pair residual + Fox profile governance
2925315757,Tempered Dynamo,Fusion Rifle,Legendary,generated-core,"1511100135,3966416502",89,66,E,availability-unverified,type mean + shrunk perk residuals + shrunk pair residual + Fox profile governance
2925315757,Tempered Dynamo,Fusion Rifle,Legendary,generated-core,"2360347339,654512643",88,54,E,availability-unverified,type mean + shrunk perk residuals + shrunk pair residual + Fox profile governance
2925315757,Tempered Dynamo,Fusion Rifle,Legendary,generated-core,"47981717,1015611457",56,85,E,availability-unverified,type mean + shrunk perk residuals + shrunk pair residual + Fox profile governance
2925315757,Tempered Dynamo,Fusion Rifle,Legendary,generated-core,"47981717,1194056669",56,85,E,availability-unverified,type mean + shrunk perk residuals + shrunk pair residual + Fox profile governance
2925315757,Tempered Dynamo,Fusion Rifle,Legendary,generated-fallback,,58,55,E,availability-unverified,type prior minus fallback margin + Fox profile governance
76739872,The Beacon,Fusion Rifle,Legendary,generated-core,"3643424744,1427256713",92,53,E,availability-unverified,type mean + shrunk perk residuals + shrunk pair residual + Fox profile governance
76739872,The Beacon,Fusion Rifle,Legendary,generated-core,"3643424744,2594592626",92,53,E,availability-unverified,type mean + shrunk perk residuals + shrunk pair residual + Fox profile governance
76739872,The Beacon,Fusion Rifle,Legendary,generated-core,"3418782618,2594592626",90,54,E,availability-unverified,type mean + shrunk perk residuals + shrunk pair residual + Fox profile governance
76739872,The Beacon,Fusion Rifle,Legendary,generated-core,"2579169598,1194056669",50,91,E,availability-unverified,type mean + shrunk perk residuals + shrunk pair residual + Fox profile governance
76739872,The Beacon,Fusion Rifle,Legendary,generated-core,"2579169598,2652708987",56,84,E,availability-unverified,type mean + shrunk perk residuals + shrunk pair residual + Fox profile governance
76739872,The Beacon,Fusion Rifle,Legendary,generated-fallback,,58,55,E,availability-unverified,type prior minus fallback margin + Fox profile governance
2161618499,The Beacon,Fusion Rifle,Legendary,generated-core,"3643424744,1427256713",92,53,E,source-indicated,type mean + shrunk perk residuals + shrunk pair residual + Fox profile governance
2161618499,The Beacon,Fusion Rifle,Legendary,generated-core,"3643424744,2594592626",92,53,E,source-indicated,type mean + shrunk perk residuals + shrunk pair residual + Fox profile governance
2161618499,The Beacon,Fusion Rifle,Legendary,generated-core,"3418782618,2594592626",90,54,E,source-indicated,type mean + shrunk perk residuals + shrunk pair residual + Fox profile governance
2161618499,The Beacon,Fusion Rifle,Legendary,generated-core,"2579169598,1194056669",50,91,E,source-indicated,type mean + shrunk perk residuals + shrunk pair residual + Fox profile governance
2161618499,The Beacon,Fusion Rifle,Legendary,generated-core,"2579169598,2652708987",56,84,E,source-indicated,type mean + shrunk perk residuals + shrunk pair residual + Fox profile governance
2161618499,The Beacon,Fusion Rifle,Legendary,generated-fallback,,58,55,E,source-indicated,type prior minus fallback margin + Fox profile governance
4288031461,The Emperor's Envy,Fusion Rifle,Legendary,generated-core,2010801679,73,65,E,source-indicated,type mean + shrunk perk residuals + shrunk pair residual + Fox profile governance
4288031461,The Emperor's Envy,Fusion Rifle,Legendary,generated-core,588594999,64,77,E,source-indicated,type mean + shrunk perk residuals + shrunk pair residual + Fox profile governance
4288031461,The Emperor's Envy,Fusion Rifle,Legendary,generated-fallback,,58,55,E,source-indicated,type prior minus fallback margin + Fox profile governance
4124357815,The Epicurean,Fusion Rifle,Legendary,generated-core,"706527188,3523296417",74,70,E,source-indicated,type mean + shrunk perk residuals + shrunk pair residual + Fox profile governance
4124357815,The Epicurean,Fusion Rifle,Legendary,generated-core,"706527188,1600092898",73,68,E,source-indicated,type mean + shrunk perk residuals + shrunk pair residual + Fox profile governance
4124357815,The Epicurean,Fusion Rifle,Legendary,generated-core,"2779035018,1600092898",73,61,E,source-indicated,type mean + shrunk perk residuals + shrunk pair residual + Fox profile governance
4124357815,The Epicurean,Fusion Rifle,Legendary,generated-core,"1890422124,1015611457",50,91,E,source-indicated,type mean + shrunk perk residuals + shrunk pair residual + Fox profile governance
4124357815,The Epicurean,Fusion Rifle,Legendary,generated-core,"1645158859,588594999",56,85,E,source-indicated,type mean + shrunk perk residuals + shrunk pair residual + Fox profile governance
4124357815,The Epicurean,Fusion Rifle,Legendary,generated-fallback,,58,55,E,source-indicated,type prior minus fallback margin + Fox profile governance
2290416,The Wizened Rebuke,Fusion Rifle,Legendary,generated-core,"1570042021,2173046394",81,63,E,source-indicated,type mean + shrunk perk residuals + shrunk pair residual + Fox profile governance
2290416,The Wizened Rebuke,Fusion Rifle,Legendary,generated-core,"11551321,2173046394",79,61,E,source-indicated,type mean + shrunk perk residuals + shrunk pair residual + Fox profile governance
2290416,The Wizened Rebuke,Fusion Rifle,Legendary,generated-core,"2586829431,2173046394",79,61,E,source-indicated,type mean + shrunk perk residuals + shrunk pair residual + Fox profile governance
2290416,The Wizened Rebuke,Fusion Rifle,Legendary,generated-core,"1645158859,2652708987",50,90,E,source-indicated,type mean + shrunk perk residuals + shrunk pair residual + Fox profile governance
2290416,The Wizened Rebuke,Fusion Rifle,Legendary,generated-core,"2416023159,2652708987",50,90,E,source-indicated,type mean + shrunk perk residuals + shrunk pair residual + Fox profile governance
2290416,The Wizened Rebuke,Fusion Rifle,Legendary,generated-fallback,,58,55,E,source-indicated,type prior minus fallback margin + Fox profile governance
930590127,The Wizened Rebuke,Fusion Rifle,Legendary,generated-core,"3300816228,3523296417",80,65,E,source-indicated,type mean + shrunk perk residuals + shrunk pair residual + Fox profile governance
930590127,The Wizened Rebuke,Fusion Rifle,Legendary,generated-core,"3300816228,1600092898",77,65,E,source-indicated,type mean + shrunk perk residuals + shrunk pair residual + Fox profile governance
930590127,The Wizened Rebuke,Fusion Rifle,Legendary,generated-core,"280464955,3523296417",73,68,E,source-indicated,type mean + shrunk perk residuals + shrunk pair residual + Fox profile governance
930590127,The Wizened Rebuke,Fusion Rifle,Legendary,generated-core,"588594999,1890422124",56,85,E,source-indicated,type mean + shrunk perk residuals + shrunk pair residual + Fox profile governance
930590127,The Wizened Rebuke,Fusion Rifle,Legendary,generated-core,"588594999,2213355989",56,85,E,source-indicated,type mean + shrunk perk residuals + shrunk pair residual + Fox profile governance
930590127,The Wizened Rebuke,Fusion Rifle,Legendary,generated-fallback,,58,55,E,source-indicated,type prior minus fallback margin + Fox profile governance
1999697514,The Wizened Rebuke,Fusion Rifle,Legendary,generated-core,"1820235745,1799762209",80,57,E,availability-unverified,type mean + shrunk perk residuals + shrunk pair residual + Fox profile governance
1999697514,The Wizened Rebuke,Fusion Rifle,Legendary,generated-core,"1570042021,1799762209",78,64,E,availability-unverified,type mean + shrunk perk residuals + shrunk pair residual + Fox profile governance
1999697514,The Wizened Rebuke,Fusion Rifle,Legendary,generated-core,"744594675,1799762209",77,63,E,availability-unverified,type mean + shrunk perk residuals + shrunk pair residual + Fox profile governance
1999697514,The Wizened Rebuke,Fusion Rifle,Legendary,generated-core,"1645158859,2652708987",50,90,E,availability-unverified,type mean + shrunk perk residuals + shrunk pair residual + Fox profile governance
1999697514,The Wizened Rebuke,Fusion Rifle,Legendary,generated-core,"588594999,2652708987",56,84,E,availability-unverified,type mean + shrunk perk residuals + shrunk pair residual + Fox profile governance
1999697514,The Wizened Rebuke,Fusion Rifle,Legendary,generated-fallback,,58,55,E,availability-unverified,type prior minus fallback margin + Fox profile governance
3258665412,Trinary System,Fusion Rifle,Legendary,generated-core,"3300816228,4049631843",84,58,E,source-indicated,type mean + shrunk perk residuals + shrunk pair residual + Fox profile governance
3258665412,Trinary System,Fusion Rifle,Legendary,generated-core,"1631667848,4049631843",83,53,E,source-indicated,type mean + shrunk perk residuals + shrunk pair residual + Fox profile governance
3258665412,Trinary System,Fusion Rifle,Legendary,generated-core,"3300816228,1683379515",82,62,E,source-indicated,type mean + shrunk perk residuals + shrunk pair residual + Fox profile governance
3258665412,Trinary System,Fusion Rifle,Legendary,generated-core,"2450788523,1890422124",64,91,E,source-indicated,type mean + shrunk perk residuals + shrunk pair residual + Fox profile governance
3258665412,Trinary System,Fusion Rifle,Legendary,generated-core,"1866048759,1015611457",50,91,E,source-indicated,type mean + shrunk perk residuals + shrunk pair residual + Fox profile governance
3258665412,Trinary System,Fusion Rifle,Legendary,generated-fallback,,58,55,E,source-indicated,type prior minus fallback margin + Fox profile governance
2209003210,Zealot's Reward,Fusion Rifle,Legendary,generated-core,"3300816228,1683379515",82,62,E,source-indicated,type mean + shrunk perk residuals + shrunk pair residual + Fox profile governance
2209003210,Zealot's Reward,Fusion Rifle,Legendary,generated-core,"3300816228,3425386926",81,66,E,source-indicated,type mean + shrunk perk residuals + shrunk pair residual + Fox profile governance
2209003210,Zealot's Reward,Fusion Rifle,Legendary,generated-core,"2779035018,1683379515",78,58,E,source-indicated,type mean + shrunk perk residuals + shrunk pair residual + Fox profile governance
2209003210,Zealot's Reward,Fusion Rifle,Legendary,generated-core,"1645158859,2213355989",56,85,E,source-indicated,type mean + shrunk perk residuals + shrunk pair residual + Fox profile governance
2209003210,Zealot's Reward,Fusion Rifle,Legendary,generated-core,"3275789089,2213355989",64,77,E,source-indicated,type mean + shrunk perk residuals + shrunk pair residual + Fox profile governance
2209003210,Zealot's Reward,Fusion Rifle,Legendary,generated-fallback,,58,55,E,source-indicated,type prior minus fallback margin + Fox profile governance
1845372864,Albedo Wing,Glaive,Legendary,generated-core,"1421772400,1782407750",98,59,E,availability-unverified,type mean + shrunk perk residuals + shrunk pair residual + Fox profile governance
1845372864,Albedo Wing,Glaive,Legendary,generated-core,"1421772400,3324494224",98,57,E,availability-unverified,type mean + shrunk perk residuals + shrunk pair residual + Fox profile governance
1845372864,Albedo Wing,Glaive,Legendary,generated-core,"1421772400,2109543898",98,53,E,availability-unverified,type mean + shrunk perk residuals + shrunk pair residual + Fox profile governance
1845372864,Albedo Wing,Glaive,Legendary,generated-core,"1194056669,3523296417",78,74,E,availability-unverified,type mean + shrunk perk residuals + shrunk pair residual + Fox profile governance
1845372864,Albedo Wing,Glaive,Legendary,generated-core,"1194056669,1782407750",82,73,E,availability-unverified,type mean + shrunk perk residuals + shrunk pair residual + Fox profile governance
1845372864,Albedo Wing,Glaive,Legendary,generated-fallback,,69,53,E,availability-unverified,type prior minus fallback margin + Fox profile governance
2274629609,Albedo Wing,Glaive,Legendary,generated-core,"1421772400,1782407750",98,59,E,availability-unverified,type mean + shrunk perk residuals + shrunk pair residual + Fox profile governance
2274629609,Albedo Wing,Glaive,Legendary,generated-core,"1421772400,3324494224",98,57,E,availability-unverified,type mean + shrunk perk residuals + shrunk pair residual + Fox profile governance
2274629609,Albedo Wing,Glaive,Legendary,generated-core,"1421772400,2109543898",98,53,E,availability-unverified,type mean + shrunk perk residuals + shrunk pair residual + Fox profile governance
2274629609,Albedo Wing,Glaive,Legendary,generated-core,"1194056669,3523296417",78,74,E,availability-unverified,type mean + shrunk perk residuals + shrunk pair residual + Fox profile governance
2274629609,Albedo Wing,Glaive,Legendary,generated-core,"1194056669,1782407750",82,73,E,availability-unverified,type mean + shrunk perk residuals + shrunk pair residual + Fox profile governance
2274629609,Albedo Wing,Glaive,Legendary,generated-fallback,,69,53,E,availability-unverified,type prior minus fallback margin + Fox profile governance
2680976411,Albedo Wing,Glaive,Legendary,generated-core,"3800201097,1782407750",97,57,E,source-indicated,type mean + shrunk perk residuals + shrunk pair residual + Fox profile governance
2680976411,Albedo Wing,Glaive,Legendary,generated-core,"1631667848,243981275",97,52,E,source-indicated,type mean + shrunk perk residuals + shrunk pair residual + Fox profile governance
2680976411,Albedo Wing,Glaive,Legendary,generated-core,"3800201097,243981275",96,56,E,source-indicated,type mean + shrunk perk residuals + shrunk pair residual + Fox profile governance
2680976411,Albedo Wing,Glaive,Legendary,generated-core,"3619207468,2213355989",70,83,E,source-indicated,type mean + shrunk perk residuals + shrunk pair residual + Fox profile governance
2680976411,Albedo Wing,Glaive,Legendary,generated-core,"1966281507,2213355989",75,78,E,source-indicated,type mean + shrunk perk residuals + shrunk pair residual + Fox profile governance
2680976411,Albedo Wing,Glaive,Legendary,generated-fallback,,69,53,E,source-indicated,type prior minus fallback margin + Fox profile governance
1277470844,Backfang,Glaive,Legendary,generated-core,"1631667848,3708227201",98,48,E,source-indicated,type mean + shrunk perk residuals + shrunk pair residual + Fox profile governance
1277470844,Backfang,Glaive,Legendary,generated-core,"1631667848,2173046394",98,46,E,source-indicated,type mean + shrunk perk residuals + shrunk pair residual + Fox profile governance
1277470844,Backfang,Glaive,Legendary,generated-core,"3800201097,1782407750",97,57,E,source-indicated,type mean + shrunk perk residuals + shrunk pair residual + Fox profile governance
1277470844,Backfang,Glaive,Legendary,generated-core,"951095735,2224838837",67,89,E,source-indicated,type mean + shrunk perk residuals + shrunk pair residual + Fox profile governance
1277470844,Backfang,Glaive,Legendary,generated-core,"3526486541,2224838837",64,89,E,source-indicated,type mean + shrunk perk residuals + shrunk pair residual + Fox profile governance
1277470844,Backfang,Glaive,Legendary,generated-fallback,,69,53,E,source-indicated,type prior minus fallback margin + Fox profile governance
4005780578,Unexpected Resurgence,Glaive,Legendary,generated-core,"3300816228,3708227201",98,58,E,source-indicated,type mean + shrunk perk residuals + shrunk pair residual + Fox profile governance
4005780578,Unexpected Resurgence,Glaive,Legendary,generated-core,"3300816228,2173046394",98,56,E,source-indicated,type mean + shrunk perk residuals + shrunk pair residual + Fox profile governance
4005780578,Unexpected Resurgence,Glaive,Legendary,generated-core,"1820235745,2173046394",98,50,E,source-indicated,type mean + shrunk perk residuals + shrunk pair residual + Fox profile governance
4005780578,Unexpected Resurgence,Glaive,Legendary,generated-core,"951095735,2224838837",67,89,E,source-indicated,type mean + shrunk perk residuals + shrunk pair residual + Fox profile governance
4005780578,Unexpected Resurgence,Glaive,Legendary,generated-core,"3526486541,2224838837",64,89,E,source-indicated,type mean + shrunk perk residuals + shrunk pair residual + Fox profile governance
4005780578,Unexpected Resurgence,Glaive,Legendary,generated-fallback,,69,53,E,source-indicated,type prior minus fallback margin + Fox profile governance
1141586039,Unexpected Resurgence (Adept),Glaive,Legendary,generated-core,"3300816228,3708227201",98,58,E,source-indicated,type mean + shrunk perk residuals + shrunk pair residual + Fox profile governance
1141586039,Unexpected Resurgence (Adept),Glaive,Legendary,generated-core,"3300816228,2173046394",98,56,E,source-indicated,type mean + shrunk perk residuals + shrunk pair residual + Fox profile governance
1141586039,Unexpected Resurgence (Adept),Glaive,Legendary,generated-core,"1820235745,2173046394",98,50,E,source-indicated,type mean + shrunk perk residuals + shrunk pair residual + Fox profile governance
1141586039,Unexpected Resurgence (Adept),Glaive,Legendary,generated-core,"951095735,2224838837",67,89,E,source-indicated,type mean + shrunk perk residuals + shrunk pair residual + Fox profile governance
1141586039,Unexpected Resurgence (Adept),Glaive,Legendary,generated-core,"3526486541,2224838837",64,89,E,source-indicated,type mean + shrunk perk residuals + shrunk pair residual + Fox profile governance
1141586039,Unexpected Resurgence (Adept),Glaive,Legendary,generated-fallback,,69,53,E,source-indicated,type prior minus fallback margin + Fox profile governance
1757129747,Acantha-D XK8434,Grenade Launcher,Legendary,generated-core,"3300816228,3425386926",96,64,E,source-indicated,type mean + shrunk perk residuals + shrunk pair residual + Fox profile governance
1757129747,Acantha-D XK8434,Grenade Launcher,Legendary,generated-core,"3300816228,706527188",93,67,E,source-indicated,type mean + shrunk perk residuals + shrunk pair residual + Fox profile governance
1757129747,Acantha-D XK8434,Grenade Launcher,Legendary,generated-core,"3300816228,2010801679",93,61,E,source-indicated,type mean + shrunk perk residuals + shrunk pair residual + Fox profile governance
1757129747,Acantha-D XK8434,Grenade Launcher,Legendary,generated-core,"2846385770,706527188",80,76,E,source-indicated,type mean + shrunk perk residuals + shrunk pair residual + Fox profile governance
1757129747,Acantha-D XK8434,Grenade Launcher,Legendary,generated-core,"4071163871,706527188",80,76,E,source-indicated,type mean + shrunk perk residuals + shrunk pair residual + Fox profile governance
1757129747,Acantha-D XK8434,Grenade Launcher,Legendary,generated-fallback,,69,52,E,source-indicated,type prior minus fallback margin + Fox profile governance
1106017703,Acosmic,Grenade Launcher,Legendary,generated-core,"1134488199,3751912585",98,59,E,availability-unverified,type mean + shrunk perk residuals + shrunk pair residual + Fox profile governance
1106017703,Acosmic,Grenade Launcher,Legendary,generated-core,"1134488199,3078487919",98,57,E,availability-unverified,type mean + shrunk perk residuals + shrunk pair residual + Fox profile governance
1106017703,Acosmic,Grenade Launcher,Legendary,generated-core,"2284787283,3751912585",98,55,E,availability-unverified,type mean + shrunk perk residuals + shrunk pair residual + Fox profile governance
1106017703,Acosmic,Grenade Launcher,Legendary,generated-core,"951095735,3194351027",77,83,E,availability-unverified,type mean + shrunk perk residuals + shrunk pair residual + Fox profile governance
1106017703,Acosmic,Grenade Launcher,Legendary,generated-core,"1821614984,3194351027",79,75,E,availability-unverified,type mean + shrunk perk residuals + shrunk pair residual + Fox profile governance
1106017703,Acosmic,Grenade Launcher,Legendary,generated-fallback,,69,52,E,availability-unverified,type prior minus fallback margin + Fox profile governance
407621213,Berenger's Memory,Grenade Launcher,Legendary,generated-core,"2284787283,3300816228",96,60,E,source-indicated,type mean + shrunk perk residuals + shrunk pair residual + Fox profile governance
407621213,Berenger's Memory,Grenade Launcher,Legendary,generated-core,"2284787283,1683379515",96,55,E,source-indicated,type mean + shrunk perk residuals + shrunk pair residual + Fox profile governance
407621213,Berenger's Memory,Grenade Launcher,Legendary,generated-core,"2869569095,3300816228",95,61,E,source-indicated,type mean + shrunk perk residuals + shrunk pair residual + Fox profile governance
407621213,Berenger's Memory,Grenade Launcher,Legendary,generated-core,"4071163871,3523296417",73,79,E,source-indicated,type mean + shrunk perk residuals + shrunk pair residual + Fox profile governance
407621213,Berenger's Memory,Grenade Launcher,Legendary,generated-core,"4071163871,3511092054",71,78,E,source-indicated,type mean + shrunk perk residuals + shrunk pair residual + Fox profile governance
407621213,Berenger's Memory,Grenade Launcher,Legendary,generated-fallback,,69,52,E,source-indicated,type prior minus fallback margin + Fox profile governance
2453357042,Blast Battue,Grenade Launcher,Legendary,generated-core,"2284787283,3300816228",96,60,E,source-indicated,type mean + shrunk perk residuals + shrunk pair residual + Fox profile governance
2453357042,Blast Battue,Grenade Launcher,Legendary,generated-core,"2284787283,2396489472",96,56,E,source-indicated,type mean + shrunk perk residuals + shrunk pair residual + Fox profile governance
2453357042,Blast Battue,Grenade Launcher,Legendary,generated-core,"2284787283,1683379515",96,55,E,source-indicated,type mean + shrunk perk residuals + shrunk pair residual + Fox profile governance
2453357042,Blast Battue,Grenade Launcher,Legendary,generated-core,"588594999,957782887",69,82,E,source-indicated,type mean + shrunk perk residuals + shrunk pair residual + Fox profile governance
2453357042,Blast Battue,Grenade Launcher,Legendary,generated-core,"2450788523,957782887",79,76,E,source-indicated,type mean + shrunk perk residuals + shrunk pair residual + Fox profile governance
2453357042,Blast Battue,Grenade Launcher,Legendary,generated-fallback,,69,52,E,source-indicated,type prior minus fallback margin + Fox profile governance
2066434718,Canis Major,Grenade Launcher,Legendary,generated-core,"2869569095,2396489472",98,52,E,source-indicated,type mean + shrunk perk residuals + shrunk pair residual + Fox profile governance
2066434718,Canis Major,Grenade Launcher,Legendary,generated-core,"2284787283,2396489472",96,56,E,source-indicated,type mean + shrunk perk residuals + shrunk pair residual + Fox profile governance
2066434718,Canis Major,Grenade Launcher,Legendary,generated-core,"2284787283,3425386926",95,59,E,source-indicated,type mean + shrunk perk residuals + shrunk pair residual + Fox profile governance
2066434718,Canis Major,Grenade Launcher,Legendary,generated-core,"2450788523,1015611457",69,88,E,source-indicated,type mean + shrunk perk residuals + shrunk pair residual + Fox profile governance
2066434718,Canis Major,Grenade Launcher,Legendary,generated-core,"2450788523,3673922083",75,83,E,source-indicated,type mean + shrunk perk residuals + shrunk pair residual + Fox profile governance
2066434718,Canis Major,Grenade Launcher,Legendary,generated-fallback,,69,52,E,source-indicated,type prior minus fallback margin + Fox profile governance
3565520715,Crowd Pleaser,Grenade Launcher,Legendary,generated-core,"2869569095,2396489472",98,52,E,source-indicated,type mean + shrunk perk residuals + shrunk pair residual + Fox profile governance
3565520715,Crowd Pleaser,Grenade Launcher,Legendary,generated-core,"1631667848,2396489472",97,53,E,source-indicated,type mean + shrunk perk residuals + shrunk pair residual + Fox profile governance
3565520715,Crowd Pleaser,Grenade Launcher,Legendary,generated-core,"1631667848,3425386926",96,56,E,source-indicated,type mean + shrunk perk residuals + shrunk pair residual + Fox profile governance
3565520715,Crowd Pleaser,Grenade Launcher,Legendary,generated-core,"2450788523,588594999",75,83,E,source-indicated,type mean + shrunk perk residuals + shrunk pair residual + Fox profile governance
3565520715,Crowd Pleaser,Grenade Launcher,Legendary,generated-core,"3436462433,588594999",71,83,E,source-indicated,type mean + shrunk perk residuals + shrunk pair residual + Fox profile governance
3565520715,Crowd Pleaser,Grenade Launcher,Legendary,generated-fallback,,69,52,E,source-indicated,type prior minus fallback margin + Fox profile governance
768696858,Cry Mutiny,Grenade Launcher,Legendary,generated-core,"3523296417,2305480722",98,56,E,source-indicated,type mean + shrunk perk residuals + shrunk pair residual + Fox profile governance
768696858,Cry Mutiny,Grenade Launcher,Legendary,generated-core,"3523296417,3764420437",98,56,E,source-indicated,type mean + shrunk perk residuals + shrunk pair residual + Fox profile governance
768696858,Cry Mutiny,Grenade Launcher,Legendary,generated-core,"1017229899,2305480722",98,53,E,source-indicated,type mean + shrunk perk residuals + shrunk pair residual + Fox profile governance
768696858,Cry Mutiny,Grenade Launcher,Legendary,generated-core,"951095735,1546637391",70,81,E,source-indicated,type mean + shrunk perk residuals + shrunk pair residual + Fox profile governance
768696858,Cry Mutiny,Grenade Launcher,Legendary,generated-core,"951095735,4082225868",73,76,E,source-indicated,type mean + shrunk perk residuals + shrunk pair residual + Fox profile governance
768696858,Cry Mutiny,Grenade Launcher,Legendary,generated-fallback,,69,52,E,source-indicated,type prior minus fallback margin + Fox profile governance
981718087,Deafening Whisper,Grenade Launcher,Legendary,generated-core,"1556840489,3300816228",95,62,E,source-indicated,type mean + shrunk perk residuals + shrunk pair residual + Fox profile governance
981718087,Deafening Whisper,Grenade Launcher,Legendary,generated-core,"2010801679,3300816228",93,61,E,source-indicated,type mean + shrunk perk residuals + shrunk pair residual + Fox profile governance
981718087,Deafening Whisper,Grenade Launcher,Legendary,generated-core,"205890336,3300816228",92,65,E,source-indicated,type mean + shrunk perk residuals + shrunk pair residual + Fox profile governance
981718087,Deafening Whisper,Grenade Launcher,Legendary,generated-core,"2450788523,4071163871",75,82,E,source-indicated,type mean + shrunk perk residuals + shrunk pair residual + Fox profile governance
981718087,Deafening Whisper,Grenade Launcher,Legendary,generated-core,"588594999,4071163871",71,82,E,source-indicated,type mean + shrunk perk residuals + shrunk pair residual + Fox profile governance
981718087,Deafening Whisper,Grenade Launcher,Legendary,generated-fallback,,69,52,E,source-indicated,type prior minus fallback margin + Fox profile governance
736901634,Doomsday,Grenade Launcher,Legendary,generated-core,"3300816228,3523296417",95,62,E,source-indicated,type mean + shrunk perk residuals + shrunk pair residual + Fox profile governance
736901634,Doomsday,Grenade Launcher,Legendary,generated-core,"3300816228,706527188",93,67,E,source-indicated,type mean + shrunk perk residuals + shrunk pair residual + Fox profile governance
736901634,Doomsday,Grenade Launcher,Legendary,generated-core,"3300816228,2010801679",93,61,E,source-indicated,type mean + shrunk perk residuals + shrunk pair residual + Fox profile governance
736901634,Doomsday,Grenade Launcher,Legendary,generated-core,"4071163871,3523296417",73,79,E,source-indicated,type mean + shrunk perk residuals + shrunk pair residual + Fox profile governance
736901634,Doomsday,Grenade Launcher,Legendary,generated-core,"2846385770,706527188",80,76,E,source-indicated,type mean + shrunk perk residuals + shrunk pair residual + Fox profile governance
736901634,Doomsday,Grenade Launcher,Legendary,generated-fallback,,69,52,E,source-indicated,type prior minus fallback margin + Fox profile governance
218335759,Edge Transit,Grenade Launcher,Legendary,generated-core,"3300816228,3425386926",96,64,E,source-indicated,type mean + shrunk perk residuals + shrunk pair residual + Fox profile governance
218335759,Edge Transit,Grenade Launcher,Legendary,generated-core,"3300816228,706527188",93,67,E,source-indicated,type mean + shrunk perk residuals + shrunk pair residual + Fox profile governance
218335759,Edge Transit,Grenade Launcher,Legendary,generated-core,"3300816228,2010801679",93,61,E,source-indicated,type mean + shrunk perk residuals + shrunk pair residual + Fox profile governance
218335759,Edge Transit,Grenade Launcher,Legendary,generated-core,"2846385770,706527188",80,76,E,source-indicated,type mean + shrunk perk residuals + shrunk pair residual + Fox profile governance
218335759,Edge Transit,Grenade Launcher,Legendary,generated-core,"4071163871,706527188",80,76,E,source-indicated,type mean + shrunk perk residuals + shrunk pair residual + Fox profile governance
218335759,Edge Transit,Grenade Launcher,Legendary,generated-fallback,,69,52,E,source-indicated,type prior minus fallback margin + Fox profile governance
198068259,Empty Vessel,Grenade Launcher,Legendary,generated-core,"3300816228,4049631843",98,56,E,source-indicated,type mean + shrunk perk residuals + shrunk pair residual + Fox profile governance
198068259,Empty Vessel,Grenade Launcher,Legendary,generated-core,"3300816228,1683379515",97,60,E,source-indicated,type mean + shrunk perk residuals + shrunk pair residual + Fox profile governance
198068259,Empty Vessel,Grenade Launcher,Legendary,generated-core,"2869569095,4049631843",96,53,E,source-indicated,type mean + shrunk perk residuals + shrunk pair residual + Fox profile governance
198068259,Empty Vessel,Grenade Launcher,Legendary,generated-core,"4071163871,3108830275",71,80,E,source-indicated,type mean + shrunk perk residuals + shrunk pair residual + Fox profile governance
198068259,Empty Vessel,Grenade Launcher,Legendary,generated-core,"3436462433,2726471870",73,79,E,source-indicated,type mean + shrunk perk residuals + shrunk pair residual + Fox profile governance
198068259,Empty Vessel,Grenade Launcher,Legendary,generated-fallback,,69,52,E,source-indicated,type prior minus fallback margin + Fox profile governance
2449096504,Hullabaloo,Grenade Launcher,Legendary,generated-core,"3523296417,3751912585",98,57,E,availability-unverified,type mean + shrunk perk residuals + shrunk pair residual + Fox profile governance
2449096504,Hullabaloo,Grenade Launcher,Legendary,generated-core,"3987942396,3751912585",98,55,E,availability-unverified,type mean + shrunk perk residuals + shrunk pair residual + Fox profile governance
2449096504,Hullabaloo,Grenade Launcher,Legendary,generated-core,"3523296417,4049631843",98,54,E,availability-unverified,type mean + shrunk perk residuals + shrunk pair residual + Fox profile governance
2449096504,Hullabaloo,Grenade Launcher,Legendary,generated-core,"951095735,11612903",73,74,E,availability-unverified,type mean + shrunk perk residuals + shrunk pair residual + Fox profile governance
2449096504,Hullabaloo,Grenade Launcher,Legendary,generated-core,"951095735,880644845",80,73,E,availability-unverified,type mean + shrunk perk residuals + shrunk pair residual + Fox profile governance
2449096504,Hullabaloo,Grenade Launcher,Legendary,generated-fallback,,69,52,E,availability-unverified,type prior minus fallback margin + Fox profile governance
2666273249,Hullabaloo,Grenade Launcher,Legendary,generated-core,"3523296417,3751912585",98,57,E,source-indicated,type mean + shrunk perk residuals + shrunk pair residual + Fox profile governance
2666273249,Hullabaloo,Grenade Launcher,Legendary,generated-core,"3987942396,3751912585",98,55,E,source-indicated,type mean + shrunk perk residuals + shrunk pair residual + Fox profile governance
2666273249,Hullabaloo,Grenade Launcher,Legendary,generated-core,"3523296417,4049631843",98,54,E,source-indicated,type mean + shrunk perk residuals + shrunk pair residual + Fox profile governance
2666273249,Hullabaloo,Grenade Launcher,Legendary,generated-core,"951095735,11612903",73,74,E,source-indicated,type mean + shrunk perk residuals + shrunk pair residual + Fox profile governance
2666273249,Hullabaloo,Grenade Launcher,Legendary,generated-core,"951095735,880644845",80,73,E,source-indicated,type mean + shrunk perk residuals + shrunk pair residual + Fox profile governance
2666273249,Hullabaloo,Grenade Launcher,Legendary,generated-fallback,,69,52,E,source-indicated,type prior minus fallback margin + Fox profile governance
2761869150,Ignition Code,Grenade Launcher,Legendary,generated-core,"1556840489,4104185692",90,58,E,source-indicated,type mean + shrunk perk residuals + shrunk pair residual + Fox profile governance
2761869150,Ignition Code,Grenade Launcher,Legendary,generated-core,"1556840489,880644845",89,62,E,source-indicated,type mean + shrunk perk residuals + shrunk pair residual + Fox profile governance
2761869150,Ignition Code,Grenade Launcher,Legendary,generated-core,"2010801679,880644845",89,59,E,source-indicated,type mean + shrunk perk residuals + shrunk pair residual + Fox profile governance
2761869150,Ignition Code,Grenade Launcher,Legendary,generated-core,"3161816588,1546637391",70,81,E,source-indicated,type mean + shrunk perk residuals + shrunk pair residual + Fox profile governance
2761869150,Ignition Code,Grenade Launcher,Legendary,generated-core,"3161816588,438098033",72,78,E,source-indicated,type mean + shrunk perk residuals + shrunk pair residual + Fox profile governance
2761869150,Ignition Code,Grenade Launcher,Legendary,generated-fallback,,69,52,E,source-indicated,type prior minus fallback margin + Fox profile governance
2257180473,Interference VI,Grenade Launcher,Legendary,generated-core,"3300816228,3523296417",95,62,E,source-indicated,type mean + shrunk perk residuals + shrunk pair residual + Fox profile governance
2257180473,Interference VI,Grenade Launcher,Legendary,generated-core,"1631667848,3523296417",93,57,E,source-indicated,type mean + shrunk perk residuals + shrunk pair residual + Fox profile governance
2257180473,Interference VI,Grenade Launcher,Legendary,generated-core,"3300816228,2888557110",92,65,E,source-indicated,type mean + shrunk perk residuals + shrunk pair residual + Fox profile governance
2257180473,Interference VI,Grenade Launcher,Legendary,generated-core,"3300816228,4071163871",84,73,E,source-indicated,type mean + shrunk perk residuals + shrunk pair residual + Fox profile governance
2257180473,Interference VI,Grenade Launcher,Legendary,generated-core,"2869569095,4071163871",81,69,E,source-indicated,type mean + shrunk perk residuals + shrunk pair residual + Fox profile governance
2257180473,Interference VI,Grenade Launcher,Legendary,generated-fallback,,69,52,E,source-indicated,type prior minus fallback margin + Fox profile governance
1745368385,Lingering Dread,Grenade Launcher,Legendary,generated-core,"3300816228,2978966579",98,73,E,source-indicated,type mean + shrunk perk residuals + shrunk pair residual + Fox profile governance
1745368385,Lingering Dread,Grenade Launcher,Legendary,generated-core,"3300816228,4019266109",98,59,E,source-indicated,type mean + shrunk perk residuals + shrunk pair residual + Fox profile governance
1745368385,Lingering Dread,Grenade Launcher,Legendary,generated-core,"3300816228,2396489472",98,58,E,source-indicated,type mean + shrunk perk residuals + shrunk pair residual + Fox profile governance
1745368385,Lingering Dread,Grenade Launcher,Legendary,generated-core,"3523296417,2978966579",88,67,E,source-indicated,type mean + shrunk perk residuals + shrunk pair residual + Fox profile governance
1745368385,Lingering Dread,Grenade Launcher,Legendary,generated-fallback,,69,52,E,source-indicated,type prior minus fallback margin + Fox profile governance
3690523502,Love and Death,Grenade Launcher,Legendary,generated-core,"3300816228,2396489472",98,58,E,source-indicated,type mean + shrunk perk residuals + shrunk pair residual + Fox profile governance
3690523502,Love and Death,Grenade Launcher,Legendary,generated-core,"3300816228,4049631843",98,56,E,source-indicated,type mean + shrunk perk residuals + shrunk pair residual + Fox profile governance
3690523502,Love and Death,Grenade Launcher,Legendary,generated-core,"2869569095,2396489472",98,52,E,source-indicated,type mean + shrunk perk residuals + shrunk pair residual + Fox profile governance
3690523502,Love and Death,Grenade Launcher,Legendary,generated-core,"2846385770,1015611457",65,89,E,source-indicated,type mean + shrunk perk residuals + shrunk pair residual + Fox profile governance
3690523502,Love and Death,Grenade Launcher,Legendary,generated-core,"588594999,1015611457",71,83,E,source-indicated,type mean + shrunk perk residuals + shrunk pair residual + Fox profile governance
3690523502,Love and Death,Grenade Launcher,Legendary,generated-fallback,,69,52,E,source-indicated,type prior minus fallback margin + Fox profile governance
3850168899,Martyr's Retribution,Grenade Launcher,Legendary,generated-core,"3300816228,1556840489",95,62,E,source-indicated,type mean + shrunk perk residuals + shrunk pair residual + Fox profile governance
3850168899,Martyr's Retribution,Grenade Launcher,Legendary,generated-core,"3300816228,3523296417",95,62,E,source-indicated,type mean + shrunk perk residuals + shrunk pair residual + Fox profile governance
3850168899,Martyr's Retribution,Grenade Launcher,Legendary,generated-core,"2869569095,1556840489",91,59,E,source-indicated,type mean + shrunk perk residuals + shrunk pair residual + Fox profile governance
3850168899,Martyr's Retribution,Grenade Launcher,Legendary,generated-core,"4071163871,588594999",71,82,E,source-indicated,type mean + shrunk perk residuals + shrunk pair residual + Fox profile governance
3850168899,Martyr's Retribution,Grenade Launcher,Legendary,generated-core,"4071163871,2846385770",71,82,E,source-indicated,type mean + shrunk perk residuals + shrunk pair residual + Fox profile governance
3850168899,Martyr's Retribution,Grenade Launcher,Legendary,generated-fallback,,69,52,E,source-indicated,type prior minus fallback margin + Fox profile governance
3165547384,Memory Interdict,Grenade Launcher,Legendary,generated-core,"3300816228,2396489472",98,58,E,source-indicated,type mean + shrunk perk residuals + shrunk pair residual + Fox profile governance
3165547384,Memory Interdict,Grenade Launcher,Legendary,generated-core,"3300816228,1683379515",97,60,E,source-indicated,type mean + shrunk perk residuals + shrunk pair residual + Fox profile governance
3165547384,Memory Interdict,Grenade Launcher,Legendary,generated-core,"3300816228,3425386926",96,64,E,source-indicated,type mean + shrunk perk residuals + shrunk pair residual + Fox profile governance
3165547384,Memory Interdict,Grenade Launcher,Legendary,generated-core,"951095735,3511092054",71,78,E,source-indicated,type mean + shrunk perk residuals + shrunk pair residual + Fox profile governance
3165547384,Memory Interdict,Grenade Launcher,Legendary,generated-core,"3436462433,3511092054",71,78,E,source-indicated,type mean + shrunk perk residuals + shrunk pair residual + Fox profile governance
3165547384,Memory Interdict,Grenade Launcher,Legendary,generated-fallback,,69,52,E,source-indicated,type prior minus fallback margin + Fox profile governance
2108920981,Orewing's Maul,Grenade Launcher,Legendary,generated-core,"1631667848,3300816228",97,57,E,source-indicated,type mean + shrunk perk residuals + shrunk pair residual + Fox profile governance
2108920981,Orewing's Maul,Grenade Launcher,Legendary,generated-core,"2869569095,3300816228",95,61,E,source-indicated,type mean + shrunk perk residuals + shrunk pair residual + Fox profile governance
2108920981,Orewing's Maul,Grenade Launcher,Legendary,generated-core,"706527188,3300816228",93,67,E,source-indicated,type mean + shrunk perk residuals + shrunk pair residual + Fox profile governance
2108920981,Orewing's Maul,Grenade Launcher,Legendary,generated-core,"4071163871,588594999",71,82,E,source-indicated,type mean + shrunk perk residuals + shrunk pair residual + Fox profile governance
2108920981,Orewing's Maul,Grenade Launcher,Legendary,generated-core,"4071163871,2846385770",71,82,E,source-indicated,type mean + shrunk perk residuals + shrunk pair residual + Fox profile governance
2108920981,Orewing's Maul,Grenade Launcher,Legendary,generated-fallback,,69,52,E,source-indicated,type prior minus fallback margin + Fox profile governance
195440257,Play of the Game,Grenade Launcher,Legendary,generated-core,"3300816228,3425386926",96,64,E,source-indicated,type mean + shrunk perk residuals + shrunk pair residual + Fox profile governance
195440257,Play of the Game,Grenade Launcher,Legendary,generated-core,"3300816228,706527188",93,67,E,source-indicated,type mean + shrunk perk residuals + shrunk pair residual + Fox profile governance
195440257,Play of the Game,Grenade Launcher,Legendary,generated-core,"3300816228,2010801679",93,61,E,source-indicated,type mean + shrunk perk residuals + shrunk pair residual + Fox profile governance
195440257,Play of the Game,Grenade Launcher,Legendary,generated-core,"2846385770,706527188",80,76,E,source-indicated,type mean + shrunk perk residuals + shrunk pair residual + Fox profile governance
195440257,Play of the Game,Grenade Launcher,Legendary,generated-core,"4071163871,706527188",80,76,E,source-indicated,type mean + shrunk perk residuals + shrunk pair residual + Fox profile governance
195440257,Play of the Game,Grenade Launcher,Legendary,generated-fallback,,69,52,E,source-indicated,type prior minus fallback margin + Fox profile governance
268260373,Prodigal Return,Grenade Launcher,Legendary,generated-core,"968510818,3425386926",98,58,E,source-indicated,type mean + shrunk perk residuals + shrunk pair residual + Fox profile governance
268260373,Prodigal Return,Grenade Launcher,Legendary,generated-core,"968510818,1683379515",98,54,E,source-indicated,type mean + shrunk perk residuals + shrunk pair residual + Fox profile governance
268260373,Prodigal Return,Grenade Launcher,Legendary,generated-core,"968510818,2173046394",98,52,E,source-indicated,type mean + shrunk perk residuals + shrunk pair residual + Fox profile governance
268260373,Prodigal Return,Grenade Launcher,Legendary,generated-core,"4071163871,438098033",66,84,E,source-indicated,type mean + shrunk perk residuals + shrunk pair residual + Fox profile governance
268260373,Prodigal Return,Grenade Launcher,Legendary,generated-core,"4071163871,3523296417",73,79,E,source-indicated,type mean + shrunk perk residuals + shrunk pair residual + Fox profile governance
268260373,Prodigal Return,Grenade Launcher,Legendary,generated-fallback,,69,52,E,source-indicated,type prior minus fallback margin + Fox profile governance
2979965244,Romantic Death,Grenade Launcher,Legendary,generated-core,"776531651,2396489472",98,52,E,availability-unverified,type mean + shrunk perk residuals + shrunk pair residual + Fox profile governance
2979965244,Romantic Death,Grenade Launcher,Legendary,generated-core,"776531651,3764420437",98,51,E,availability-unverified,type mean + shrunk perk residuals + shrunk pair residual + Fox profile governance
2979965244,Romantic Death,Grenade Launcher,Legendary,generated-core,"776531651,3708227201",98,47,E,availability-unverified,type mean + shrunk perk residuals + shrunk pair residual + Fox profile governance
2979965244,Romantic Death,Grenade Launcher,Legendary,generated-core,"4071163871,951095735",71,82,E,availability-unverified,type mean + shrunk perk residuals + shrunk pair residual + Fox profile governance
2979965244,Romantic Death,Grenade Launcher,Legendary,generated-core,"563069569,951095735",79,75,E,availability-unverified,type mean + shrunk perk residuals + shrunk pair residual + Fox profile governance
2979965244,Romantic Death,Grenade Launcher,Legendary,generated-fallback,,69,52,E,availability-unverified,type prior minus fallback margin + Fox profile governance
2979965245,Romantic Death,Grenade Launcher,Legendary,generated-core,"776531651,2396489472",98,52,E,availability-unverified,type mean + shrunk perk residuals + shrunk pair residual + Fox profile governance
2979965245,Romantic Death,Grenade Launcher,Legendary,generated-core,"776531651,3764420437",98,51,E,availability-unverified,type mean + shrunk perk residuals + shrunk pair residual + Fox profile governance
2979965245,Romantic Death,Grenade Launcher,Legendary,generated-core,"776531651,3708227201",98,47,E,availability-unverified,type mean + shrunk perk residuals + shrunk pair residual + Fox profile governance
2979965245,Romantic Death,Grenade Launcher,Legendary,generated-core,"4071163871,951095735",71,82,E,availability-unverified,type mean + shrunk perk residuals + shrunk pair residual + Fox profile governance
2979965245,Romantic Death,Grenade Launcher,Legendary,generated-core,"563069569,951095735",79,75,E,availability-unverified,type mean + shrunk perk residuals + shrunk pair residual + Fox profile governance
2979965245,Romantic Death,Grenade Launcher,Legendary,generated-fallback,,69,52,E,availability-unverified,type prior minus fallback margin + Fox profile governance
2979965246,Romantic Death,Grenade Launcher,Legendary,generated-core,"776531651,2396489472",98,52,E,availability-unverified,type mean + shrunk perk residuals + shrunk pair residual + Fox profile governance
2979965246,Romantic Death,Grenade Launcher,Legendary,generated-core,"776531651,3764420437",98,51,E,availability-unverified,type mean + shrunk perk residuals + shrunk pair residual + Fox profile governance
2979965246,Romantic Death,Grenade Launcher,Legendary,generated-core,"776531651,3708227201",98,47,E,availability-unverified,type mean + shrunk perk residuals + shrunk pair residual + Fox profile governance
2979965246,Romantic Death,Grenade Launcher,Legendary,generated-core,"4071163871,951095735",71,82,E,availability-unverified,type mean + shrunk perk residuals + shrunk pair residual + Fox profile governance
2979965246,Romantic Death,Grenade Launcher,Legendary,generated-core,"563069569,951095735",79,75,E,availability-unverified,type mean + shrunk perk residuals + shrunk pair residual + Fox profile governance
2979965246,Romantic Death,Grenade Launcher,Legendary,generated-fallback,,69,52,E,availability-unverified,type prior minus fallback margin + Fox profile governance
2979965247,Romantic Death,Grenade Launcher,Legendary,generated-core,"776531651,2396489472",98,52,E,availability-unverified,type mean + shrunk perk residuals + shrunk pair residual + Fox profile governance
2979965247,Romantic Death,Grenade Launcher,Legendary,generated-core,"776531651,3764420437",98,51,E,availability-unverified,type mean + shrunk perk residuals + shrunk pair residual + Fox profile governance
2979965247,Romantic Death,Grenade Launcher,Legendary,generated-core,"776531651,3708227201",98,47,E,availability-unverified,type mean + shrunk perk residuals + shrunk pair residual + Fox profile governance
2979965247,Romantic Death,Grenade Launcher,Legendary,generated-core,"4071163871,951095735",71,82,E,availability-unverified,type mean + shrunk perk residuals + shrunk pair residual + Fox profile governance
2979965247,Romantic Death,Grenade Launcher,Legendary,generated-core,"563069569,951095735",79,75,E,availability-unverified,type mean + shrunk perk residuals + shrunk pair residual + Fox profile governance
2979965247,Romantic Death,Grenade Launcher,Legendary,generated-fallback,,69,52,E,availability-unverified,type prior minus fallback margin + Fox profile governance
4169082039,Romantic Death,Grenade Launcher,Legendary,generated-core,"776531651,2396489472",98,52,E,source-indicated,type mean + shrunk perk residuals + shrunk pair residual + Fox profile governance
4169082039,Romantic Death,Grenade Launcher,Legendary,generated-core,"776531651,3764420437",98,51,E,source-indicated,type mean + shrunk perk residuals + shrunk pair residual + Fox profile governance
4169082039,Romantic Death,Grenade Launcher,Legendary,generated-core,"776531651,3708227201",98,47,E,source-indicated,type mean + shrunk perk residuals + shrunk pair residual + Fox profile governance
4169082039,Romantic Death,Grenade Launcher,Legendary,generated-core,"4071163871,951095735",71,82,E,source-indicated,type mean + shrunk perk residuals + shrunk pair residual + Fox profile governance
4169082039,Romantic Death,Grenade Launcher,Legendary,generated-core,"563069569,951095735",79,75,E,source-indicated,type mean + shrunk perk residuals + shrunk pair residual + Fox profile governance
4169082039,Romantic Death,Grenade Launcher,Legendary,generated-fallback,,69,52,E,source-indicated,type prior minus fallback margin + Fox profile governance
2461640837,Salvager's Salvo,Grenade Launcher,Legendary,generated-core,"2458610193,3324494224",98,58,E,availability-unverified,type mean + shrunk perk residuals + shrunk pair residual + Fox profile governance
2461640837,Salvager's Salvo,Grenade Launcher,Legendary,generated-core,"3523296417,3324494224",98,58,E,availability-unverified,type mean + shrunk perk residuals + shrunk pair residual + Fox profile governance
2461640837,Salvager's Salvo,Grenade Launcher,Legendary,generated-core,"1115162408,3324494224",98,57,E,availability-unverified,type mean + shrunk perk residuals + shrunk pair residual + Fox profile governance
2461640837,Salvager's Salvo,Grenade Launcher,Legendary,generated-core,"3523296417,1546637391",78,71,E,availability-unverified,type mean + shrunk perk residuals + shrunk pair residual + Fox profile governance
2461640837,Salvager's Salvo,Grenade Launcher,Legendary,generated-core,"3108830275,1546637391",83,68,E,availability-unverified,type mean + shrunk perk residuals + shrunk pair residual + Fox profile governance
2461640837,Salvager's Salvo,Grenade Launcher,Legendary,generated-fallback,,69,52,E,availability-unverified,type prior minus fallback margin + Fox profile governance
433905699,Swarm of the Raven,Grenade Launcher,Legendary,generated-core,"3300816228,968510818",98,58,E,source-indicated,type mean + shrunk perk residuals + shrunk pair residual + Fox profile governance
433905699,Swarm of the Raven,Grenade Launcher,Legendary,generated-core,"3300816228,2048641572",98,57,E,source-indicated,type mean + shrunk perk residuals + shrunk pair residual + Fox profile governance
433905699,Swarm of the Raven,Grenade Launcher,Legendary,generated-core,"3300816228,3751912585",98,57,E,source-indicated,type mean + shrunk perk residuals + shrunk pair residual + Fox profile governance
433905699,Swarm of the Raven,Grenade Launcher,Legendary,generated-core,"951095735,3673922083",71,83,E,source-indicated,type mean + shrunk perk residuals + shrunk pair residual + Fox profile governance
433905699,Swarm of the Raven,Grenade Launcher,Legendary,generated-core,"1821614984,3673922083",71,81,E,source-indicated,type mean + shrunk perk residuals + shrunk pair residual + Fox profile governance
433905699,Swarm of the Raven,Grenade Launcher,Legendary,generated-fallback,,69,52,E,source-indicated,type prior minus fallback margin + Fox profile governance
1972985595,Swarm of the Raven,Grenade Launcher,Legendary,generated-core,"3300816228,3425386926",96,64,E,source-indicated,type mean + shrunk perk residuals + shrunk pair residual + Fox profile governance
1972985595,Swarm of the Raven,Grenade Launcher,Legendary,generated-core,"3300816228,706527188",93,67,E,source-indicated,type mean + shrunk perk residuals + shrunk pair residual + Fox profile governance
1972985595,Swarm of the Raven,Grenade Launcher,Legendary,generated-core,"3300816228,2010801679",93,61,E,source-indicated,type mean + shrunk perk residuals + shrunk pair residual + Fox profile governance
1972985595,Swarm of the Raven,Grenade Launcher,Legendary,generated-core,"4071163871,706527188",80,76,E,source-indicated,type mean + shrunk perk residuals + shrunk pair residual + Fox profile governance
1972985595,Swarm of the Raven,Grenade Launcher,Legendary,generated-core,"4071163871,3096702027",79,74,E,source-indicated,type mean + shrunk perk residuals + shrunk pair residual + Fox profile governance
1972985595,Swarm of the Raven,Grenade Launcher,Legendary,generated-fallback,,69,52,E,source-indicated,type prior minus fallback margin + Fox profile governance
40394833,The Militia's Birthright,Grenade Launcher,Legendary,generated-core,"1631667848,4049631843",98,50,E,availability-unverified,type mean + shrunk perk residuals + shrunk pair residual + Fox profile governance
40394833,The Militia's Birthright,Grenade Launcher,Legendary,generated-core,"1631667848,3300816228",97,57,E,availability-unverified,type mean + shrunk perk residuals + shrunk pair residual + Fox profile governance
40394833,The Militia's Birthright,Grenade Launcher,Legendary,generated-core,"1556840489,3300816228",95,62,E,availability-unverified,type mean + shrunk perk residuals + shrunk pair residual + Fox profile governance
40394833,The Militia's Birthright,Grenade Launcher,Legendary,generated-core,"2039302152,4082225868",72,76,E,availability-unverified,type mean + shrunk perk residuals + shrunk pair residual + Fox profile governance
40394833,The Militia's Birthright,Grenade Launcher,Legendary,generated-core,"2039302152,691659142",76,74,E,availability-unverified,type mean + shrunk perk residuals + shrunk pair residual + Fox profile governance
40394833,The Militia's Birthright,Grenade Launcher,Legendary,generated-fallback,,69,52,E,availability-unverified,type prior minus fallback margin + Fox profile governance
1854753405,The Militia's Birthright,Grenade Launcher,Legendary,generated-core,"1631667848,4049631843",98,50,E,source-indicated,type mean + shrunk perk residuals + shrunk pair residual + Fox profile governance
1854753405,The Militia's Birthright,Grenade Launcher,Legendary,generated-core,"1631667848,3300816228",97,57,E,source-indicated,type mean + shrunk perk residuals + shrunk pair residual + Fox profile governance
1854753405,The Militia's Birthright,Grenade Launcher,Legendary,generated-core,"1556840489,3300816228",95,62,E,source-indicated,type mean + shrunk perk residuals + shrunk pair residual + Fox profile governance
1854753405,The Militia's Birthright,Grenade Launcher,Legendary,generated-core,"2039302152,960810156",79,76,E,source-indicated,type mean + shrunk perk residuals + shrunk pair residual + Fox profile governance
1854753405,The Militia's Birthright,Grenade Launcher,Legendary,generated-core,"2039302152,4082225868",72,76,E,source-indicated,type mean + shrunk perk residuals + shrunk pair residual + Fox profile governance
1854753405,The Militia's Birthright,Grenade Launcher,Legendary,generated-fallback,,69,52,E,source-indicated,type prior minus fallback margin + Fox profile governance
3745974521,The Militia's Birthright,Grenade Launcher,Legendary,generated-core,"1631667848,3300816228",97,57,E,source-indicated,type mean + shrunk perk residuals + shrunk pair residual + Fox profile governance
3745974521,The Militia's Birthright,Grenade Launcher,Legendary,generated-core,"706527188,3300816228",93,67,E,source-indicated,type mean + shrunk perk residuals + shrunk pair residual + Fox profile governance
3745974521,The Militia's Birthright,Grenade Launcher,Legendary,generated-core,"2010801679,3300816228",93,61,E,source-indicated,type mean + shrunk perk residuals + shrunk pair residual + Fox profile governance
3745974521,The Militia's Birthright,Grenade Launcher,Legendary,generated-core,"706527188,588594999",80,76,E,source-indicated,type mean + shrunk perk residuals + shrunk pair residual + Fox profile governance
3745974521,The Militia's Birthright,Grenade Launcher,Legendary,generated-core,"706527188,2846385770",80,76,E,source-indicated,type mean + shrunk perk residuals + shrunk pair residual + Fox profile governance
3745974521,The Militia's Birthright,Grenade Launcher,Legendary,generated-fallback,,69,52,E,source-indicated,type prior minus fallback margin + Fox profile governance
2378101424,The Militia's Birthright (Adept),Grenade Launcher,Legendary,generated-core,"1631667848,4049631843",98,50,E,availability-unverified,type mean + shrunk perk residuals + shrunk pair residual + Fox profile governance
2378101424,The Militia's Birthright (Adept),Grenade Launcher,Legendary,generated-core,"1631667848,3300816228",97,57,E,availability-unverified,type mean + shrunk perk residuals + shrunk pair residual + Fox profile governance
2378101424,The Militia's Birthright (Adept),Grenade Launcher,Legendary,generated-core,"1556840489,3300816228",95,62,E,availability-unverified,type mean + shrunk perk residuals + shrunk pair residual + Fox profile governance
2378101424,The Militia's Birthright (Adept),Grenade Launcher,Legendary,generated-core,"2039302152,4082225868",72,76,E,availability-unverified,type mean + shrunk perk residuals + shrunk pair residual + Fox profile governance
2378101424,The Militia's Birthright (Adept),Grenade Launcher,Legendary,generated-core,"2039302152,691659142",76,74,E,availability-unverified,type mean + shrunk perk residuals + shrunk pair residual + Fox profile governance
2378101424,The Militia's Birthright (Adept),Grenade Launcher,Legendary,generated-fallback,,69,52,E,availability-unverified,type prior minus fallback margin + Fox profile governance
4162642204,The Militia's Birthright (Adept),Grenade Launcher,Legendary,generated-core,"1631667848,4049631843",98,50,E,source-indicated,type mean + shrunk perk residuals + shrunk pair residual + Fox profile governance
4162642204,The Militia's Birthright (Adept),Grenade Launcher,Legendary,generated-core,"1631667848,3300816228",97,57,E,source-indicated,type mean + shrunk perk residuals + shrunk pair residual + Fox profile governance
4162642204,The Militia's Birthright (Adept),Grenade Launcher,Legendary,generated-core,"1556840489,3300816228",95,62,E,source-indicated,type mean + shrunk perk residuals + shrunk pair residual + Fox profile governance
4162642204,The Militia's Birthright (Adept),Grenade Launcher,Legendary,generated-core,"2039302152,960810156",79,76,E,source-indicated,type mean + shrunk perk residuals + shrunk pair residual + Fox profile governance
4162642204,The Militia's Birthright (Adept),Grenade Launcher,Legendary,generated-core,"2039302152,4082225868",72,76,E,source-indicated,type mean + shrunk perk residuals + shrunk pair residual + Fox profile governance
4162642204,The Militia's Birthright (Adept),Grenade Launcher,Legendary,generated-fallback,,69,52,E,source-indicated,type prior minus fallback margin + Fox profile governance
568611922,The Mountaintop,Grenade Launcher,Legendary,generated-core,"3643424744,3425386926",98,67,E,source-indicated,type mean + shrunk perk residuals + shrunk pair residual + Fox profile governance
568611922,The Mountaintop,Grenade Launcher,Legendary,generated-core,"3300816228,469285294",98,62,E,source-indicated,type mean + shrunk perk residuals + shrunk pair residual + Fox profile governance
568611922,The Mountaintop,Grenade Launcher,Legendary,generated-core,"3643424744,469285294",98,59,E,source-indicated,type mean + shrunk perk residuals + shrunk pair residual + Fox profile governance
568611922,The Mountaintop,Grenade Launcher,Legendary,generated-core,"951095735,1546637391",70,81,E,source-indicated,type mean + shrunk perk residuals + shrunk pair residual + Fox profile governance
568611922,The Mountaintop,Grenade Launcher,Legendary,generated-core,"951095735,438098033",73,78,E,source-indicated,type mean + shrunk perk residuals + shrunk pair residual + Fox profile governance
568611922,The Mountaintop,Grenade Launcher,Legendary,generated-fallback,,69,52,E,source-indicated,type prior minus fallback margin + Fox profile governance
3736001861,The Mountaintop,Grenade Launcher,Legendary,generated-core,"3643424744,3425386926",98,67,E,source-indicated,type mean + shrunk perk residuals + shrunk pair residual + Fox profile governance
3736001861,The Mountaintop,Grenade Launcher,Legendary,generated-core,"3300816228,469285294",98,62,E,source-indicated,type mean + shrunk perk residuals + shrunk pair residual + Fox profile governance
3736001861,The Mountaintop,Grenade Launcher,Legendary,generated-core,"3643424744,469285294",98,59,E,source-indicated,type mean + shrunk perk residuals + shrunk pair residual + Fox profile governance
3736001861,The Mountaintop,Grenade Launcher,Legendary,generated-core,"951095735,1546637391",70,81,E,source-indicated,type mean + shrunk perk residuals + shrunk pair residual + Fox profile governance
3736001861,The Mountaintop,Grenade Launcher,Legendary,generated-core,"951095735,3425386926",82,73,E,source-indicated,type mean + shrunk perk residuals + shrunk pair residual + Fox profile governance
3736001861,The Mountaintop,Grenade Launcher,Legendary,generated-fallback,,69,52,E,source-indicated,type prior minus fallback margin + Fox profile governance
301362381,Through Fire and Flood,Grenade Launcher,Legendary,generated-core,"3300816228,3425386926",96,64,E,source-indicated,type mean + shrunk perk residuals + shrunk pair residual + Fox profile governance
301362381,Through Fire and Flood,Grenade Launcher,Legendary,generated-core,"3300816228,706527188",93,67,E,source-indicated,type mean + shrunk perk residuals + shrunk pair residual + Fox profile governance
301362381,Through Fire and Flood,Grenade Launcher,Legendary,generated-core,"3300816228,2010801679",93,61,E,source-indicated,type mean + shrunk perk residuals + shrunk pair residual + Fox profile governance
301362381,Through Fire and Flood,Grenade Launcher,Legendary,generated-core,"2846385770,706527188",80,76,E,source-indicated,type mean + shrunk perk residuals + shrunk pair residual + Fox profile governance
301362381,Through Fire and Flood,Grenade Launcher,Legendary,generated-core,"4071163871,706527188",80,76,E,source-indicated,type mean + shrunk perk residuals + shrunk pair residual + Fox profile governance
301362381,Through Fire and Flood,Grenade Launcher,Legendary,generated-fallback,,69,52,E,source-indicated,type prior minus fallback margin + Fox profile governance
447296102,Truthteller,Grenade Launcher,Legendary,generated-core,"1631667848,3324494224",98,54,E,source-indicated,type mean + shrunk perk residuals + shrunk pair residual + Fox profile governance
447296102,Truthteller,Grenade Launcher,Legendary,generated-core,"1631667848,776531651",98,50,E,source-indicated,type mean + shrunk perk residuals + shrunk pair residual + Fox profile governance
447296102,Truthteller,Grenade Launcher,Legendary,generated-core,"1631667848,1683379515",97,52,E,source-indicated,type mean + shrunk perk residuals + shrunk pair residual + Fox profile governance
447296102,Truthteller,Grenade Launcher,Legendary,generated-core,"588594999,4071163871",71,82,E,source-indicated,type mean + shrunk perk residuals + shrunk pair residual + Fox profile governance
447296102,Truthteller,Grenade Launcher,Legendary,generated-core,"588594999,438098033",72,78,E,source-indicated,type mean + shrunk perk residuals + shrunk pair residual + Fox profile governance
447296102,Truthteller,Grenade Launcher,Legendary,generated-fallback,,69,52,E,source-indicated,type prior minus fallback margin + Fox profile governance
491956886,Tusk of the Boar,Grenade Launcher,Legendary,generated-core,"923806249,2396489472",98,55,E,source-indicated,type mean + shrunk perk residuals + shrunk pair residual + Fox profile governance
491956886,Tusk of the Boar,Grenade Launcher,Legendary,generated-core,"968510818,1164602481",98,55,E,source-indicated,type mean + shrunk perk residuals + shrunk pair residual + Fox profile governance
491956886,Tusk of the Boar,Grenade Launcher,Legendary,generated-core,"968510818,3993379141",98,55,E,source-indicated,type mean + shrunk perk residuals + shrunk pair residual + Fox profile governance
491956886,Tusk of the Boar,Grenade Launcher,Legendary,generated-core,"2039302152,4082225868",72,76,E,source-indicated,type mean + shrunk perk residuals + shrunk pair residual + Fox profile governance
491956886,Tusk of the Boar,Grenade Launcher,Legendary,generated-core,"2039302152,1546637391",76,75,E,source-indicated,type mean + shrunk perk residuals + shrunk pair residual + Fox profile governance
491956886,Tusk of the Boar,Grenade Launcher,Legendary,generated-fallback,,69,52,E,source-indicated,type prior minus fallback margin + Fox profile governance
1151688091,Undercurrent,Grenade Launcher,Legendary,generated-core,"3523296417,243981275",98,55,E,availability-unverified,type mean + shrunk perk residuals + shrunk pair residual + Fox profile governance
1151688091,Undercurrent,Grenade Launcher,Legendary,generated-core,"3523296417,4049631843",98,54,E,availability-unverified,type mean + shrunk perk residuals + shrunk pair residual + Fox profile governance
1151688091,Undercurrent,Grenade Launcher,Legendary,generated-core,"2869569095,243981275",97,55,E,availability-unverified,type mean + shrunk perk residuals + shrunk pair residual + Fox profile governance
1151688091,Undercurrent,Grenade Launcher,Legendary,generated-core,"1556840489,11612903",78,71,E,availability-unverified,type mean + shrunk perk residuals + shrunk pair residual + Fox profile governance
1151688091,Undercurrent,Grenade Launcher,Legendary,generated-core,"3523296417,11612903",82,69,E,availability-unverified,type mean + shrunk perk residuals + shrunk pair residual + Fox profile governance
1151688091,Undercurrent,Grenade Launcher,Legendary,generated-fallback,,69,52,E,availability-unverified,type prior minus fallback margin + Fox profile governance
672957262,Undercurrent (Adept),Grenade Launcher,Legendary,generated-core,"3523296417,243981275",98,55,E,availability-unverified,type mean + shrunk perk residuals + shrunk pair residual + Fox profile governance
672957262,Undercurrent (Adept),Grenade Launcher,Legendary,generated-core,"3523296417,4049631843",98,54,E,availability-unverified,type mean + shrunk perk residuals + shrunk pair residual + Fox profile governance
672957262,Undercurrent (Adept),Grenade Launcher,Legendary,generated-core,"2869569095,243981275",97,55,E,availability-unverified,type mean + shrunk perk residuals + shrunk pair residual + Fox profile governance
672957262,Undercurrent (Adept),Grenade Launcher,Legendary,generated-core,"1556840489,11612903",78,71,E,availability-unverified,type mean + shrunk perk residuals + shrunk pair residual + Fox profile governance
672957262,Undercurrent (Adept),Grenade Launcher,Legendary,generated-core,"3523296417,11612903",82,69,E,availability-unverified,type mean + shrunk perk residuals + shrunk pair residual + Fox profile governance
672957262,Undercurrent (Adept),Grenade Launcher,Legendary,generated-fallback,,69,52,E,availability-unverified,type prior minus fallback margin + Fox profile governance
817909300,Undercurrent (Adept),Grenade Launcher,Legendary,generated-core,"3523296417,243981275",98,55,E,source-indicated,type mean + shrunk perk residuals + shrunk pair residual + Fox profile governance
817909300,Undercurrent (Adept),Grenade Launcher,Legendary,generated-core,"3523296417,4049631843",98,54,E,source-indicated,type mean + shrunk perk residuals + shrunk pair residual + Fox profile governance
817909300,Undercurrent (Adept),Grenade Launcher,Legendary,generated-core,"2869569095,243981275",97,55,E,source-indicated,type mean + shrunk perk residuals + shrunk pair residual + Fox profile governance
817909300,Undercurrent (Adept),Grenade Launcher,Legendary,generated-core,"1556840489,11612903",78,71,E,source-indicated,type mean + shrunk perk residuals + shrunk pair residual + Fox profile governance
817909300,Undercurrent (Adept),Grenade Launcher,Legendary,generated-core,"3523296417,11612903",82,69,E,source-indicated,type mean + shrunk perk residuals + shrunk pair residual + Fox profile governance
817909300,Undercurrent (Adept),Grenade Launcher,Legendary,generated-fallback,,69,52,E,source-indicated,type prior minus fallback margin + Fox profile governance
1854753404,Wendigo GL3,Grenade Launcher,Legendary,generated-core,"2396489472,3194351027",98,60,E,source-indicated,type mean + shrunk perk residuals + shrunk pair residual + Fox profile governance
1854753404,Wendigo GL3,Grenade Launcher,Legendary,generated-core,"3300816228,3751912585",98,57,E,source-indicated,type mean + shrunk perk residuals + shrunk pair residual + Fox profile governance
1854753404,Wendigo GL3,Grenade Launcher,Legendary,generated-core,"2284787283,3751912585",98,55,E,source-indicated,type mean + shrunk perk residuals + shrunk pair residual + Fox profile governance
1854753404,Wendigo GL3,Grenade Launcher,Legendary,generated-core,"951095735,3194351027",77,83,E,source-indicated,type mean + shrunk perk residuals + shrunk pair residual + Fox profile governance
1854753404,Wendigo GL3,Grenade Launcher,Legendary,generated-core,"951095735,2846385770",71,83,E,source-indicated,type mean + shrunk perk residuals + shrunk pair residual + Fox profile governance
1854753404,Wendigo GL3,Grenade Launcher,Legendary,generated-fallback,,69,52,E,source-indicated,type prior minus fallback margin + Fox profile governance
3183283212,Wendigo GL3,Grenade Launcher,Legendary,generated-core,"2396489472,3194351027",98,60,E,availability-unverified,type mean + shrunk perk residuals + shrunk pair residual + Fox profile governance
3183283212,Wendigo GL3,Grenade Launcher,Legendary,generated-core,"3300816228,3751912585",98,57,E,availability-unverified,type mean + shrunk perk residuals + shrunk pair residual + Fox profile governance
3183283212,Wendigo GL3,Grenade Launcher,Legendary,generated-core,"2284787283,3751912585",98,55,E,availability-unverified,type mean + shrunk perk residuals + shrunk pair residual + Fox profile governance
3183283212,Wendigo GL3,Grenade Launcher,Legendary,generated-core,"951095735,3194351027",77,83,E,availability-unverified,type mean + shrunk perk residuals + shrunk pair residual + Fox profile governance
3183283212,Wendigo GL3,Grenade Launcher,Legendary,generated-core,"951095735,2846385770",71,83,E,availability-unverified,type mean + shrunk perk residuals + shrunk pair residual + Fox profile governance
3183283212,Wendigo GL3,Grenade Launcher,Legendary,generated-fallback,,69,52,E,availability-unverified,type prior minus fallback margin + Fox profile governance
4021098353,Wendigo GL3,Grenade Launcher,Legendary,generated-core,"2396489472,3194351027",98,60,E,source-indicated,type mean + shrunk perk residuals + shrunk pair residual + Fox profile governance
4021098353,Wendigo GL3,Grenade Launcher,Legendary,generated-core,"3300816228,3751912585",98,57,E,source-indicated,type mean + shrunk perk residuals + shrunk pair residual + Fox profile governance
4021098353,Wendigo GL3,Grenade Launcher,Legendary,generated-core,"2284787283,3751912585",98,55,E,source-indicated,type mean + shrunk perk residuals + shrunk pair residual + Fox profile governance
4021098353,Wendigo GL3,Grenade Launcher,Legendary,generated-core,"951095735,3194351027",77,83,E,source-indicated,type mean + shrunk perk residuals + shrunk pair residual + Fox profile governance
4021098353,Wendigo GL3,Grenade Launcher,Legendary,generated-core,"951095735,2846385770",71,83,E,source-indicated,type mean + shrunk perk residuals + shrunk pair residual + Fox profile governance
4021098353,Wendigo GL3,Grenade Launcher,Legendary,generated-fallback,,69,52,E,source-indicated,type prior minus fallback margin + Fox profile governance
555148853,Wendigo GL3 (Adept),Grenade Launcher,Legendary,generated-core,"2396489472,3194351027",98,60,E,availability-unverified,type mean + shrunk perk residuals + shrunk pair residual + Fox profile governance
555148853,Wendigo GL3 (Adept),Grenade Launcher,Legendary,generated-core,"3300816228,3751912585",98,57,E,availability-unverified,type mean + shrunk perk residuals + shrunk pair residual + Fox profile governance
555148853,Wendigo GL3 (Adept),Grenade Launcher,Legendary,generated-core,"2284787283,3751912585",98,55,E,availability-unverified,type mean + shrunk perk residuals + shrunk pair residual + Fox profile governance
555148853,Wendigo GL3 (Adept),Grenade Launcher,Legendary,generated-core,"951095735,3194351027",77,83,E,availability-unverified,type mean + shrunk perk residuals + shrunk pair residual + Fox profile governance
555148853,Wendigo GL3 (Adept),Grenade Launcher,Legendary,generated-core,"951095735,2846385770",71,83,E,availability-unverified,type mean + shrunk perk residuals + shrunk pair residual + Fox profile governance
555148853,Wendigo GL3 (Adept),Grenade Launcher,Legendary,generated-fallback,,69,52,E,availability-unverified,type prior minus fallback margin + Fox profile governance
3915197957,Wendigo GL3 (Adept),Grenade Launcher,Legendary,generated-core,"2396489472,3194351027",98,60,E,source-indicated,type mean + shrunk perk residuals + shrunk pair residual + Fox profile governance
3915197957,Wendigo GL3 (Adept),Grenade Launcher,Legendary,generated-core,"3300816228,3751912585",98,57,E,source-indicated,type mean + shrunk perk residuals + shrunk pair residual + Fox profile governance
3915197957,Wendigo GL3 (Adept),Grenade Launcher,Legendary,generated-core,"2284787283,3751912585",98,55,E,source-indicated,type mean + shrunk perk residuals + shrunk pair residual + Fox profile governance
3915197957,Wendigo GL3 (Adept),Grenade Launcher,Legendary,generated-core,"951095735,3194351027",77,83,E,source-indicated,type mean + shrunk perk residuals + shrunk pair residual + Fox profile governance
3915197957,Wendigo GL3 (Adept),Grenade Launcher,Legendary,generated-core,"951095735,2846385770",71,83,E,source-indicated,type mean + shrunk perk residuals + shrunk pair residual + Fox profile governance
3915197957,Wendigo GL3 (Adept),Grenade Launcher,Legendary,generated-fallback,,69,52,E,source-indicated,type prior minus fallback margin + Fox profile governance
4021098352,Wild Style,Grenade Launcher,Legendary,generated-core,"1523832109,3324494224",98,59,E,source-indicated,type mean + shrunk perk residuals + shrunk pair residual + Fox profile governance
4021098352,Wild Style,Grenade Launcher,Legendary,generated-core,"968510818,3324494224",98,56,E,source-indicated,type mean + shrunk perk residuals + shrunk pair residual + Fox profile governance
4021098352,Wild Style,Grenade Launcher,Legendary,generated-core,"968510818,3708227201",98,54,E,source-indicated,type mean + shrunk perk residuals + shrunk pair residual + Fox profile governance
4021098352,Wild Style,Grenade Launcher,Legendary,generated-core,"960810156,1546637391",84,68,E,source-indicated,type mean + shrunk perk residuals + shrunk pair residual + Fox profile governance
4021098352,Wild Style,Grenade Launcher,Legendary,generated-core,"3828510309,1546637391",81,67,E,source-indicated,type mean + shrunk perk residuals + shrunk pair residual + Fox profile governance
4021098352,Wild Style,Grenade Launcher,Legendary,generated-fallback,,69,52,E,source-indicated,type prior minus fallback margin + Fox profile governance
959037361,Wild Style (Adept),Grenade Launcher,Legendary,generated-core,"1523832109,3324494224",98,59,E,source-indicated,type mean + shrunk perk residuals + shrunk pair residual + Fox profile governance
959037361,Wild Style (Adept),Grenade Launcher,Legendary,generated-core,"960810156,243981275",98,58,E,source-indicated,type mean + shrunk perk residuals + shrunk pair residual + Fox profile governance
959037361,Wild Style (Adept),Grenade Launcher,Legendary,generated-core,"968510818,3324494224",98,56,E,source-indicated,type mean + shrunk perk residuals + shrunk pair residual + Fox profile governance
959037361,Wild Style (Adept),Grenade Launcher,Legendary,generated-core,"3619207468,2428997981",79,75,E,source-indicated,type mean + shrunk perk residuals + shrunk pair residual + Fox profile governance
959037361,Wild Style (Adept),Grenade Launcher,Legendary,generated-core,"3619207468,1546637391",76,75,E,source-indicated,type mean + shrunk perk residuals + shrunk pair residual + Fox profile governance
959037361,Wild Style (Adept),Grenade Launcher,Legendary,generated-fallback,,69,52,E,source-indicated,type prior minus fallback margin + Fox profile governance
2306182339,Wilderflight,Grenade Launcher,Legendary,generated-core,"776531651,1556840489",98,55,E,availability-unverified,type mean + shrunk perk residuals + shrunk pair residual + Fox profile governance
2306182339,Wilderflight,Grenade Launcher,Legendary,generated-core,"776531651,1683379515",98,53,E,availability-unverified,type mean + shrunk perk residuals + shrunk pair residual + Fox profile governance
2306182339,Wilderflight,Grenade Launcher,Legendary,generated-core,"3300816228,1683379515",97,60,E,availability-unverified,type mean + shrunk perk residuals + shrunk pair residual + Fox profile governance
2306182339,Wilderflight,Grenade Launcher,Legendary,generated-core,"3108830275,11612903",76,74,E,availability-unverified,type mean + shrunk perk residuals + shrunk pair residual + Fox profile governance
2306182339,Wilderflight,Grenade Launcher,Legendary,generated-core,"3300816228,1546637391",84,72,E,availability-unverified,type mean + shrunk perk residuals + shrunk pair residual + Fox profile governance
2306182339,Wilderflight,Grenade Launcher,Legendary,generated-fallback,,69,52,E,availability-unverified,type prior minus fallback margin + Fox profile governance
2071412133,A Cold Sweat,Hand Cannon,Legendary,generated-core,1168162263,85,69,E,source-indicated,type mean + shrunk perk residuals + shrunk pair residual + Fox profile governance
2071412133,A Cold Sweat,Hand Cannon,Legendary,generated-core,2039302152,72,85,E,source-indicated,type mean + shrunk perk residuals + shrunk pair residual + Fox profile governance
2071412133,A Cold Sweat,Hand Cannon,Legendary,generated-fallback,,66,62,E,source-indicated,type prior minus fallback margin + Fox profile governance
4124362340,Agape,Hand Cannon,Legendary,generated-core,"3418782618,4293542123",98,57,E,source-indicated,type mean + shrunk perk residuals + shrunk pair residual + Fox profile governance
4124362340,Agape,Hand Cannon,Legendary,generated-core,"3017780555,3824105627",98,56,E,source-indicated,type mean + shrunk perk residuals + shrunk pair residual + Fox profile governance
4124362340,Agape,Hand Cannon,Legendary,generated-core,"3017780555,4293542123",98,56,E,source-indicated,type mean + shrunk perk residuals + shrunk pair residual + Fox profile governance
4124362340,Agape,Hand Cannon,Legendary,generated-core,"588594999,2451262963",64,93,E,source-indicated,type mean + shrunk perk residuals + shrunk pair residual + Fox profile governance
4124362340,Agape,Hand Cannon,Legendary,generated-core,"1195158366,2451262963",64,93,E,source-indicated,type mean + shrunk perk residuals + shrunk pair residual + Fox profile governance
4124362340,Agape,Hand Cannon,Legendary,generated-fallback,,66,62,E,source-indicated,type prior minus fallback margin + Fox profile governance
48643186,Ancient Gospel,Hand Cannon,Legendary,generated-core,"1168162263,2848615171",89,65,E,source-indicated,type mean + shrunk perk residuals + shrunk pair residual + Fox profile governance
48643186,Ancient Gospel,Hand Cannon,Legendary,generated-core,"1168162263,4082225868",78,70,E,source-indicated,type mean + shrunk perk residuals + shrunk pair residual + Fox profile governance
48643186,Ancient Gospel,Hand Cannon,Legendary,generated-core,"699525795,2848615171",76,81,E,source-indicated,type mean + shrunk perk residuals + shrunk pair residual + Fox profile governance
48643186,Ancient Gospel,Hand Cannon,Legendary,generated-core,"247725512,1015611457",58,96,E,source-indicated,type mean + shrunk perk residuals + shrunk pair residual + Fox profile governance
48643186,Ancient Gospel,Hand Cannon,Legendary,generated-core,"699525795,2846385770",60,94,E,source-indicated,type mean + shrunk perk residuals + shrunk pair residual + Fox profile governance
48643186,Ancient Gospel,Hand Cannon,Legendary,generated-fallback,,66,62,E,source-indicated,type prior minus fallback margin + Fox profile governance
963574173,Ancient Gospel,Hand Cannon,Legendary,generated-core,"776531651,3038247973",98,59,E,source-indicated,type mean + shrunk perk residuals + shrunk pair residual + Fox profile governance
963574173,Ancient Gospel,Hand Cannon,Legendary,generated-core,"776531651,1464081238",98,56,E,source-indicated,type mean + shrunk perk residuals + shrunk pair residual + Fox profile governance
963574173,Ancient Gospel,Hand Cannon,Legendary,generated-core,"2048641572,1464081238",98,56,E,source-indicated,type mean + shrunk perk residuals + shrunk pair residual + Fox profile governance
963574173,Ancient Gospel,Hand Cannon,Legendary,generated-core,"2579169598,1015611457",58,98,E,source-indicated,type mean + shrunk perk residuals + shrunk pair residual + Fox profile governance
963574173,Ancient Gospel,Hand Cannon,Legendary,generated-core,"2579169598,1194056669",58,98,E,source-indicated,type mean + shrunk perk residuals + shrunk pair residual + Fox profile governance
963574173,Ancient Gospel,Hand Cannon,Legendary,generated-fallback,,66,62,E,source-indicated,type prior minus fallback margin + Fox profile governance
2429822977,Austringer,Hand Cannon,Legendary,generated-core,"1820235745,3425386926",88,70,E,source-indicated,type mean + shrunk perk residuals + shrunk pair residual + Fox profile governance
2429822977,Austringer,Hand Cannon,Legendary,generated-core,"1168162263,3425386926",88,68,E,source-indicated,type mean + shrunk perk residuals + shrunk pair residual + Fox profile governance
2429822977,Austringer,Hand Cannon,Legendary,generated-core,"3400784728,3425386926",87,70,E,source-indicated,type mean + shrunk perk residuals + shrunk pair residual + Fox profile governance
2429822977,Austringer,Hand Cannon,Legendary,generated-core,"699525795,47981717",58,97,E,source-indicated,type mean + shrunk perk residuals + shrunk pair residual + Fox profile governance
2429822977,Austringer,Hand Cannon,Legendary,generated-core,"699525795,2387244414",59,96,E,source-indicated,type mean + shrunk perk residuals + shrunk pair residual + Fox profile governance
2429822977,Austringer,Hand Cannon,Legendary,generated-fallback,,66,62,E,source-indicated,type prior minus fallback margin + Fox profile governance
2824241403,Bad News XF4354,Hand Cannon,Legendary,generated-core,"1168162263,1954620775",91,78,E,source-indicated,type mean + shrunk perk residuals + shrunk pair residual + Fox profile governance
2824241403,Bad News XF4354,Hand Cannon,Legendary,generated-core,"3400784728,1954620775",90,81,E,source-indicated,type mean + shrunk perk residuals + shrunk pair residual + Fox profile governance
2824241403,Bad News XF4354,Hand Cannon,Legendary,generated-core,"3400784728,3038247973",89,66,E,source-indicated,type mean + shrunk perk residuals + shrunk pair residual + Fox profile governance
2824241403,Bad News XF4354,Hand Cannon,Legendary,generated-core,"588594999,47981717",58,98,E,source-indicated,type mean + shrunk perk residuals + shrunk pair residual + Fox profile governance
2824241403,Bad News XF4354,Hand Cannon,Legendary,generated-core,"2846385770,1015611457",58,98,E,source-indicated,type mean + shrunk perk residuals + shrunk pair residual + Fox profile governance
2824241403,Bad News XF4354,Hand Cannon,Legendary,generated-fallback,,66,62,E,source-indicated,type prior minus fallback margin + Fox profile governance
153979397,Better Devils,Hand Cannon,Legendary,generated-core,"3300816228,1954620775",91,84,E,source-indicated,type mean + shrunk perk residuals + shrunk pair residual + Fox profile governance
153979397,Better Devils,Hand Cannon,Legendary,generated-core,"1168162263,1954620775",91,78,E,source-indicated,type mean + shrunk perk residuals + shrunk pair residual + Fox profile governance
153979397,Better Devils,Hand Cannon,Legendary,generated-core,"3038247973,1954620775",90,81,E,source-indicated,type mean + shrunk perk residuals + shrunk pair residual + Fox profile governance
153979397,Better Devils,Hand Cannon,Legendary,generated-core,"588594999,47981717",58,98,E,source-indicated,type mean + shrunk perk residuals + shrunk pair residual + Fox profile governance
153979397,Better Devils,Hand Cannon,Legendary,generated-core,"1866048759,1015611457",58,98,E,source-indicated,type mean + shrunk perk residuals + shrunk pair residual + Fox profile governance
153979397,Better Devils,Hand Cannon,Legendary,generated-fallback,,66,62,E,source-indicated,type prior minus fallback margin + Fox profile governance
2106353446,Better Devils,Hand Cannon,Legendary,generated-core,"923806249,831391274",93,59,E,availability-unverified,type mean + shrunk perk residuals + shrunk pair residual + Fox profile governance
2106353446,Better Devils,Hand Cannon,Legendary,generated-core,"1523832109,831391274",91,65,E,availability-unverified,type mean + shrunk perk residuals + shrunk pair residual + Fox profile governance
2106353446,Better Devils,Hand Cannon,Legendary,generated-core,"1523832109,555281244",90,74,E,availability-unverified,type mean + shrunk perk residuals + shrunk pair residual + Fox profile governance
2106353446,Better Devils,Hand Cannon,Legendary,generated-core,"3161816588,47981717",59,98,E,availability-unverified,type mean + shrunk perk residuals + shrunk pair residual + Fox profile governance
2106353446,Better Devils,Hand Cannon,Legendary,generated-core,"588594999,47981717",58,98,E,availability-unverified,type mean + shrunk perk residuals + shrunk pair residual + Fox profile governance
2106353446,Better Devils,Hand Cannon,Legendary,generated-fallback,,66,62,E,availability-unverified,type prior minus fallback margin + Fox profile governance
4059111041,Better Devils,Hand Cannon,Legendary,generated-core,"923806249,831391274",93,59,E,source-indicated,type mean + shrunk perk residuals + shrunk pair residual + Fox profile governance
4059111041,Better Devils,Hand Cannon,Legendary,generated-core,"1523832109,831391274",91,65,E,source-indicated,type mean + shrunk perk residuals + shrunk pair residual + Fox profile governance
4059111041,Better Devils,Hand Cannon,Legendary,generated-core,"1523832109,555281244",90,74,E,source-indicated,type mean + shrunk perk residuals + shrunk pair residual + Fox profile governance
4059111041,Better Devils,Hand Cannon,Legendary,generated-core,"3161816588,47981717",59,98,E,source-indicated,type mean + shrunk perk residuals + shrunk pair residual + Fox profile governance
4059111041,Better Devils,Hand Cannon,Legendary,generated-core,"588594999,47981717",58,98,E,source-indicated,type mean + shrunk perk residuals + shrunk pair residual + Fox profile governance
4059111041,Better Devils,Hand Cannon,Legendary,generated-fallback,,66,62,E,source-indicated,type prior minus fallback margin + Fox profile governance
2953199259,Bottom Dollar,Hand Cannon,Legendary,generated-core,"1820235745,2848615171",93,63,E,source-indicated,type mean + shrunk perk residuals + shrunk pair residual + Fox profile governance
2953199259,Bottom Dollar,Hand Cannon,Legendary,generated-core,"1354429876,1683379515",92,64,E,source-indicated,type mean + shrunk perk residuals + shrunk pair residual + Fox profile governance
2953199259,Bottom Dollar,Hand Cannon,Legendary,generated-core,"1354429876,2848615171",91,65,E,source-indicated,type mean + shrunk perk residuals + shrunk pair residual + Fox profile governance
2953199259,Bottom Dollar,Hand Cannon,Legendary,generated-core,"3161816588,47981717",59,98,E,source-indicated,type mean + shrunk perk residuals + shrunk pair residual + Fox profile governance
2953199259,Bottom Dollar,Hand Cannon,Legendary,generated-core,"3161816588,699525795",66,97,E,source-indicated,type mean + shrunk perk residuals + shrunk pair residual + Fox profile governance
2953199259,Bottom Dollar,Hand Cannon,Legendary,generated-fallback,,66,62,E,source-indicated,type prior minus fallback margin + Fox profile governance
4292849692,Crimil's Dagger,Hand Cannon,Legendary,generated-core,"3300816228,1954620775",91,84,E,source-indicated,type mean + shrunk perk residuals + shrunk pair residual + Fox profile governance
4292849692,Crimil's Dagger,Hand Cannon,Legendary,generated-core,"1168162263,1954620775",91,78,E,source-indicated,type mean + shrunk perk residuals + shrunk pair residual + Fox profile governance
4292849692,Crimil's Dagger,Hand Cannon,Legendary,generated-core,"3038247973,1954620775",90,81,E,source-indicated,type mean + shrunk perk residuals + shrunk pair residual + Fox profile governance
4292849692,Crimil's Dagger,Hand Cannon,Legendary,generated-core,"588594999,47981717",58,98,E,source-indicated,type mean + shrunk perk residuals + shrunk pair residual + Fox profile governance
4292849692,Crimil's Dagger,Hand Cannon,Legendary,generated-core,"1866048759,1015611457",58,98,E,source-indicated,type mean + shrunk perk residuals + shrunk pair residual + Fox profile governance
4292849692,Crimil's Dagger,Hand Cannon,Legendary,generated-fallback,,66,62,E,source-indicated,type prior minus fallback margin + Fox profile governance
2888266564,Crisis Inverted,Hand Cannon,Legendary,generated-core,"3700496672,4049631843",98,54,E,source-indicated,type mean + shrunk perk residuals + shrunk pair residual + Fox profile governance
2888266564,Crisis Inverted,Hand Cannon,Legendary,generated-core,"3523296417,4049631843",93,64,E,source-indicated,type mean + shrunk perk residuals + shrunk pair residual + Fox profile governance
2888266564,Crisis Inverted,Hand Cannon,Legendary,generated-core,"3700496672,2896038713",92,64,E,source-indicated,type mean + shrunk perk residuals + shrunk pair residual + Fox profile governance
2888266564,Crisis Inverted,Hand Cannon,Legendary,generated-core,"588594999,47981717",58,98,E,source-indicated,type mean + shrunk perk residuals + shrunk pair residual + Fox profile governance
2888266564,Crisis Inverted,Hand Cannon,Legendary,generated-core,"247725512,1015611457",58,96,E,source-indicated,type mean + shrunk perk residuals + shrunk pair residual + Fox profile governance
2888266564,Crisis Inverted,Hand Cannon,Legendary,generated-fallback,,66,62,E,source-indicated,type prior minus fallback margin + Fox profile governance
575830664,D.F.A.,Hand Cannon,Legendary,generated-core,"1168162263,1954620775",91,78,E,source-indicated,type mean + shrunk perk residuals + shrunk pair residual + Fox profile governance
575830664,D.F.A.,Hand Cannon,Legendary,generated-core,"3400784728,1954620775",90,81,E,source-indicated,type mean + shrunk perk residuals + shrunk pair residual + Fox profile governance
575830664,D.F.A.,Hand Cannon,Legendary,generated-core,"1168162263,3425386926",88,68,E,source-indicated,type mean + shrunk perk residuals + shrunk pair residual + Fox profile governance
575830664,D.F.A.,Hand Cannon,Legendary,generated-core,"1428297954,47981717",58,98,E,source-indicated,type mean + shrunk perk residuals + shrunk pair residual + Fox profile governance
575830664,D.F.A.,Hand Cannon,Legendary,generated-core,"1428297954,1954620775",78,93,E,source-indicated,type mean + shrunk perk residuals + shrunk pair residual + Fox profile governance
575830664,D.F.A.,Hand Cannon,Legendary,generated-fallback,,66,62,E,source-indicated,type prior minus fallback margin + Fox profile governance
2920548486,D.F.A.,Hand Cannon,Legendary,generated-core,"3038247973,4049631843",96,58,E,availability-unverified,type mean + shrunk perk residuals + shrunk pair residual + Fox profile governance
2920548486,D.F.A.,Hand Cannon,Legendary,generated-core,"1168162263,243981275",92,63,E,availability-unverified,type mean + shrunk perk residuals + shrunk pair residual + Fox profile governance
2920548486,D.F.A.,Hand Cannon,Legendary,generated-core,"3038247973,243981275",91,66,E,availability-unverified,type mean + shrunk perk residuals + shrunk pair residual + Fox profile governance
2920548486,D.F.A.,Hand Cannon,Legendary,generated-core,"3619207468,47981717",66,98,E,availability-unverified,type mean + shrunk perk residuals + shrunk pair residual + Fox profile governance
2920548486,D.F.A.,Hand Cannon,Legendary,generated-core,"3619207468,1015611457",58,98,E,availability-unverified,type mean + shrunk perk residuals + shrunk pair residual + Fox profile governance
2920548486,D.F.A.,Hand Cannon,Legendary,generated-fallback,,66,62,E,availability-unverified,type prior minus fallback margin + Fox profile governance
4238497225,D.F.A.,Hand Cannon,Legendary,generated-core,3425386926,84,75,E,source-indicated,type mean + shrunk perk residuals + shrunk pair residual + Fox profile governance
4238497225,D.F.A.,Hand Cannon,Legendary,generated-core,47981717,72,85,E,source-indicated,type mean + shrunk perk residuals + shrunk pair residual + Fox profile governance
4238497225,D.F.A.,Hand Cannon,Legendary,generated-fallback,,66,62,E,source-indicated,type prior minus fallback margin + Fox profile governance
2006308129,D.F.A. (Adept),Hand Cannon,Legendary,generated-core,"1168162263,1954620775",91,78,E,source-indicated,type mean + shrunk perk residuals + shrunk pair residual + Fox profile governance
2006308129,D.F.A. (Adept),Hand Cannon,Legendary,generated-core,"3400784728,1954620775",90,81,E,source-indicated,type mean + shrunk perk residuals + shrunk pair residual + Fox profile governance
2006308129,D.F.A. (Adept),Hand Cannon,Legendary,generated-core,"1168162263,3425386926",88,68,E,source-indicated,type mean + shrunk perk residuals + shrunk pair residual + Fox profile governance
2006308129,D.F.A. (Adept),Hand Cannon,Legendary,generated-core,"1428297954,47981717",58,98,E,source-indicated,type mean + shrunk perk residuals + shrunk pair residual + Fox profile governance
2006308129,D.F.A. (Adept),Hand Cannon,Legendary,generated-core,"1428297954,1954620775",78,93,E,source-indicated,type mean + shrunk perk residuals + shrunk pair residual + Fox profile governance
2006308129,D.F.A. (Adept),Hand Cannon,Legendary,generated-fallback,,66,62,E,source-indicated,type prior minus fallback margin + Fox profile governance
2112909414,Duke Mk. 44,Hand Cannon,Legendary,generated-core,"1168162263,3300816228",90,69,E,source-indicated,type mean + shrunk perk residuals + shrunk pair residual + Fox profile governance
2112909414,Duke Mk. 44,Hand Cannon,Legendary,generated-core,"3400784728,3300816228",89,72,E,source-indicated,type mean + shrunk perk residuals + shrunk pair residual + Fox profile governance
2112909414,Duke Mk. 44,Hand Cannon,Legendary,generated-core,"1168162263,3425386926",88,68,E,source-indicated,type mean + shrunk perk residuals + shrunk pair residual + Fox profile governance
2112909414,Duke Mk. 44,Hand Cannon,Legendary,generated-core,"47981717,588594999",58,98,E,source-indicated,type mean + shrunk perk residuals + shrunk pair residual + Fox profile governance
2112909414,Duke Mk. 44,Hand Cannon,Legendary,generated-core,"2387244414,1015611457",58,98,E,source-indicated,type mean + shrunk perk residuals + shrunk pair residual + Fox profile governance
2112909414,Duke Mk. 44,Hand Cannon,Legendary,generated-fallback,,66,62,E,source-indicated,type prior minus fallback margin + Fox profile governance
548809020,Exalted Truth,Hand Cannon,Legendary,generated-core,"1168162263,776531651",93,62,E,source-indicated,type mean + shrunk perk residuals + shrunk pair residual + Fox profile governance
548809020,Exalted Truth,Hand Cannon,Legendary,generated-core,"1870851715,776531651",89,69,E,source-indicated,type mean + shrunk perk residuals + shrunk pair residual + Fox profile governance
548809020,Exalted Truth,Hand Cannon,Legendary,generated-core,"2586829431,776531651",89,69,E,source-indicated,type mean + shrunk perk residuals + shrunk pair residual + Fox profile governance
548809020,Exalted Truth,Hand Cannon,Legendary,generated-core,"2846385770,699525795",60,94,E,source-indicated,type mean + shrunk perk residuals + shrunk pair residual + Fox profile governance
548809020,Exalted Truth,Hand Cannon,Legendary,generated-core,"2450788523,699525795",68,93,E,source-indicated,type mean + shrunk perk residuals + shrunk pair residual + Fox profile governance
548809020,Exalted Truth,Hand Cannon,Legendary,generated-fallback,,66,62,E,source-indicated,type prior minus fallback margin + Fox profile governance
3102421004,Exalted Truth,Hand Cannon,Legendary,generated-core,"1168162263,776531651",93,62,E,availability-unverified,type mean + shrunk perk residuals + shrunk pair residual + Fox profile governance
3102421004,Exalted Truth,Hand Cannon,Legendary,generated-core,"1870851715,776531651",89,69,E,availability-unverified,type mean + shrunk perk residuals + shrunk pair residual + Fox profile governance
3102421004,Exalted Truth,Hand Cannon,Legendary,generated-core,"2586829431,776531651",89,69,E,availability-unverified,type mean + shrunk perk residuals + shrunk pair residual + Fox profile governance
3102421004,Exalted Truth,Hand Cannon,Legendary,generated-core,"2450788523,1015611457",62,98,E,availability-unverified,type mean + shrunk perk residuals + shrunk pair residual + Fox profile governance
3102421004,Exalted Truth,Hand Cannon,Legendary,generated-core,"2846385770,1015611457",58,98,E,availability-unverified,type mean + shrunk perk residuals + shrunk pair residual + Fox profile governance
3102421004,Exalted Truth,Hand Cannon,Legendary,generated-fallback,,66,62,E,availability-unverified,type prior minus fallback margin + Fox profile governance
1705843397,Exalted Truth (Adept),Hand Cannon,Legendary,generated-core,"1168162263,776531651",93,62,E,source-indicated,type mean + shrunk perk residuals + shrunk pair residual + Fox profile governance
1705843397,Exalted Truth (Adept),Hand Cannon,Legendary,generated-core,"1870851715,776531651",89,69,E,source-indicated,type mean + shrunk perk residuals + shrunk pair residual + Fox profile governance
1705843397,Exalted Truth (Adept),Hand Cannon,Legendary,generated-core,"2586829431,776531651",89,69,E,source-indicated,type mean + shrunk perk residuals + shrunk pair residual + Fox profile governance
1705843397,Exalted Truth (Adept),Hand Cannon,Legendary,generated-core,"2846385770,699525795",60,94,E,source-indicated,type mean + shrunk perk residuals + shrunk pair residual + Fox profile governance
1705843397,Exalted Truth (Adept),Hand Cannon,Legendary,generated-core,"2450788523,699525795",68,93,E,source-indicated,type mean + shrunk perk residuals + shrunk pair residual + Fox profile governance
1705843397,Exalted Truth (Adept),Hand Cannon,Legendary,generated-fallback,,66,62,E,source-indicated,type prior minus fallback margin + Fox profile governance
3920882229,Exalted Truth (Adept),Hand Cannon,Legendary,generated-core,"1168162263,776531651",93,62,E,availability-unverified,type mean + shrunk perk residuals + shrunk pair residual + Fox profile governance
3920882229,Exalted Truth (Adept),Hand Cannon,Legendary,generated-core,"1870851715,776531651",89,69,E,availability-unverified,type mean + shrunk perk residuals + shrunk pair residual + Fox profile governance
3920882229,Exalted Truth (Adept),Hand Cannon,Legendary,generated-core,"2586829431,776531651",89,69,E,availability-unverified,type mean + shrunk perk residuals + shrunk pair residual + Fox profile governance
3920882229,Exalted Truth (Adept),Hand Cannon,Legendary,generated-core,"2450788523,1015611457",62,98,E,availability-unverified,type mean + shrunk perk residuals + shrunk pair residual + Fox profile governance
3920882229,Exalted Truth (Adept),Hand Cannon,Legendary,generated-core,"2846385770,1015611457",58,98,E,availability-unverified,type mean + shrunk perk residuals + shrunk pair residual + Fox profile governance
3920882229,Exalted Truth (Adept),Hand Cannon,Legendary,generated-fallback,,66,62,E,availability-unverified,type prior minus fallback margin + Fox profile governance
3813153080,Finite Impactor,Hand Cannon,Legendary,generated-core,"1570042021,4049631843",88,70,E,source-indicated,type mean + shrunk perk residuals + shrunk pair residual + Fox profile governance
3813153080,Finite Impactor,Hand Cannon,Legendary,generated-core,"280464955,4049631843",87,68,E,source-indicated,type mean + shrunk perk residuals + shrunk pair residual + Fox profile governance
3813153080,Finite Impactor,Hand Cannon,Legendary,generated-core,"671806388,4049631843",87,68,E,source-indicated,type mean + shrunk perk residuals + shrunk pair residual + Fox profile governance
3813153080,Finite Impactor,Hand Cannon,Legendary,generated-core,"2039302152,699525795",58,98,E,source-indicated,type mean + shrunk perk residuals + shrunk pair residual + Fox profile governance
3813153080,Finite Impactor,Hand Cannon,Legendary,generated-core,"2450788523,699525795",68,93,E,source-indicated,type mean + shrunk perk residuals + shrunk pair residual + Fox profile governance
3813153080,Finite Impactor,Hand Cannon,Legendary,generated-fallback,,66,62,E,source-indicated,type prior minus fallback margin + Fox profile governance
1141547457,Frontier's Cry,Hand Cannon,Legendary,generated-core,"1048183818,4049631843",89,64,E,source-indicated,type mean + shrunk perk residuals + shrunk pair residual + Fox profile governance
1141547457,Frontier's Cry,Hand Cannon,Legendary,generated-core,"671806388,4049631843",87,68,E,source-indicated,type mean + shrunk perk residuals + shrunk pair residual + Fox profile governance
1141547457,Frontier's Cry,Hand Cannon,Legendary,generated-core,"2946784966,4049631843",87,68,E,source-indicated,type mean + shrunk perk residuals + shrunk pair residual + Fox profile governance
1141547457,Frontier's Cry,Hand Cannon,Legendary,generated-core,"247725512,1015611457",58,96,E,source-indicated,type mean + shrunk perk residuals + shrunk pair residual + Fox profile governance
1141547457,Frontier's Cry,Hand Cannon,Legendary,generated-core,"247725512,699525795",64,91,E,source-indicated,type mean + shrunk perk residuals + shrunk pair residual + Fox profile governance
1141547457,Frontier's Cry,Hand Cannon,Legendary,generated-fallback,,66,62,E,source-indicated,type prior minus fallback margin + Fox profile governance
3866356643,IKELOS_HC_v1.0.1,Hand Cannon,Legendary,generated-core,3425386926,84,75,E,source-indicated,type mean + shrunk perk residuals + shrunk pair residual + Fox profile governance
3866356643,IKELOS_HC_v1.0.1,Hand Cannon,Legendary,generated-core,4071163871,72,84,E,source-indicated,type mean + shrunk perk residuals + shrunk pair residual + Fox profile governance
3866356643,IKELOS_HC_v1.0.1,Hand Cannon,Legendary,generated-fallback,,66,62,E,source-indicated,type prior minus fallback margin + Fox profile governance
1200824700,IKELOS_HC_v1.0.2,Hand Cannon,Legendary,generated-core,"1820235745,1683379515",90,66,E,source-indicated,type mean + shrunk perk residuals + shrunk pair residual + Fox profile governance
1200824700,IKELOS_HC_v1.0.2,Hand Cannon,Legendary,generated-core,"3400784728,1683379515",89,66,E,source-indicated,type mean + shrunk perk residuals + shrunk pair residual + Fox profile governance
1200824700,IKELOS_HC_v1.0.2,Hand Cannon,Legendary,generated-core,"1820235745,3425386926",88,70,E,source-indicated,type mean + shrunk perk residuals + shrunk pair residual + Fox profile governance
1200824700,IKELOS_HC_v1.0.2,Hand Cannon,Legendary,generated-core,"2039302152,699525795",58,98,E,source-indicated,type mean + shrunk perk residuals + shrunk pair residual + Fox profile governance
1200824700,IKELOS_HC_v1.0.2,Hand Cannon,Legendary,generated-core,"2039302152,2213355989",64,93,E,source-indicated,type mean + shrunk perk residuals + shrunk pair residual + Fox profile governance
1200824700,IKELOS_HC_v1.0.2,Hand Cannon,Legendary,generated-fallback,,66,62,E,source-indicated,type prior minus fallback margin + Fox profile governance
2351180975,Igneous Hammer,Hand Cannon,Legendary,generated-core,"3643424744,3425386926",94,78,E,source-indicated,type mean + shrunk perk residuals + shrunk pair residual + Fox profile governance
2351180975,Igneous Hammer,Hand Cannon,Legendary,generated-core,"3643424744,4049631843",92,65,E,source-indicated,type mean + shrunk perk residuals + shrunk pair residual + Fox profile governance
2351180975,Igneous Hammer,Hand Cannon,Legendary,generated-core,"1168162263,4049631843",91,61,E,source-indicated,type mean + shrunk perk residuals + shrunk pair residual + Fox profile governance
2351180975,Igneous Hammer,Hand Cannon,Legendary,generated-core,"2450788523,47981717",68,93,E,source-indicated,type mean + shrunk perk residuals + shrunk pair residual + Fox profile governance
2351180975,Igneous Hammer,Hand Cannon,Legendary,generated-core,"2450788523,588594999",68,93,E,source-indicated,type mean + shrunk perk residuals + shrunk pair residual + Fox profile governance
2351180975,Igneous Hammer,Hand Cannon,Legendary,generated-fallback,,66,62,E,source-indicated,type prior minus fallback margin + Fox profile governance
2314610827,Igneous Hammer (Adept),Hand Cannon,Legendary,generated-core,"3017780555,4293542123",98,56,E,source-indicated,type mean + shrunk perk residuals + shrunk pair residual + Fox profile governance
2314610827,Igneous Hammer (Adept),Hand Cannon,Legendary,generated-core,"3017780555,555281244",92,71,E,source-indicated,type mean + shrunk perk residuals + shrunk pair residual + Fox profile governance
2314610827,Igneous Hammer (Adept),Hand Cannon,Legendary,generated-core,"3017780555,2610012052",91,66,E,source-indicated,type mean + shrunk perk residuals + shrunk pair residual + Fox profile governance
2314610827,Igneous Hammer (Adept),Hand Cannon,Legendary,generated-core,"3619207468,47981717",66,98,E,source-indicated,type mean + shrunk perk residuals + shrunk pair residual + Fox profile governance
2314610827,Igneous Hammer (Adept),Hand Cannon,Legendary,generated-core,"3619207468,699525795",58,98,E,source-indicated,type mean + shrunk perk residuals + shrunk pair residual + Fox profile governance
2314610827,Igneous Hammer (Adept),Hand Cannon,Legendary,generated-fallback,,66,62,E,source-indicated,type prior minus fallback margin + Fox profile governance
2527666306,Igneous Hammer (Adept),Hand Cannon,Legendary,generated-core,"3643424744,3425386926",94,78,E,source-indicated,type mean + shrunk perk residuals + shrunk pair residual + Fox profile governance
2527666306,Igneous Hammer (Adept),Hand Cannon,Legendary,generated-core,"3643424744,4049631843",92,65,E,source-indicated,type mean + shrunk perk residuals + shrunk pair residual + Fox profile governance
2527666306,Igneous Hammer (Adept),Hand Cannon,Legendary,generated-core,"1168162263,4049631843",91,61,E,source-indicated,type mean + shrunk perk residuals + shrunk pair residual + Fox profile governance
2527666306,Igneous Hammer (Adept),Hand Cannon,Legendary,generated-core,"2450788523,47981717",68,93,E,source-indicated,type mean + shrunk perk residuals + shrunk pair residual + Fox profile governance
2527666306,Igneous Hammer (Adept),Hand Cannon,Legendary,generated-core,"2450788523,588594999",68,93,E,source-indicated,type mean + shrunk perk residuals + shrunk pair residual + Fox profile governance
2527666306,Igneous Hammer (Adept),Hand Cannon,Legendary,generated-fallback,,66,62,E,source-indicated,type prior minus fallback margin + Fox profile governance
410996590,Jack Queen King 3,Hand Cannon,Legendary,generated-core,"3300816228,3708227201",94,69,E,source-indicated,type mean + shrunk perk residuals + shrunk pair residual + Fox profile governance
410996590,Jack Queen King 3,Hand Cannon,Legendary,generated-core,"1820235745,2848615171",93,63,E,source-indicated,type mean + shrunk perk residuals + shrunk pair residual + Fox profile governance
410996590,Jack Queen King 3,Hand Cannon,Legendary,generated-core,"3300816228,2848615171",90,71,E,source-indicated,type mean + shrunk perk residuals + shrunk pair residual + Fox profile governance
410996590,Jack Queen King 3,Hand Cannon,Legendary,generated-core,"4071163871,2213355989",64,92,E,source-indicated,type mean + shrunk perk residuals + shrunk pair residual + Fox profile governance
410996590,Jack Queen King 3,Hand Cannon,Legendary,generated-core,"4071163871,957782887",68,86,E,source-indicated,type mean + shrunk perk residuals + shrunk pair residual + Fox profile governance
410996590,Jack Queen King 3,Hand Cannon,Legendary,generated-fallback,,66,62,E,source-indicated,type prior minus fallback margin + Fox profile governance
1476654960,Judgment,Hand Cannon,Legendary,generated-core,"2621346526,1954620775",87,85,E,source-indicated,type mean + shrunk perk residuals + shrunk pair residual + Fox profile governance
1476654960,Judgment,Hand Cannon,Legendary,generated-core,"2946784966,1954620775",87,85,E,source-indicated,type mean + shrunk perk residuals + shrunk pair residual + Fox profile governance
1476654960,Judgment,Hand Cannon,Legendary,generated-core,"3523296417,1954620775",87,84,E,source-indicated,type mean + shrunk perk residuals + shrunk pair residual + Fox profile governance
1476654960,Judgment,Hand Cannon,Legendary,generated-core,"3161816588,1954620775",82,98,E,source-indicated,type mean + shrunk perk residuals + shrunk pair residual + Fox profile governance
1476654960,Judgment,Hand Cannon,Legendary,generated-core,"3161816588,47981717",59,98,E,source-indicated,type mean + shrunk perk residuals + shrunk pair residual + Fox profile governance
1476654960,Judgment,Hand Cannon,Legendary,generated-fallback,,66,62,E,source-indicated,type prior minus fallback margin + Fox profile governance
1567585973,Judgment,Hand Cannon,Legendary,generated-core,"2922950962,1955165503",98,55,E,source-indicated,type mean + shrunk perk residuals + shrunk pair residual + Fox profile governance
1567585973,Judgment,Hand Cannon,Legendary,generated-core,"124408337,1955165503",98,54,E,source-indicated,type mean + shrunk perk residuals + shrunk pair residual + Fox profile governance
1567585973,Judgment,Hand Cannon,Legendary,generated-core,"2922950962,1954620775",95,78,E,source-indicated,type mean + shrunk perk residuals + shrunk pair residual + Fox profile governance
1567585973,Judgment,Hand Cannon,Legendary,generated-core,"2579169598,1954620775",82,98,E,source-indicated,type mean + shrunk perk residuals + shrunk pair residual + Fox profile governance
1567585973,Judgment,Hand Cannon,Legendary,generated-core,"3619207468,1954620775",82,98,E,source-indicated,type mean + shrunk perk residuals + shrunk pair residual + Fox profile governance
1567585973,Judgment,Hand Cannon,Legendary,generated-fallback,,66,62,E,source-indicated,type prior minus fallback margin + Fox profile governance
2850415209,Judgment,Hand Cannon,Legendary,generated-core,47981717,72,85,E,source-indicated,type mean + shrunk perk residuals + shrunk pair residual + Fox profile governance
2850415209,Judgment,Hand Cannon,Legendary,generated-core,3161816588,72,85,E,source-indicated,type mean + shrunk perk residuals + shrunk pair residual + Fox profile governance
2850415209,Judgment,Hand Cannon,Legendary,generated-fallback,,66,62,E,source-indicated,type prior minus fallback margin + Fox profile governance
2969415423,Judgment,Hand Cannon,Legendary,generated-core,"124408337,1954620775",92,76,E,availability-unverified,type mean + shrunk perk residuals + shrunk pair residual + Fox profile governance
2969415423,Judgment,Hand Cannon,Legendary,generated-core,"124408337,11612903",88,63,E,availability-unverified,type mean + shrunk perk residuals + shrunk pair residual + Fox profile governance
2969415423,Judgment,Hand Cannon,Legendary,generated-core,"3523296417,1954620775",87,84,E,availability-unverified,type mean + shrunk perk residuals + shrunk pair residual + Fox profile governance
2969415423,Judgment,Hand Cannon,Legendary,generated-core,"3161816588,1954620775",82,98,E,availability-unverified,type mean + shrunk perk residuals + shrunk pair residual + Fox profile governance
2969415423,Judgment,Hand Cannon,Legendary,generated-core,"3161816588,47981717",59,98,E,availability-unverified,type mean + shrunk perk residuals + shrunk pair residual + Fox profile governance
2969415423,Judgment,Hand Cannon,Legendary,generated-fallback,,66,62,E,availability-unverified,type prior minus fallback margin + Fox profile governance
3924212056,Loud Lullaby,Hand Cannon,Legendary,generated-core,"1631667848,1354429876",92,61,E,source-indicated,type mean + shrunk perk residuals + shrunk pair residual + Fox profile governance
3924212056,Loud Lullaby,Hand Cannon,Legendary,generated-core,"1820235745,1354429876",91,65,E,source-indicated,type mean + shrunk perk residuals + shrunk pair residual + Fox profile governance
3924212056,Loud Lullaby,Hand Cannon,Legendary,generated-core,"1168162263,1354429876",91,62,E,source-indicated,type mean + shrunk perk residuals + shrunk pair residual + Fox profile governance
3924212056,Loud Lullaby,Hand Cannon,Legendary,generated-core,"3161816588,47981717",59,98,E,source-indicated,type mean + shrunk perk residuals + shrunk pair residual + Fox profile governance
3924212056,Loud Lullaby,Hand Cannon,Legendary,generated-core,"588594999,47981717",58,98,E,source-indicated,type mean + shrunk perk residuals + shrunk pair residual + Fox profile governance
3924212056,Loud Lullaby,Hand Cannon,Legendary,generated-fallback,,66,62,E,source-indicated,type prior minus fallback margin + Fox profile governance
734476286,Maahes HC4,Hand Cannon,Legendary,generated-core,"776531651,2048641572",98,55,E,source-indicated,type mean + shrunk perk residuals + shrunk pair residual + Fox profile governance
734476286,Maahes HC4,Hand Cannon,Legendary,generated-core,"776531651,2848615171",96,61,E,source-indicated,type mean + shrunk perk residuals + shrunk pair residual + Fox profile governance
734476286,Maahes HC4,Hand Cannon,Legendary,generated-core,"776531651,1683379515",94,63,E,source-indicated,type mean + shrunk perk residuals + shrunk pair residual + Fox profile governance
734476286,Maahes HC4,Hand Cannon,Legendary,generated-core,"1428297954,4082225868",66,86,E,source-indicated,type mean + shrunk perk residuals + shrunk pair residual + Fox profile governance
734476286,Maahes HC4,Hand Cannon,Legendary,generated-core,"1428297954,2610012052",72,84,E,source-indicated,type mean + shrunk perk residuals + shrunk pair residual + Fox profile governance
734476286,Maahes HC4,Hand Cannon,Legendary,generated-fallback,,66,62,E,source-indicated,type prior minus fallback margin + Fox profile governance
979721268,Malediction,Hand Cannon,Legendary,generated-core,"3700496672,3038247973",98,58,E,source-indicated,type mean + shrunk perk residuals + shrunk pair residual + Fox profile governance
979721268,Malediction,Hand Cannon,Legendary,generated-core,"3978468247,3201496230",98,58,E,source-indicated,type mean + shrunk perk residuals + shrunk pair residual + Fox profile governance
979721268,Malediction,Hand Cannon,Legendary,generated-core,"3978468247,1226351311",98,56,E,source-indicated,type mean + shrunk perk residuals + shrunk pair residual + Fox profile governance
979721268,Malediction,Hand Cannon,Legendary,generated-core,"588594999,699525795",58,98,E,source-indicated,type mean + shrunk perk residuals + shrunk pair residual + Fox profile governance
979721268,Malediction,Hand Cannon,Legendary,generated-core,"3619207468,699525795",58,98,E,source-indicated,type mean + shrunk perk residuals + shrunk pair residual + Fox profile governance
979721268,Malediction,Hand Cannon,Legendary,generated-fallback,,66,62,E,source-indicated,type prior minus fallback margin + Fox profile governance
1128225405,Midnight Coup,Hand Cannon,Legendary,generated-core,3425386926,84,75,E,source-indicated,type mean + shrunk perk residuals + shrunk pair residual + Fox profile governance
1128225405,Midnight Coup,Hand Cannon,Legendary,generated-core,2010801679,81,72,E,source-indicated,type mean + shrunk perk residuals + shrunk pair residual + Fox profile governance
1128225405,Midnight Coup,Hand Cannon,Legendary,generated-fallback,,66,62,E,source-indicated,type prior minus fallback margin + Fox profile governance
2138599001,Optative,Hand Cannon,Legendary,generated-core,"1354429876,3275789089",87,69,E,source-indicated,type mean + shrunk perk residuals + shrunk pair residual + Fox profile governance
2138599001,Optative,Hand Cannon,Legendary,generated-core,"1354429876,3513791699",87,69,E,source-indicated,type mean + shrunk perk residuals + shrunk pair residual + Fox profile governance
2138599001,Optative,Hand Cannon,Legendary,generated-core,"1354429876,3523296417",87,68,E,source-indicated,type mean + shrunk perk residuals + shrunk pair residual + Fox profile governance
2138599001,Optative,Hand Cannon,Legendary,generated-core,"247725512,1015611457",58,96,E,source-indicated,type mean + shrunk perk residuals + shrunk pair residual + Fox profile governance
2138599001,Optative,Hand Cannon,Legendary,generated-core,"247725512,2387244414",58,96,E,source-indicated,type mean + shrunk perk residuals + shrunk pair residual + Fox profile governance
2138599001,Optative,Hand Cannon,Legendary,generated-fallback,,66,62,E,source-indicated,type prior minus fallback margin + Fox profile governance
3496887154,Phoneutria Fera,Hand Cannon,Legendary,generated-core,"1126264488,4293542123",89,69,E,source-indicated,type mean + shrunk perk residuals + shrunk pair residual + Fox profile governance
3496887154,Phoneutria Fera,Hand Cannon,Legendary,generated-core,"3731491409,4293542123",89,69,E,source-indicated,type mean + shrunk perk residuals + shrunk pair residual + Fox profile governance
3496887154,Phoneutria Fera,Hand Cannon,Legendary,generated-core,"4190679284,4293542123",89,69,E,source-indicated,type mean + shrunk perk residuals + shrunk pair residual + Fox profile governance
3496887154,Phoneutria Fera,Hand Cannon,Legendary,generated-core,"3161816588,4104185692",66,87,E,source-indicated,type mean + shrunk perk residuals + shrunk pair residual + Fox profile governance
3496887154,Phoneutria Fera,Hand Cannon,Legendary,generated-core,"3161816588,4082225868",66,86,E,source-indicated,type mean + shrunk perk residuals + shrunk pair residual + Fox profile governance
3496887154,Phoneutria Fera,Hand Cannon,Legendary,generated-fallback,,66,62,E,source-indicated,type prior minus fallback margin + Fox profile governance
3804242792,Phoneutria Fera,Hand Cannon,Legendary,generated-core,"1126264488,4293542123",89,69,E,availability-unverified,type mean + shrunk perk residuals + shrunk pair residual + Fox profile governance
3804242792,Phoneutria Fera,Hand Cannon,Legendary,generated-core,"3731491409,4293542123",89,69,E,availability-unverified,type mean + shrunk perk residuals + shrunk pair residual + Fox profile governance
3804242792,Phoneutria Fera,Hand Cannon,Legendary,generated-core,"4190679284,4293542123",89,69,E,availability-unverified,type mean + shrunk perk residuals + shrunk pair residual + Fox profile governance
3804242792,Phoneutria Fera,Hand Cannon,Legendary,generated-core,"3161816588,4104185692",66,87,E,availability-unverified,type mean + shrunk perk residuals + shrunk pair residual + Fox profile governance
3804242792,Phoneutria Fera,Hand Cannon,Legendary,generated-core,"3161816588,4082225868",66,86,E,availability-unverified,type mean + shrunk perk residuals + shrunk pair residual + Fox profile governance
3804242792,Phoneutria Fera,Hand Cannon,Legendary,generated-fallback,,66,62,E,availability-unverified,type prior minus fallback margin + Fox profile governance
3804242793,Phoneutria Fera,Hand Cannon,Legendary,generated-core,"1126264488,4293542123",89,69,E,availability-unverified,type mean + shrunk perk residuals + shrunk pair residual + Fox profile governance
3804242793,Phoneutria Fera,Hand Cannon,Legendary,generated-core,"3731491409,4293542123",89,69,E,availability-unverified,type mean + shrunk perk residuals + shrunk pair residual + Fox profile governance
3804242793,Phoneutria Fera,Hand Cannon,Legendary,generated-core,"4190679284,4293542123",89,69,E,availability-unverified,type mean + shrunk perk residuals + shrunk pair residual + Fox profile governance
3804242793,Phoneutria Fera,Hand Cannon,Legendary,generated-core,"3161816588,4104185692",66,87,E,availability-unverified,type mean + shrunk perk residuals + shrunk pair residual + Fox profile governance
3804242793,Phoneutria Fera,Hand Cannon,Legendary,generated-core,"3161816588,4082225868",66,86,E,availability-unverified,type mean + shrunk perk residuals + shrunk pair residual + Fox profile governance
3804242793,Phoneutria Fera,Hand Cannon,Legendary,generated-fallback,,66,62,E,availability-unverified,type prior minus fallback margin + Fox profile governance
3804242794,Phoneutria Fera,Hand Cannon,Legendary,generated-core,"1126264488,4293542123",89,69,E,availability-unverified,type mean + shrunk perk residuals + shrunk pair residual + Fox profile governance
3804242794,Phoneutria Fera,Hand Cannon,Legendary,generated-core,"3731491409,4293542123",89,69,E,availability-unverified,type mean + shrunk perk residuals + shrunk pair residual + Fox profile governance
3804242794,Phoneutria Fera,Hand Cannon,Legendary,generated-core,"4190679284,4293542123",89,69,E,availability-unverified,type mean + shrunk perk residuals + shrunk pair residual + Fox profile governance
3804242794,Phoneutria Fera,Hand Cannon,Legendary,generated-core,"3161816588,4104185692",66,87,E,availability-unverified,type mean + shrunk perk residuals + shrunk pair residual + Fox profile governance
3804242794,Phoneutria Fera,Hand Cannon,Legendary,generated-core,"3161816588,4082225868",66,86,E,availability-unverified,type mean + shrunk perk residuals + shrunk pair residual + Fox profile governance
3804242794,Phoneutria Fera,Hand Cannon,Legendary,generated-fallback,,66,62,E,availability-unverified,type prior minus fallback margin + Fox profile governance
3804242795,Phoneutria Fera,Hand Cannon,Legendary,generated-core,"1126264488,4293542123",89,69,E,availability-unverified,type mean + shrunk perk residuals + shrunk pair residual + Fox profile governance
3804242795,Phoneutria Fera,Hand Cannon,Legendary,generated-core,"3731491409,4293542123",89,69,E,availability-unverified,type mean + shrunk perk residuals + shrunk pair residual + Fox profile governance
3804242795,Phoneutria Fera,Hand Cannon,Legendary,generated-core,"4190679284,4293542123",89,69,E,availability-unverified,type mean + shrunk perk residuals + shrunk pair residual + Fox profile governance
3804242795,Phoneutria Fera,Hand Cannon,Legendary,generated-core,"3161816588,4104185692",66,87,E,availability-unverified,type mean + shrunk perk residuals + shrunk pair residual + Fox profile governance
3804242795,Phoneutria Fera,Hand Cannon,Legendary,generated-core,"3161816588,4082225868",66,86,E,availability-unverified,type mean + shrunk perk residuals + shrunk pair residual + Fox profile governance
3804242795,Phoneutria Fera,Hand Cannon,Legendary,generated-fallback,,66,62,E,availability-unverified,type prior minus fallback margin + Fox profile governance
4211534763,Pribina-D,Hand Cannon,Legendary,generated-core,"3300816228,1954620775",91,84,E,source-indicated,type mean + shrunk perk residuals + shrunk pair residual + Fox profile governance
4211534763,Pribina-D,Hand Cannon,Legendary,generated-core,"1168162263,1954620775",91,78,E,source-indicated,type mean + shrunk perk residuals + shrunk pair residual + Fox profile governance
4211534763,Pribina-D,Hand Cannon,Legendary,generated-core,"3038247973,1954620775",90,81,E,source-indicated,type mean + shrunk perk residuals + shrunk pair residual + Fox profile governance
4211534763,Pribina-D,Hand Cannon,Legendary,generated-core,"588594999,47981717",58,98,E,source-indicated,type mean + shrunk perk residuals + shrunk pair residual + Fox profile governance
4211534763,Pribina-D,Hand Cannon,Legendary,generated-core,"1866048759,1015611457",58,98,E,source-indicated,type mean + shrunk perk residuals + shrunk pair residual + Fox profile governance
4211534763,Pribina-D,Hand Cannon,Legendary,generated-fallback,,66,62,E,source-indicated,type prior minus fallback margin + Fox profile governance
2671639706,Pure Poetry,Hand Cannon,Legendary,generated-core,"3700496672,3425386926",92,67,E,source-indicated,type mean + shrunk perk residuals + shrunk pair residual + Fox profile governance
2671639706,Pure Poetry,Hand Cannon,Legendary,generated-core,"3700496672,2896038713",92,64,E,source-indicated,type mean + shrunk perk residuals + shrunk pair residual + Fox profile governance
2671639706,Pure Poetry,Hand Cannon,Legendary,generated-core,"1354429876,3425386926",90,68,E,source-indicated,type mean + shrunk perk residuals + shrunk pair residual + Fox profile governance
2671639706,Pure Poetry,Hand Cannon,Legendary,generated-core,"1428297954,47981717",58,98,E,source-indicated,type mean + shrunk perk residuals + shrunk pair residual + Fox profile governance
2671639706,Pure Poetry,Hand Cannon,Legendary,generated-core,"1428297954,699525795",64,93,E,source-indicated,type mean + shrunk perk residuals + shrunk pair residual + Fox profile governance
2671639706,Pure Poetry,Hand Cannon,Legendary,generated-fallback,,66,62,E,source-indicated,type prior minus fallback margin + Fox profile governance
834081972,Service Revolver,Hand Cannon,Legendary,generated-core,"1168162263,3425386926",88,68,E,source-indicated,type mean + shrunk perk residuals + shrunk pair residual + Fox profile governance
834081972,Service Revolver,Hand Cannon,Legendary,generated-core,"3400784728,3425386926",87,70,E,source-indicated,type mean + shrunk perk residuals + shrunk pair residual + Fox profile governance
834081972,Service Revolver,Hand Cannon,Legendary,generated-core,"1168162263,957782887",81,71,E,source-indicated,type mean + shrunk perk residuals + shrunk pair residual + Fox profile governance
834081972,Service Revolver,Hand Cannon,Legendary,generated-core,"588594999,47981717",58,98,E,source-indicated,type mean + shrunk perk residuals + shrunk pair residual + Fox profile governance
834081972,Service Revolver,Hand Cannon,Legendary,generated-core,"2846385770,1015611457",58,98,E,source-indicated,type mean + shrunk perk residuals + shrunk pair residual + Fox profile governance
834081972,Service Revolver,Hand Cannon,Legendary,generated-fallback,,66,62,E,source-indicated,type prior minus fallback margin + Fox profile governance
1555959830,Seventh Seraph Officer Revolver,Hand Cannon,Legendary,generated-core,"1523832109,3201496230",95,63,E,source-indicated,type mean + shrunk perk residuals + shrunk pair residual + Fox profile governance
1555959830,Seventh Seraph Officer Revolver,Hand Cannon,Legendary,generated-core,"1354429876,3201496230",94,62,E,source-indicated,type mean + shrunk perk residuals + shrunk pair residual + Fox profile governance
1555959830,Seventh Seraph Officer Revolver,Hand Cannon,Legendary,generated-core,"1354429876,1546637391",88,66,E,source-indicated,type mean + shrunk perk residuals + shrunk pair residual + Fox profile governance
1555959830,Seventh Seraph Officer Revolver,Hand Cannon,Legendary,generated-core,"2846385770,2213355989",64,93,E,source-indicated,type mean + shrunk perk residuals + shrunk pair residual + Fox profile governance
1555959830,Seventh Seraph Officer Revolver,Hand Cannon,Legendary,generated-core,"2846385770,2272927194",64,93,E,source-indicated,type mean + shrunk perk residuals + shrunk pair residual + Fox profile governance
1555959830,Seventh Seraph Officer Revolver,Hand Cannon,Legendary,generated-fallback,,66,62,E,source-indicated,type prior minus fallback margin + Fox profile governance
3037520408,Seventh Seraph Officer Revolver,Hand Cannon,Legendary,generated-core,"1354429876,1954620775",93,78,E,source-indicated,type mean + shrunk perk residuals + shrunk pair residual + Fox profile governance
3037520408,Seventh Seraph Officer Revolver,Hand Cannon,Legendary,generated-core,"1354429876,1546637391",88,66,E,source-indicated,type mean + shrunk perk residuals + shrunk pair residual + Fox profile governance
3037520408,Seventh Seraph Officer Revolver,Hand Cannon,Legendary,generated-core,"1354429876,2779035018",88,64,E,source-indicated,type mean + shrunk perk residuals + shrunk pair residual + Fox profile governance
3037520408,Seventh Seraph Officer Revolver,Hand Cannon,Legendary,generated-core,"4071163871,1954620775",78,92,E,source-indicated,type mean + shrunk perk residuals + shrunk pair residual + Fox profile governance
3037520408,Seventh Seraph Officer Revolver,Hand Cannon,Legendary,generated-core,"4071163871,2213355989",64,92,E,source-indicated,type mean + shrunk perk residuals + shrunk pair residual + Fox profile governance
3037520408,Seventh Seraph Officer Revolver,Hand Cannon,Legendary,generated-fallback,,66,62,E,source-indicated,type prior minus fallback margin + Fox profile governance
3163473092,Sixth Sense,Hand Cannon,Legendary,generated-core,"3038247973,657025441",98,58,E,source-indicated,type mean + shrunk perk residuals + shrunk pair residual + Fox profile governance
3163473092,Sixth Sense,Hand Cannon,Legendary,generated-core,"3523296417,657025441",94,65,E,source-indicated,type mean + shrunk perk residuals + shrunk pair residual + Fox profile governance
3163473092,Sixth Sense,Hand Cannon,Legendary,generated-core,"3400784728,657025441",92,64,E,source-indicated,type mean + shrunk perk residuals + shrunk pair residual + Fox profile governance
3163473092,Sixth Sense,Hand Cannon,Legendary,generated-core,"3619207468,47981717",66,98,E,source-indicated,type mean + shrunk perk residuals + shrunk pair residual + Fox profile governance
3163473092,Sixth Sense,Hand Cannon,Legendary,generated-core,"3619207468,699525795",58,98,E,source-indicated,type mean + shrunk perk residuals + shrunk pair residual + Fox profile governance
3163473092,Sixth Sense,Hand Cannon,Legendary,generated-fallback,,66,62,E,source-indicated,type prior minus fallback margin + Fox profile governance
4032097588,Sixth Sense,Hand Cannon,Legendary,generated-core,"3038247973,657025441",98,58,E,availability-unverified,type mean + shrunk perk residuals + shrunk pair residual + Fox profile governance
4032097588,Sixth Sense,Hand Cannon,Legendary,generated-core,"3523296417,657025441",94,65,E,availability-unverified,type mean + shrunk perk residuals + shrunk pair residual + Fox profile governance
4032097588,Sixth Sense,Hand Cannon,Legendary,generated-core,"3400784728,657025441",92,64,E,availability-unverified,type mean + shrunk perk residuals + shrunk pair residual + Fox profile governance
4032097588,Sixth Sense,Hand Cannon,Legendary,generated-core,"3619207468,47981717",66,98,E,availability-unverified,type mean + shrunk perk residuals + shrunk pair residual + Fox profile governance
4032097588,Sixth Sense,Hand Cannon,Legendary,generated-core,"3619207468,699525795",58,98,E,availability-unverified,type mean + shrunk perk residuals + shrunk pair residual + Fox profile governance
4032097588,Sixth Sense,Hand Cannon,Legendary,generated-fallback,,66,62,E,availability-unverified,type prior minus fallback margin + Fox profile governance
4032097589,Sixth Sense,Hand Cannon,Legendary,generated-core,"3038247973,657025441",98,58,E,availability-unverified,type mean + shrunk perk residuals + shrunk pair residual + Fox profile governance
4032097589,Sixth Sense,Hand Cannon,Legendary,generated-core,"3523296417,657025441",94,65,E,availability-unverified,type mean + shrunk perk residuals + shrunk pair residual + Fox profile governance
4032097589,Sixth Sense,Hand Cannon,Legendary,generated-core,"3400784728,657025441",92,64,E,availability-unverified,type mean + shrunk perk residuals + shrunk pair residual + Fox profile governance
4032097589,Sixth Sense,Hand Cannon,Legendary,generated-core,"3619207468,47981717",66,98,E,availability-unverified,type mean + shrunk perk residuals + shrunk pair residual + Fox profile governance
4032097589,Sixth Sense,Hand Cannon,Legendary,generated-core,"3619207468,699525795",58,98,E,availability-unverified,type mean + shrunk perk residuals + shrunk pair residual + Fox profile governance
4032097589,Sixth Sense,Hand Cannon,Legendary,generated-fallback,,66,62,E,availability-unverified,type prior minus fallback margin + Fox profile governance
4032097590,Sixth Sense,Hand Cannon,Legendary,generated-core,"3038247973,657025441",98,58,E,availability-unverified,type mean + shrunk perk residuals + shrunk pair residual + Fox profile governance
4032097590,Sixth Sense,Hand Cannon,Legendary,generated-core,"3523296417,657025441",94,65,E,availability-unverified,type mean + shrunk perk residuals + shrunk pair residual + Fox profile governance
4032097590,Sixth Sense,Hand Cannon,Legendary,generated-core,"3400784728,657025441",92,64,E,availability-unverified,type mean + shrunk perk residuals + shrunk pair residual + Fox profile governance
4032097590,Sixth Sense,Hand Cannon,Legendary,generated-core,"3619207468,47981717",66,98,E,availability-unverified,type mean + shrunk perk residuals + shrunk pair residual + Fox profile governance
4032097590,Sixth Sense,Hand Cannon,Legendary,generated-core,"3619207468,699525795",58,98,E,availability-unverified,type mean + shrunk perk residuals + shrunk pair residual + Fox profile governance
4032097590,Sixth Sense,Hand Cannon,Legendary,generated-fallback,,66,62,E,availability-unverified,type prior minus fallback margin + Fox profile governance
4032097591,Sixth Sense,Hand Cannon,Legendary,generated-core,"3038247973,657025441",98,58,E,availability-unverified,type mean + shrunk perk residuals + shrunk pair residual + Fox profile governance
4032097591,Sixth Sense,Hand Cannon,Legendary,generated-core,"3523296417,657025441",94,65,E,availability-unverified,type mean + shrunk perk residuals + shrunk pair residual + Fox profile governance
4032097591,Sixth Sense,Hand Cannon,Legendary,generated-core,"3400784728,657025441",92,64,E,availability-unverified,type mean + shrunk perk residuals + shrunk pair residual + Fox profile governance
4032097591,Sixth Sense,Hand Cannon,Legendary,generated-core,"3619207468,47981717",66,98,E,availability-unverified,type mean + shrunk perk residuals + shrunk pair residual + Fox profile governance
4032097591,Sixth Sense,Hand Cannon,Legendary,generated-core,"3619207468,699525795",58,98,E,availability-unverified,type mean + shrunk perk residuals + shrunk pair residual + Fox profile governance
4032097591,Sixth Sense,Hand Cannon,Legendary,generated-fallback,,66,62,E,availability-unverified,type prior minus fallback margin + Fox profile governance
1705150753,Something New,Hand Cannon,Legendary,generated-core,"1955165503,124408337",98,54,E,availability-unverified,type mean + shrunk perk residuals + shrunk pair residual + Fox profile governance
1705150753,Something New,Hand Cannon,Legendary,generated-core,"1955165503,4019266109",95,62,E,availability-unverified,type mean + shrunk perk residuals + shrunk pair residual + Fox profile governance
1705150753,Something New,Hand Cannon,Legendary,generated-core,"1955165503,2109543898",91,64,E,availability-unverified,type mean + shrunk perk residuals + shrunk pair residual + Fox profile governance
1705150753,Something New,Hand Cannon,Legendary,generated-core,"3619207468,47981717",66,98,E,availability-unverified,type mean + shrunk perk residuals + shrunk pair residual + Fox profile governance
1705150753,Something New,Hand Cannon,Legendary,generated-core,"3619207468,1015611457",58,98,E,availability-unverified,type mean + shrunk perk residuals + shrunk pair residual + Fox profile governance
1705150753,Something New,Hand Cannon,Legendary,generated-fallback,,66,62,E,availability-unverified,type prior minus fallback margin + Fox profile governance
2877020298,Something New,Hand Cannon,Legendary,generated-core,"1955165503,124408337",98,54,E,availability-unverified,type mean + shrunk perk residuals + shrunk pair residual + Fox profile governance
2877020298,Something New,Hand Cannon,Legendary,generated-core,"1955165503,4019266109",95,62,E,availability-unverified,type mean + shrunk perk residuals + shrunk pair residual + Fox profile governance
2877020298,Something New,Hand Cannon,Legendary,generated-core,"1955165503,2109543898",91,64,E,availability-unverified,type mean + shrunk perk residuals + shrunk pair residual + Fox profile governance
2877020298,Something New,Hand Cannon,Legendary,generated-core,"3619207468,47981717",66,98,E,availability-unverified,type mean + shrunk perk residuals + shrunk pair residual + Fox profile governance
2877020298,Something New,Hand Cannon,Legendary,generated-core,"3619207468,1015611457",58,98,E,availability-unverified,type mean + shrunk perk residuals + shrunk pair residual + Fox profile governance
2877020298,Something New,Hand Cannon,Legendary,generated-fallback,,66,62,E,availability-unverified,type prior minus fallback margin + Fox profile governance
3240434620,Something New,Hand Cannon,Legendary,generated-core,"3978468247,124408337",93,61,E,availability-unverified,type mean + shrunk perk residuals + shrunk pair residual + Fox profile governance
3240434620,Something New,Hand Cannon,Legendary,generated-core,"3400784728,124408337",90,64,E,availability-unverified,type mean + shrunk perk residuals + shrunk pair residual + Fox profile governance
3240434620,Something New,Hand Cannon,Legendary,generated-core,"1820235745,124408337",89,62,E,availability-unverified,type mean + shrunk perk residuals + shrunk pair residual + Fox profile governance
3240434620,Something New,Hand Cannon,Legendary,generated-core,"247725512,1015611457",58,96,E,availability-unverified,type mean + shrunk perk residuals + shrunk pair residual + Fox profile governance
3240434620,Something New,Hand Cannon,Legendary,generated-core,"247725512,1195158366",64,91,E,availability-unverified,type mean + shrunk perk residuals + shrunk pair residual + Fox profile governance
3240434620,Something New,Hand Cannon,Legendary,generated-fallback,,66,62,E,availability-unverified,type prior minus fallback margin + Fox profile governance
3116356268,Spare Rations,Hand Cannon,Legendary,generated-core,"3643424744,3425386926",94,78,E,source-indicated,type mean + shrunk perk residuals + shrunk pair residual + Fox profile governance
3116356268,Spare Rations,Hand Cannon,Legendary,generated-core,"3643424744,3038247973",90,69,E,source-indicated,type mean + shrunk perk residuals + shrunk pair residual + Fox profile governance
3116356268,Spare Rations,Hand Cannon,Legendary,generated-core,"1354429876,3425386926",90,68,E,source-indicated,type mean + shrunk perk residuals + shrunk pair residual + Fox profile governance
3116356268,Spare Rations,Hand Cannon,Legendary,generated-core,"247725512,1015611457",58,96,E,source-indicated,type mean + shrunk perk residuals + shrunk pair residual + Fox profile governance
3116356268,Spare Rations,Hand Cannon,Legendary,generated-core,"4071163871,588594999",64,92,E,source-indicated,type mean + shrunk perk residuals + shrunk pair residual + Fox profile governance
3116356268,Spare Rations,Hand Cannon,Legendary,generated-fallback,,66,62,E,source-indicated,type prior minus fallback margin + Fox profile governance
3236112986,Spare Rations,Hand Cannon,Legendary,generated-core,"1820235745,3891536761",92,63,E,source-indicated,type mean + shrunk perk residuals + shrunk pair residual + Fox profile governance
3236112986,Spare Rations,Hand Cannon,Legendary,generated-core,"957782887,3891536761",85,69,E,source-indicated,type mean + shrunk perk residuals + shrunk pair residual + Fox profile governance
3236112986,Spare Rations,Hand Cannon,Legendary,generated-core,"1820235745,2896038713",85,65,E,source-indicated,type mean + shrunk perk residuals + shrunk pair residual + Fox profile governance
3236112986,Spare Rations,Hand Cannon,Legendary,generated-core,"3161816588,47981717",59,98,E,source-indicated,type mean + shrunk perk residuals + shrunk pair residual + Fox profile governance
3236112986,Spare Rations,Hand Cannon,Legendary,generated-core,"588594999,47981717",58,98,E,source-indicated,type mean + shrunk perk residuals + shrunk pair residual + Fox profile governance
3236112986,Spare Rations,Hand Cannon,Legendary,generated-fallback,,66,62,E,source-indicated,type prior minus fallback margin + Fox profile governance
2152350211,Survivor's Epitaph,Hand Cannon,Legendary,generated-core,"706527188,555281244",88,88,E,availability-unverified,type mean + shrunk perk residuals + shrunk pair residual + Fox profile governance
2152350211,Survivor's Epitaph,Hand Cannon,Legendary,generated-core,"1168162263,555281244",88,71,E,availability-unverified,type mean + shrunk perk residuals + shrunk pair residual + Fox profile governance
2152350211,Survivor's Epitaph,Hand Cannon,Legendary,generated-core,"1168162263,3038247973",88,65,E,availability-unverified,type mean + shrunk perk residuals + shrunk pair residual + Fox profile governance
2152350211,Survivor's Epitaph,Hand Cannon,Legendary,generated-core,"588594999,3673922083",58,98,E,availability-unverified,type mean + shrunk perk residuals + shrunk pair residual + Fox profile governance
2152350211,Survivor's Epitaph,Hand Cannon,Legendary,generated-core,"247725512,1015611457",58,96,E,availability-unverified,type mean + shrunk perk residuals + shrunk pair residual + Fox profile governance
2152350211,Survivor's Epitaph,Hand Cannon,Legendary,generated-fallback,,66,62,E,availability-unverified,type prior minus fallback margin + Fox profile governance
4059111040,Survivor's Epitaph,Hand Cannon,Legendary,generated-core,"706527188,555281244",88,88,E,source-indicated,type mean + shrunk perk residuals + shrunk pair residual + Fox profile governance
4059111040,Survivor's Epitaph,Hand Cannon,Legendary,generated-core,"1168162263,555281244",88,71,E,source-indicated,type mean + shrunk perk residuals + shrunk pair residual + Fox profile governance
4059111040,Survivor's Epitaph,Hand Cannon,Legendary,generated-core,"1168162263,3038247973",88,65,E,source-indicated,type mean + shrunk perk residuals + shrunk pair residual + Fox profile governance
4059111040,Survivor's Epitaph,Hand Cannon,Legendary,generated-core,"588594999,3673922083",58,98,E,source-indicated,type mean + shrunk perk residuals + shrunk pair residual + Fox profile governance
4059111040,Survivor's Epitaph,Hand Cannon,Legendary,generated-core,"247725512,1015611457",58,96,E,source-indicated,type mean + shrunk perk residuals + shrunk pair residual + Fox profile governance
4059111040,Survivor's Epitaph,Hand Cannon,Legendary,generated-fallback,,66,62,E,source-indicated,type prior minus fallback margin + Fox profile governance
2112909415,Ten Paces,Hand Cannon,Legendary,generated-core,"3300816228,1954620775",91,84,E,source-indicated,type mean + shrunk perk residuals + shrunk pair residual + Fox profile governance
2112909415,Ten Paces,Hand Cannon,Legendary,generated-core,"3400784728,1954620775",90,81,E,source-indicated,type mean + shrunk perk residuals + shrunk pair residual + Fox profile governance
2112909415,Ten Paces,Hand Cannon,Legendary,generated-core,"3300816228,3425386926",89,74,E,source-indicated,type mean + shrunk perk residuals + shrunk pair residual + Fox profile governance
2112909415,Ten Paces,Hand Cannon,Legendary,generated-core,"3161816588,1954620775",82,98,E,source-indicated,type mean + shrunk perk residuals + shrunk pair residual + Fox profile governance
2112909415,Ten Paces,Hand Cannon,Legendary,generated-core,"3161816588,47981717",59,98,E,source-indicated,type mean + shrunk perk residuals + shrunk pair residual + Fox profile governance
2112909415,Ten Paces,Hand Cannon,Legendary,generated-fallback,,66,62,E,source-indicated,type prior minus fallback margin + Fox profile governance
3569802112,The Old Fashioned,Hand Cannon,Legendary,generated-core,"3523296417,3708227201",90,66,E,source-indicated,type mean + shrunk perk residuals + shrunk pair residual + Fox profile governance
3569802112,The Old Fashioned,Hand Cannon,Legendary,generated-core,"706527188,3708227201",87,72,E,source-indicated,type mean + shrunk perk residuals + shrunk pair residual + Fox profile governance
3569802112,The Old Fashioned,Hand Cannon,Legendary,generated-core,"706527188,3038247973",86,74,E,source-indicated,type mean + shrunk perk residuals + shrunk pair residual + Fox profile governance
3569802112,The Old Fashioned,Hand Cannon,Legendary,generated-core,"3161816588,588594999",64,93,E,source-indicated,type mean + shrunk perk residuals + shrunk pair residual + Fox profile governance
3569802112,The Old Fashioned,Hand Cannon,Legendary,generated-core,"3161816588,1015611457",64,93,E,source-indicated,type mean + shrunk perk residuals + shrunk pair residual + Fox profile governance
3569802112,The Old Fashioned,Hand Cannon,Legendary,generated-fallback,,66,62,E,source-indicated,type prior minus fallback margin + Fox profile governance
3303271523,The Palindrome,Hand Cannon,Legendary,generated-core,"1511100135,2173046394",98,64,E,availability-unverified,type mean + shrunk perk residuals + shrunk pair residual + Fox profile governance
3303271523,The Palindrome,Hand Cannon,Legendary,generated-core,"4019266109,3081867624",98,61,E,availability-unverified,type mean + shrunk perk residuals + shrunk pair residual + Fox profile governance
3303271523,The Palindrome,Hand Cannon,Legendary,generated-core,"1511100135,3218042543",95,78,E,availability-unverified,type mean + shrunk perk residuals + shrunk pair residual + Fox profile governance
3303271523,The Palindrome,Hand Cannon,Legendary,generated-core,"2579169598,47981717",61,98,E,availability-unverified,type mean + shrunk perk residuals + shrunk pair residual + Fox profile governance
3303271523,The Palindrome,Hand Cannon,Legendary,generated-core,"2579169598,2720533289",72,92,E,availability-unverified,type mean + shrunk perk residuals + shrunk pair residual + Fox profile governance
3303271523,The Palindrome,Hand Cannon,Legendary,generated-fallback,,66,62,E,availability-unverified,type prior minus fallback margin + Fox profile governance
1481892490,The Palindrome (Adept),Hand Cannon,Legendary,generated-core,"3643424744,3425386926",94,78,E,source-indicated,type mean + shrunk perk residuals + shrunk pair residual + Fox profile governance
1481892490,The Palindrome (Adept),Hand Cannon,Legendary,generated-core,"3643424744,4049631843",92,65,E,source-indicated,type mean + shrunk perk residuals + shrunk pair residual + Fox profile governance
1481892490,The Palindrome (Adept),Hand Cannon,Legendary,generated-core,"1168162263,4049631843",91,61,E,source-indicated,type mean + shrunk perk residuals + shrunk pair residual + Fox profile governance
1481892490,The Palindrome (Adept),Hand Cannon,Legendary,generated-core,"2450788523,2213355989",68,93,E,source-indicated,type mean + shrunk perk residuals + shrunk pair residual + Fox profile governance
1481892490,The Palindrome (Adept),Hand Cannon,Legendary,generated-core,"2450788523,2846385770",68,93,E,source-indicated,type mean + shrunk perk residuals + shrunk pair residual + Fox profile governance
1481892490,The Palindrome (Adept),Hand Cannon,Legendary,generated-fallback,,66,62,E,source-indicated,type prior minus fallback margin + Fox profile governance
2220884262,The Steady Hand,Hand Cannon,Legendary,generated-core,"1168162263,11551321",85,69,E,source-indicated,type mean + shrunk perk residuals + shrunk pair residual + Fox profile governance
2220884262,The Steady Hand,Hand Cannon,Legendary,generated-core,"1168162263,3513791699",85,69,E,source-indicated,type mean + shrunk perk residuals + shrunk pair residual + Fox profile governance
2220884262,The Steady Hand,Hand Cannon,Legendary,generated-core,"1168162263,4152709778",85,69,E,source-indicated,type mean + shrunk perk residuals + shrunk pair residual + Fox profile governance
2220884262,The Steady Hand,Hand Cannon,Legendary,generated-core,"588594999,957782887",62,92,E,source-indicated,type mean + shrunk perk residuals + shrunk pair residual + Fox profile governance
2220884262,The Steady Hand,Hand Cannon,Legendary,generated-core,"2450788523,957782887",72,86,E,source-indicated,type mean + shrunk perk residuals + shrunk pair residual + Fox profile governance
2220884262,The Steady Hand,Hand Cannon,Legendary,generated-fallback,,66,62,E,source-indicated,type prior minus fallback margin + Fox profile governance
1178886909,Thin Line,Hand Cannon,Legendary,generated-core,"3300816228,2848615171",90,71,E,source-indicated,type mean + shrunk perk residuals + shrunk pair residual + Fox profile governance
1178886909,Thin Line,Hand Cannon,Legendary,generated-core,"3300816228,1168162263",90,69,E,source-indicated,type mean + shrunk perk residuals + shrunk pair residual + Fox profile governance
1178886909,Thin Line,Hand Cannon,Legendary,generated-core,"3300816228,3425386926",89,74,E,source-indicated,type mean + shrunk perk residuals + shrunk pair residual + Fox profile governance
1178886909,Thin Line,Hand Cannon,Legendary,generated-core,"3161816588,47981717",59,98,E,source-indicated,type mean + shrunk perk residuals + shrunk pair residual + Fox profile governance
1178886909,Thin Line,Hand Cannon,Legendary,generated-core,"588594999,47981717",58,98,E,source-indicated,type mean + shrunk perk residuals + shrunk pair residual + Fox profile governance
1178886909,Thin Line,Hand Cannon,Legendary,generated-fallback,,66,62,E,source-indicated,type prior minus fallback margin + Fox profile governance
960948343,True Prophecy,Hand Cannon,Legendary,generated-core,"1115162408,3966416502",98,67,E,source-indicated,type mean + shrunk perk residuals + shrunk pair residual + Fox profile governance
960948343,True Prophecy,Hand Cannon,Legendary,generated-core,"1115162408,3425386926",96,76,E,source-indicated,type mean + shrunk perk residuals + shrunk pair residual + Fox profile governance
960948343,True Prophecy,Hand Cannon,Legendary,generated-core,"1115162408,2848615171",93,67,E,source-indicated,type mean + shrunk perk residuals + shrunk pair residual + Fox profile governance
960948343,True Prophecy,Hand Cannon,Legendary,generated-core,"2579169598,555281244",71,95,E,source-indicated,type mean + shrunk perk residuals + shrunk pair residual + Fox profile governance
960948343,True Prophecy,Hand Cannon,Legendary,generated-core,"2846385770,555281244",68,95,E,source-indicated,type mean + shrunk perk residuals + shrunk pair residual + Fox profile governance
960948343,True Prophecy,Hand Cannon,Legendary,generated-fallback,,66,62,E,source-indicated,type prior minus fallback margin + Fox profile governance
4077196130,Trust,Hand Cannon,Legendary,generated-core,"2848615171,3038247973",91,65,E,source-indicated,type mean + shrunk perk residuals + shrunk pair residual + Fox profile governance
4077196130,Trust,Hand Cannon,Legendary,generated-core,"3400784728,3038247973",89,66,E,source-indicated,type mean + shrunk perk residuals + shrunk pair residual + Fox profile governance
4077196130,Trust,Hand Cannon,Legendary,generated-core,"2848615171,3425386926",88,70,E,source-indicated,type mean + shrunk perk residuals + shrunk pair residual + Fox profile governance
4077196130,Trust,Hand Cannon,Legendary,generated-core,"47981717,1866048759",64,93,E,source-indicated,type mean + shrunk perk residuals + shrunk pair residual + Fox profile governance
4077196130,Trust,Hand Cannon,Legendary,generated-core,"47981717,2387244414",64,93,E,source-indicated,type mean + shrunk perk residuals + shrunk pair residual + Fox profile governance
4077196130,Trust,Hand Cannon,Legendary,generated-fallback,,66,62,E,source-indicated,type prior minus fallback margin + Fox profile governance
1727550459,Waking Vigil,Hand Cannon,Legendary,generated-core,"2458610193,654512643",98,61,E,source-indicated,type mean + shrunk perk residuals + shrunk pair residual + Fox profile governance
1727550459,Waking Vigil,Hand Cannon,Legendary,generated-core,"2458610193,657025441",96,64,E,source-indicated,type mean + shrunk perk residuals + shrunk pair residual + Fox profile governance
1727550459,Waking Vigil,Hand Cannon,Legendary,generated-core,"2458610193,2173046394",95,64,E,source-indicated,type mean + shrunk perk residuals + shrunk pair residual + Fox profile governance
1727550459,Waking Vigil,Hand Cannon,Legendary,generated-core,"3619207468,47981717",66,98,E,source-indicated,type mean + shrunk perk residuals + shrunk pair residual + Fox profile governance
1727550459,Waking Vigil,Hand Cannon,Legendary,generated-core,"1428297954,47981717",58,98,E,source-indicated,type mean + shrunk perk residuals + shrunk pair residual + Fox profile governance
1727550459,Waking Vigil,Hand Cannon,Legendary,generated-fallback,,66,62,E,source-indicated,type prior minus fallback margin + Fox profile governance
233423981,Warden's Law,Hand Cannon,Legendary,generated-core,"3425386926,1168162263",88,68,E,source-indicated,type mean + shrunk perk residuals + shrunk pair residual + Fox profile governance
233423981,Warden's Law,Hand Cannon,Legendary,generated-core,"3425386926,2779035018",85,69,E,source-indicated,type mean + shrunk perk residuals + shrunk pair residual + Fox profile governance
233423981,Warden's Law,Hand Cannon,Legendary,generated-core,"3425386926,957782887",80,77,E,source-indicated,type mean + shrunk perk residuals + shrunk pair residual + Fox profile governance
233423981,Warden's Law,Hand Cannon,Legendary,generated-core,"47981717,588594999",58,98,E,source-indicated,type mean + shrunk perk residuals + shrunk pair residual + Fox profile governance
233423981,Warden's Law,Hand Cannon,Legendary,generated-core,"47981717,4071163871",58,98,E,source-indicated,type mean + shrunk perk residuals + shrunk pair residual + Fox profile governance
233423981,Warden's Law,Hand Cannon,Legendary,generated-fallback,,66,62,E,source-indicated,type prior minus fallback margin + Fox profile governance
1821529912,Warden's Law,Hand Cannon,Legendary,generated-core,"3978468247,3425386926",91,68,E,availability-unverified,type mean + shrunk perk residuals + shrunk pair residual + Fox profile governance
1821529912,Warden's Law,Hand Cannon,Legendary,generated-core,"1354429876,3425386926",90,68,E,availability-unverified,type mean + shrunk perk residuals + shrunk pair residual + Fox profile governance
1821529912,Warden's Law,Hand Cannon,Legendary,generated-core,"3978468247,1546637391",90,67,E,availability-unverified,type mean + shrunk perk residuals + shrunk pair residual + Fox profile governance
1821529912,Warden's Law,Hand Cannon,Legendary,generated-core,"1428297954,1015611457",58,98,E,availability-unverified,type mean + shrunk perk residuals + shrunk pair residual + Fox profile governance
1821529912,Warden's Law,Hand Cannon,Legendary,generated-core,"588594999,1015611457",64,93,E,availability-unverified,type mean + shrunk perk residuals + shrunk pair residual + Fox profile governance
1821529912,Warden's Law,Hand Cannon,Legendary,generated-fallback,,66,62,E,availability-unverified,type prior minus fallback margin + Fox profile governance
2152484073,Warden's Law,Hand Cannon,Legendary,generated-core,"1354429876,3425386926",90,68,E,source-indicated,type mean + shrunk perk residuals + shrunk pair residual + Fox profile governance
2152484073,Warden's Law,Hand Cannon,Legendary,generated-core,"1354429876,1546637391",88,66,E,source-indicated,type mean + shrunk perk residuals + shrunk pair residual + Fox profile governance
2152484073,Warden's Law,Hand Cannon,Legendary,generated-core,"1354429876,4104185692",88,61,E,source-indicated,type mean + shrunk perk residuals + shrunk pair residual + Fox profile governance
2152484073,Warden's Law,Hand Cannon,Legendary,generated-core,"1428297954,1015611457",58,98,E,source-indicated,type mean + shrunk perk residuals + shrunk pair residual + Fox profile governance
2152484073,Warden's Law,Hand Cannon,Legendary,generated-core,"3938834702,1015611457",58,98,E,source-indicated,type mean + shrunk perk residuals + shrunk pair residual + Fox profile governance
2152484073,Warden's Law,Hand Cannon,Legendary,generated-fallback,,66,62,E,source-indicated,type prior minus fallback margin + Fox profile governance
2363113134,Warden's Law,Hand Cannon,Legendary,generated-core,"1354429876,3425386926",90,68,E,source-indicated,type mean + shrunk perk residuals + shrunk pair residual + Fox profile governance
2363113134,Warden's Law,Hand Cannon,Legendary,generated-core,"1354429876,1546637391",88,66,E,source-indicated,type mean + shrunk perk residuals + shrunk pair residual + Fox profile governance
2363113134,Warden's Law,Hand Cannon,Legendary,generated-core,"1354429876,4104185692",88,61,E,source-indicated,type mean + shrunk perk residuals + shrunk pair residual + Fox profile governance
2363113134,Warden's Law,Hand Cannon,Legendary,generated-core,"1428297954,1015611457",58,98,E,source-indicated,type mean + shrunk perk residuals + shrunk pair residual + Fox profile governance
2363113134,Warden's Law,Hand Cannon,Legendary,generated-core,"3938834702,1015611457",58,98,E,source-indicated,type mean + shrunk perk residuals + shrunk pair residual + Fox profile governance
2363113134,Warden's Law,Hand Cannon,Legendary,generated-fallback,,66,62,E,source-indicated,type prior minus fallback margin + Fox profile governance
3250744600,Warden's Law (Adept),Hand Cannon,Legendary,generated-core,"1354429876,3425386926",90,68,E,source-indicated,type mean + shrunk perk residuals + shrunk pair residual + Fox profile governance
3250744600,Warden's Law (Adept),Hand Cannon,Legendary,generated-core,"1354429876,1546637391",88,66,E,source-indicated,type mean + shrunk perk residuals + shrunk pair residual + Fox profile governance
3250744600,Warden's Law (Adept),Hand Cannon,Legendary,generated-core,"1354429876,4104185692",88,61,E,source-indicated,type mean + shrunk perk residuals + shrunk pair residual + Fox profile governance
3250744600,Warden's Law (Adept),Hand Cannon,Legendary,generated-core,"1428297954,1015611457",58,98,E,source-indicated,type mean + shrunk perk residuals + shrunk pair residual + Fox profile governance
3250744600,Warden's Law (Adept),Hand Cannon,Legendary,generated-core,"3938834702,1015611457",58,98,E,source-indicated,type mean + shrunk perk residuals + shrunk pair residual + Fox profile governance
3250744600,Warden's Law (Adept),Hand Cannon,Legendary,generated-fallback,,66,62,E,source-indicated,type prior minus fallback margin + Fox profile governance
1803480512,Yesterday's Question,Hand Cannon,Legendary,generated-core,"1421772400,2173046394",98,60,E,source-indicated,type mean + shrunk perk residuals + shrunk pair residual + Fox profile governance
1803480512,Yesterday's Question,Hand Cannon,Legendary,generated-core,"1421772400,2109543898",97,62,E,source-indicated,type mean + shrunk perk residuals + shrunk pair residual + Fox profile governance
1803480512,Yesterday's Question,Hand Cannon,Legendary,generated-core,"2848615171,2173046394",97,58,E,source-indicated,type mean + shrunk perk residuals + shrunk pair residual + Fox profile governance
1803480512,Yesterday's Question,Hand Cannon,Legendary,generated-core,"2579169598,699525795",60,98,E,source-indicated,type mean + shrunk perk residuals + shrunk pair residual + Fox profile governance
1803480512,Yesterday's Question,Hand Cannon,Legendary,generated-core,"2579169598,460017080",58,98,E,source-indicated,type mean + shrunk perk residuals + shrunk pair residual + Fox profile governance
1803480512,Yesterday's Question,Hand Cannon,Legendary,generated-fallback,,66,62,E,source-indicated,type prior minus fallback margin + Fox profile governance
2300143112,Yesterday's Question,Hand Cannon,Legendary,generated-core,"1421772400,2173046394",98,60,E,source-indicated,type mean + shrunk perk residuals + shrunk pair residual + Fox profile governance
2300143112,Yesterday's Question,Hand Cannon,Legendary,generated-core,"1421772400,2109543898",97,62,E,source-indicated,type mean + shrunk perk residuals + shrunk pair residual + Fox profile governance
2300143112,Yesterday's Question,Hand Cannon,Legendary,generated-core,"2848615171,2173046394",97,58,E,source-indicated,type mean + shrunk perk residuals + shrunk pair residual + Fox profile governance
2300143112,Yesterday's Question,Hand Cannon,Legendary,generated-core,"2579169598,699525795",60,98,E,source-indicated,type mean + shrunk perk residuals + shrunk pair residual + Fox profile governance
2300143112,Yesterday's Question,Hand Cannon,Legendary,generated-core,"2579169598,460017080",58,98,E,source-indicated,type mean + shrunk perk residuals + shrunk pair residual + Fox profile governance
2300143112,Yesterday's Question,Hand Cannon,Legendary,generated-fallback,,66,62,E,source-indicated,type prior minus fallback margin + Fox profile governance
2378785953,Yesterday's Question (Adept),Hand Cannon,Legendary,generated-core,"1421772400,2173046394",98,60,E,source-indicated,type mean + shrunk perk residuals + shrunk pair residual + Fox profile governance
2378785953,Yesterday's Question (Adept),Hand Cannon,Legendary,generated-core,"1421772400,2109543898",97,62,E,source-indicated,type mean + shrunk perk residuals + shrunk pair residual + Fox profile governance
2378785953,Yesterday's Question (Adept),Hand Cannon,Legendary,generated-core,"2848615171,2173046394",97,58,E,source-indicated,type mean + shrunk perk residuals + shrunk pair residual + Fox profile governance
2378785953,Yesterday's Question (Adept),Hand Cannon,Legendary,generated-core,"2579169598,699525795",60,98,E,source-indicated,type mean + shrunk perk residuals + shrunk pair residual + Fox profile governance
2378785953,Yesterday's Question (Adept),Hand Cannon,Legendary,generated-core,"2579169598,460017080",58,98,E,source-indicated,type mean + shrunk perk residuals + shrunk pair residual + Fox profile governance
2378785953,Yesterday's Question (Adept),Hand Cannon,Legendary,generated-fallback,,66,62,E,source-indicated,type prior minus fallback margin + Fox profile governance
2890082420,Briar's Contempt (Adept),Linear Fusion Rifle,Legendary,generated-core,"968510818,3764420437",98,52,E,source-indicated,type mean + shrunk perk residuals + shrunk pair residual + Fox profile governance
2890082420,Briar's Contempt (Adept),Linear Fusion Rifle,Legendary,generated-core,"968510818,3215448563",98,51,E,source-indicated,type mean + shrunk perk residuals + shrunk pair residual + Fox profile governance
2890082420,Briar's Contempt (Adept),Linear Fusion Rifle,Legendary,generated-core,"968510818,3640170453",98,51,E,source-indicated,type mean + shrunk perk residuals + shrunk pair residual + Fox profile governance
2890082420,Briar's Contempt (Adept),Linear Fusion Rifle,Legendary,generated-core,"3619207468,3673922083",62,88,E,source-indicated,type mean + shrunk perk residuals + shrunk pair residual + Fox profile governance
2890082420,Briar's Contempt (Adept),Linear Fusion Rifle,Legendary,generated-core,"3161816588,2213355989",68,82,E,source-indicated,type mean + shrunk perk residuals + shrunk pair residual + Fox profile governance
2890082420,Briar's Contempt (Adept),Linear Fusion Rifle,Legendary,generated-fallback,,69,52,E,source-indicated,type prior minus fallback margin + Fox profile governance
2714022207,Corsair's Wrath,Linear Fusion Rifle,Legendary,generated-core,"1168162263,706527188",89,61,E,source-indicated,type mean + shrunk perk residuals + shrunk pair residual + Fox profile governance
2714022207,Corsair's Wrath,Linear Fusion Rifle,Legendary,generated-core,"1168162263,3523296417",88,58,E,source-indicated,type mean + shrunk perk residuals + shrunk pair residual + Fox profile governance
2714022207,Corsair's Wrath,Linear Fusion Rifle,Legendary,generated-core,"1168162263,3108830275",87,60,E,source-indicated,type mean + shrunk perk residuals + shrunk pair residual + Fox profile governance
2714022207,Corsair's Wrath,Linear Fusion Rifle,Legendary,generated-core,"2450788523,1015611457",66,87,E,source-indicated,type mean + shrunk perk residuals + shrunk pair residual + Fox profile governance
2714022207,Corsair's Wrath,Linear Fusion Rifle,Legendary,generated-core,"2450788523,2213355989",72,82,E,source-indicated,type mean + shrunk perk residuals + shrunk pair residual + Fox profile governance
2714022207,Corsair's Wrath,Linear Fusion Rifle,Legendary,generated-fallback,,69,52,E,source-indicated,type prior minus fallback margin + Fox profile governance
3419149443,Crooked Fang-4fr,Linear Fusion Rifle,Legendary,generated-core,"3300816228,2848615171",93,60,E,source-indicated,type mean + shrunk perk residuals + shrunk pair residual + Fox profile governance
3419149443,Crooked Fang-4fr,Linear Fusion Rifle,Legendary,generated-core,"3300816228,3425386926",92,63,E,source-indicated,type mean + shrunk perk residuals + shrunk pair residual + Fox profile governance
3419149443,Crooked Fang-4fr,Linear Fusion Rifle,Legendary,generated-core,"3300816228,3096702027",89,65,E,source-indicated,type mean + shrunk perk residuals + shrunk pair residual + Fox profile governance
3419149443,Crooked Fang-4fr,Linear Fusion Rifle,Legendary,generated-core,"1866048759,1015611457",62,88,E,source-indicated,type mean + shrunk perk residuals + shrunk pair residual + Fox profile governance
3419149443,Crooked Fang-4fr,Linear Fusion Rifle,Legendary,generated-core,"47981717,1015611457",68,82,E,source-indicated,type mean + shrunk perk residuals + shrunk pair residual + Fox profile governance
3419149443,Crooked Fang-4fr,Linear Fusion Rifle,Legendary,generated-fallback,,69,52,E,source-indicated,type prior minus fallback margin + Fox profile governance
2697058914,Komodo-4FR,Linear Fusion Rifle,Legendary,generated-core,"2866798147,2551157718",72,74,E,source-indicated,type mean + shrunk perk residuals + shrunk pair residual + Fox profile governance
2697058914,Komodo-4FR,Linear Fusion Rifle,Legendary,generated-core,"2866798147,699525795",71,78,E,source-indicated,type mean + shrunk perk residuals + shrunk pair residual + Fox profile governance
2697058914,Komodo-4FR,Linear Fusion Rifle,Legendary,generated-core,"588594999,2551157718",70,79,E,source-indicated,type mean + shrunk perk residuals + shrunk pair residual + Fox profile governance
2697058914,Komodo-4FR,Linear Fusion Rifle,Legendary,generated-core,"588594999,699525795",62,88,E,source-indicated,type mean + shrunk perk residuals + shrunk pair residual + Fox profile governance
2697058914,Komodo-4FR,Linear Fusion Rifle,Legendary,generated-fallback,,69,52,E,source-indicated,type prior minus fallback margin + Fox profile governance
1439354195,Laser Painter,Linear Fusion Rifle,Legendary,generated-core,"3300816228,831391274",94,57,E,source-indicated,type mean + shrunk perk residuals + shrunk pair residual + Fox profile governance
1439354195,Laser Painter,Linear Fusion Rifle,Legendary,generated-core,"2284787283,831391274",93,53,E,source-indicated,type mean + shrunk perk residuals + shrunk pair residual + Fox profile governance
1439354195,Laser Painter,Linear Fusion Rifle,Legendary,generated-core,"1168162263,831391274",93,51,E,source-indicated,type mean + shrunk perk residuals + shrunk pair residual + Fox profile governance
1439354195,Laser Painter,Linear Fusion Rifle,Legendary,generated-core,"247725512,2551157718",64,83,E,source-indicated,type mean + shrunk perk residuals + shrunk pair residual + Fox profile governance
1439354195,Laser Painter,Linear Fusion Rifle,Legendary,generated-core,"588594999,1866048759",68,82,E,source-indicated,type mean + shrunk perk residuals + shrunk pair residual + Fox profile governance
1439354195,Laser Painter,Linear Fusion Rifle,Legendary,generated-fallback,,69,52,E,source-indicated,type prior minus fallback margin + Fox profile governance
946443267,Line in the Sand,Linear Fusion Rifle,Legendary,generated-core,"3096702027,3300816228",89,65,E,source-indicated,type mean + shrunk perk residuals + shrunk pair residual + Fox profile governance
946443267,Line in the Sand,Linear Fusion Rifle,Legendary,generated-core,"3096702027,3425386926",88,65,E,source-indicated,type mean + shrunk perk residuals + shrunk pair residual + Fox profile governance
946443267,Line in the Sand,Linear Fusion Rifle,Legendary,generated-core,"3096702027,1771339417",88,63,E,source-indicated,type mean + shrunk perk residuals + shrunk pair residual + Fox profile governance
946443267,Line in the Sand,Linear Fusion Rifle,Legendary,generated-core,"588594999,3300816228",81,73,E,source-indicated,type mean + shrunk perk residuals + shrunk pair residual + Fox profile governance
946443267,Line in the Sand,Linear Fusion Rifle,Legendary,generated-core,"1645158859,3300816228",81,73,E,source-indicated,type mean + shrunk perk residuals + shrunk pair residual + Fox profile governance
946443267,Line in the Sand,Linear Fusion Rifle,Legendary,generated-fallback,,69,52,E,source-indicated,type prior minus fallback margin + Fox profile governance
3483485727,Mistral Lift,Linear Fusion Rifle,Legendary,generated-core,"968510818,555281244",98,60,E,source-indicated,type mean + shrunk perk residuals + shrunk pair residual + Fox profile governance
3483485727,Mistral Lift,Linear Fusion Rifle,Legendary,generated-core,"1523832109,3078487919",98,52,E,source-indicated,type mean + shrunk perk residuals + shrunk pair residual + Fox profile governance
3483485727,Mistral Lift,Linear Fusion Rifle,Legendary,generated-core,"3987942396,3078487919",98,50,E,source-indicated,type mean + shrunk perk residuals + shrunk pair residual + Fox profile governance
3483485727,Mistral Lift,Linear Fusion Rifle,Legendary,generated-core,"3619207468,555281244",80,84,E,source-indicated,type mean + shrunk perk residuals + shrunk pair residual + Fox profile governance
3483485727,Mistral Lift,Linear Fusion Rifle,Legendary,generated-core,"588594999,2213355989",68,82,E,source-indicated,type mean + shrunk perk residuals + shrunk pair residual + Fox profile governance
3483485727,Mistral Lift,Linear Fusion Rifle,Legendary,generated-fallback,,69,52,E,source-indicated,type prior minus fallback margin + Fox profile governance
1207321710,Scintillation,Linear Fusion Rifle,Legendary,generated-core,"3300816228,243981275",98,57,E,source-indicated,type mean + shrunk perk residuals + shrunk pair residual + Fox profile governance
1207321710,Scintillation,Linear Fusion Rifle,Legendary,generated-core,"968510818,243981275",98,53,E,source-indicated,type mean + shrunk perk residuals + shrunk pair residual + Fox profile governance
1207321710,Scintillation,Linear Fusion Rifle,Legendary,generated-core,"3300816228,1427256713",98,52,E,source-indicated,type mean + shrunk perk residuals + shrunk pair residual + Fox profile governance
1207321710,Scintillation,Linear Fusion Rifle,Legendary,generated-core,"247725512,1771339417",80,69,E,source-indicated,type mean + shrunk perk residuals + shrunk pair residual + Fox profile governance
1207321710,Scintillation,Linear Fusion Rifle,Legendary,generated-core,"247725512,3708227201",80,67,E,source-indicated,type mean + shrunk perk residuals + shrunk pair residual + Fox profile governance
1207321710,Scintillation,Linear Fusion Rifle,Legendary,generated-fallback,,69,52,E,source-indicated,type prior minus fallback margin + Fox profile governance
2591257541,Scintillation,Linear Fusion Rifle,Legendary,generated-core,"3300816228,243981275",98,57,E,source-indicated,type mean + shrunk perk residuals + shrunk pair residual + Fox profile governance
2591257541,Scintillation,Linear Fusion Rifle,Legendary,generated-core,"968510818,243981275",98,53,E,source-indicated,type mean + shrunk perk residuals + shrunk pair residual + Fox profile governance
2591257541,Scintillation,Linear Fusion Rifle,Legendary,generated-core,"3300816228,1427256713",98,52,E,source-indicated,type mean + shrunk perk residuals + shrunk pair residual + Fox profile governance
2591257541,Scintillation,Linear Fusion Rifle,Legendary,generated-core,"247725512,1771339417",80,69,E,source-indicated,type mean + shrunk perk residuals + shrunk pair residual + Fox profile governance
2591257541,Scintillation,Linear Fusion Rifle,Legendary,generated-core,"247725512,3708227201",80,67,E,source-indicated,type mean + shrunk perk residuals + shrunk pair residual + Fox profile governance
2591257541,Scintillation,Linear Fusion Rifle,Legendary,generated-fallback,,69,52,E,source-indicated,type prior minus fallback margin + Fox profile governance
1492522228,Scintillation (Adept),Linear Fusion Rifle,Legendary,generated-core,"3300816228,243981275",98,57,E,source-indicated,type mean + shrunk perk residuals + shrunk pair residual + Fox profile governance
1492522228,Scintillation (Adept),Linear Fusion Rifle,Legendary,generated-core,"968510818,243981275",98,53,E,source-indicated,type mean + shrunk perk residuals + shrunk pair residual + Fox profile governance
1492522228,Scintillation (Adept),Linear Fusion Rifle,Legendary,generated-core,"3300816228,1427256713",98,52,E,source-indicated,type mean + shrunk perk residuals + shrunk pair residual + Fox profile governance
1492522228,Scintillation (Adept),Linear Fusion Rifle,Legendary,generated-core,"247725512,1771339417",80,69,E,source-indicated,type mean + shrunk perk residuals + shrunk pair residual + Fox profile governance
1492522228,Scintillation (Adept),Linear Fusion Rifle,Legendary,generated-core,"247725512,3708227201",80,67,E,source-indicated,type mean + shrunk perk residuals + shrunk pair residual + Fox profile governance
1492522228,Scintillation (Adept),Linear Fusion Rifle,Legendary,generated-fallback,,69,52,E,source-indicated,type prior minus fallback margin + Fox profile governance
2862666249,Stormchaser,Linear Fusion Rifle,Legendary,generated-core,"1511100135,3764420437",98,60,E,source-indicated,type mean + shrunk perk residuals + shrunk pair residual + Fox profile governance
2862666249,Stormchaser,Linear Fusion Rifle,Legendary,generated-core,"1511100135,654512643",98,57,E,source-indicated,type mean + shrunk perk residuals + shrunk pair residual + Fox profile governance
2862666249,Stormchaser,Linear Fusion Rifle,Legendary,generated-core,"3300816228,654512643",98,56,E,source-indicated,type mean + shrunk perk residuals + shrunk pair residual + Fox profile governance
2862666249,Stormchaser,Linear Fusion Rifle,Legendary,generated-core,"247725512,555281244",72,82,E,source-indicated,type mean + shrunk perk residuals + shrunk pair residual + Fox profile governance
2862666249,Stormchaser,Linear Fusion Rifle,Legendary,generated-core,"1511100135,555281244",92,71,E,source-indicated,type mean + shrunk perk residuals + shrunk pair residual + Fox profile governance
2862666249,Stormchaser,Linear Fusion Rifle,Legendary,generated-fallback,,69,52,E,source-indicated,type prior minus fallback margin + Fox profile governance
1952295804,Willful Hamartia,Linear Fusion Rifle,Legendary,generated-core,"968510818,555281244",98,60,E,source-indicated,type mean + shrunk perk residuals + shrunk pair residual + Fox profile governance
1952295804,Willful Hamartia,Linear Fusion Rifle,Legendary,generated-core,"968510818,3078487919",98,49,E,source-indicated,type mean + shrunk perk residuals + shrunk pair residual + Fox profile governance
1952295804,Willful Hamartia,Linear Fusion Rifle,Legendary,generated-core,"968510818,1427256713",98,46,E,source-indicated,type mean + shrunk perk residuals + shrunk pair residual + Fox profile governance
1952295804,Willful Hamartia,Linear Fusion Rifle,Legendary,generated-core,"2579169598,460017080",62,88,E,source-indicated,type mean + shrunk perk residuals + shrunk pair residual + Fox profile governance
1952295804,Willful Hamartia,Linear Fusion Rifle,Legendary,generated-core,"1890422124,2416023159",62,87,E,source-indicated,type mean + shrunk perk residuals + shrunk pair residual + Fox profile governance
1952295804,Willful Hamartia,Linear Fusion Rifle,Legendary,generated-fallback,,69,52,E,source-indicated,type prior minus fallback margin + Fox profile governance
3001598094,21% Delirium,Machine Gun,Legendary,generated-core,"3643424744,3966416502",98,60,E,source-indicated,type mean + shrunk perk residuals + shrunk pair residual + Fox profile governance
3001598094,21% Delirium,Machine Gun,Legendary,generated-core,"3643424744,3218042543",98,59,E,source-indicated,type mean + shrunk perk residuals + shrunk pair residual + Fox profile governance
3001598094,21% Delirium,Machine Gun,Legendary,generated-core,"2458610193,3966416502",98,57,E,source-indicated,type mean + shrunk perk residuals + shrunk pair residual + Fox profile governance
3001598094,21% Delirium,Machine Gun,Legendary,generated-core,"684456054,557221067",77,76,E,source-indicated,type mean + shrunk perk residuals + shrunk pair residual + Fox profile governance
3001598094,21% Delirium,Machine Gun,Legendary,generated-core,"2458610193,557221067",92,64,E,source-indicated,type mean + shrunk perk residuals + shrunk pair residual + Fox profile governance
3001598094,21% Delirium,Machine Gun,Legendary,generated-fallback,,69,51,E,source-indicated,type prior minus fallback margin + Fox profile governance
3211332727,A Fine Memorial,Machine Gun,Legendary,generated-core,"3300816228,2305480722",98,59,E,source-indicated,type mean + shrunk perk residuals + shrunk pair residual + Fox profile governance
3211332727,A Fine Memorial,Machine Gun,Legendary,generated-core,"3218042543,2305480722",98,55,E,source-indicated,type mean + shrunk perk residuals + shrunk pair residual + Fox profile governance
3211332727,A Fine Memorial,Machine Gun,Legendary,generated-core,"3218042543,3966416502",98,55,E,source-indicated,type mean + shrunk perk residuals + shrunk pair residual + Fox profile governance
3211332727,A Fine Memorial,Machine Gun,Legendary,generated-core,"1359896290,31345821",65,87,E,source-indicated,type mean + shrunk perk residuals + shrunk pair residual + Fox profile governance
3211332727,A Fine Memorial,Machine Gun,Legendary,generated-core,"1359896290,365154968",65,87,E,source-indicated,type mean + shrunk perk residuals + shrunk pair residual + Fox profile governance
3211332727,A Fine Memorial,Machine Gun,Legendary,generated-fallback,,69,51,E,source-indicated,type prior minus fallback margin + Fox profile governance
3325778512,A Fine Memorial,Machine Gun,Legendary,generated-core,"3300816228,3708227201",98,57,E,source-indicated,type mean + shrunk perk residuals + shrunk pair residual + Fox profile governance
3325778512,A Fine Memorial,Machine Gun,Legendary,generated-core,"3300816228,4049631843",98,55,E,source-indicated,type mean + shrunk perk residuals + shrunk pair residual + Fox profile governance
3325778512,A Fine Memorial,Machine Gun,Legendary,generated-core,"2869569095,3708227201",97,50,E,source-indicated,type mean + shrunk perk residuals + shrunk pair residual + Fox profile governance
3325778512,A Fine Memorial,Machine Gun,Legendary,generated-core,"1866048759,1890422124",67,84,E,source-indicated,type mean + shrunk perk residuals + shrunk pair residual + Fox profile governance
3325778512,A Fine Memorial,Machine Gun,Legendary,generated-core,"588594999,1890422124",71,81,E,source-indicated,type mean + shrunk perk residuals + shrunk pair residual + Fox profile governance
3325778512,A Fine Memorial,Machine Gun,Legendary,generated-fallback,,69,51,E,source-indicated,type prior minus fallback margin + Fox profile governance
91672792,Archon's Thunder,Machine Gun,Legendary,generated-core,"1421772400,2109543898",98,52,E,source-indicated,type mean + shrunk perk residuals + shrunk pair residual + Fox profile governance
91672792,Archon's Thunder,Machine Gun,Legendary,generated-core,"1421772400,3418782618",98,52,E,source-indicated,type mean + shrunk perk residuals + shrunk pair residual + Fox profile governance
91672792,Archon's Thunder,Machine Gun,Legendary,generated-core,"968510818,3418782618",98,51,E,source-indicated,type mean + shrunk perk residuals + shrunk pair residual + Fox profile governance
91672792,Archon's Thunder,Machine Gun,Legendary,generated-core,"1359896290,1890422124",74,87,E,source-indicated,type mean + shrunk perk residuals + shrunk pair residual + Fox profile governance
91672792,Archon's Thunder,Machine Gun,Legendary,generated-core,"1359896290,365154968",65,87,E,source-indicated,type mean + shrunk perk residuals + shrunk pair residual + Fox profile governance
91672792,Archon's Thunder,Machine Gun,Legendary,generated-fallback,,69,51,E,source-indicated,type prior minus fallback margin + Fox profile governance
1967303408,Archon's Thunder,Machine Gun,Legendary,generated-core,"3300816228,3425386926",95,63,E,source-indicated,type mean + shrunk perk residuals + shrunk pair residual + Fox profile governance
1967303408,Archon's Thunder,Machine Gun,Legendary,generated-core,"2869569095,3425386926",93,59,E,source-indicated,type mean + shrunk perk residuals + shrunk pair residual + Fox profile governance
1967303408,Archon's Thunder,Machine Gun,Legendary,generated-core,"706527188,3425386926",92,65,E,source-indicated,type mean + shrunk perk residuals + shrunk pair residual + Fox profile governance
1967303408,Archon's Thunder,Machine Gun,Legendary,generated-core,"2450788523,2213355989",75,81,E,source-indicated,type mean + shrunk perk residuals + shrunk pair residual + Fox profile governance
1967303408,Archon's Thunder,Machine Gun,Legendary,generated-core,"588594999,2213355989",71,81,E,source-indicated,type mean + shrunk perk residuals + shrunk pair residual + Fox profile governance
1967303408,Archon's Thunder,Machine Gun,Legendary,generated-fallback,,69,51,E,source-indicated,type prior minus fallback margin + Fox profile governance
2896109856,Archon's Thunder,Machine Gun,Legendary,generated-core,"1421772400,2109543898",98,52,E,source-indicated,type mean + shrunk perk residuals + shrunk pair residual + Fox profile governance
2896109856,Archon's Thunder,Machine Gun,Legendary,generated-core,"1421772400,3418782618",98,52,E,source-indicated,type mean + shrunk perk residuals + shrunk pair residual + Fox profile governance
2896109856,Archon's Thunder,Machine Gun,Legendary,generated-core,"968510818,3418782618",98,51,E,source-indicated,type mean + shrunk perk residuals + shrunk pair residual + Fox profile governance
2896109856,Archon's Thunder,Machine Gun,Legendary,generated-core,"1359896290,1890422124",74,87,E,source-indicated,type mean + shrunk perk residuals + shrunk pair residual + Fox profile governance
2896109856,Archon's Thunder,Machine Gun,Legendary,generated-core,"1359896290,365154968",65,87,E,source-indicated,type mean + shrunk perk residuals + shrunk pair residual + Fox profile governance
2896109856,Archon's Thunder,Machine Gun,Legendary,generated-fallback,,69,51,E,source-indicated,type prior minus fallback margin + Fox profile governance
66875353,Avalanche,Machine Gun,Legendary,generated-core,"1820235745,2848615171",98,51,E,source-indicated,type mean + shrunk perk residuals + shrunk pair residual + Fox profile governance
66875353,Avalanche,Machine Gun,Legendary,generated-core,"3300816228,2848615171",96,60,E,source-indicated,type mean + shrunk perk residuals + shrunk pair residual + Fox profile governance
66875353,Avalanche,Machine Gun,Legendary,generated-core,"1631667848,2848615171",96,53,E,source-indicated,type mean + shrunk perk residuals + shrunk pair residual + Fox profile governance
66875353,Avalanche,Machine Gun,Legendary,generated-core,"2450788523,1890422124",78,87,E,source-indicated,type mean + shrunk perk residuals + shrunk pair residual + Fox profile governance
66875353,Avalanche,Machine Gun,Legendary,generated-core,"1359896290,1890422124",74,87,E,source-indicated,type mean + shrunk perk residuals + shrunk pair residual + Fox profile governance
66875353,Avalanche,Machine Gun,Legendary,generated-fallback,,69,51,E,source-indicated,type prior minus fallback margin + Fox profile governance
1845978721,Avalanche,Machine Gun,Legendary,generated-core,"3300816228,3324494224",98,61,E,availability-unverified,type mean + shrunk perk residuals + shrunk pair residual + Fox profile governance
1845978721,Avalanche,Machine Gun,Legendary,generated-core,"3017780555,1771339417",98,56,E,availability-unverified,type mean + shrunk perk residuals + shrunk pair residual + Fox profile governance
1845978721,Avalanche,Machine Gun,Legendary,generated-core,"3300816228,4293542123",98,56,E,availability-unverified,type mean + shrunk perk residuals + shrunk pair residual + Fox profile governance
1845978721,Avalanche,Machine Gun,Legendary,generated-core,"1359896290,365154968",65,87,E,availability-unverified,type mean + shrunk perk residuals + shrunk pair residual + Fox profile governance
1845978721,Avalanche,Machine Gun,Legendary,generated-core,"1194056669,365154968",71,81,E,availability-unverified,type mean + shrunk perk residuals + shrunk pair residual + Fox profile governance
1845978721,Avalanche,Machine Gun,Legendary,generated-fallback,,69,51,E,availability-unverified,type prior minus fallback margin + Fox profile governance
4220529694,Avalanche,Machine Gun,Legendary,generated-core,"3300816228,4293542123",98,56,E,source-indicated,type mean + shrunk perk residuals + shrunk pair residual + Fox profile governance
4220529694,Avalanche,Machine Gun,Legendary,generated-core,"3300816228,3751912585",98,55,E,source-indicated,type mean + shrunk perk residuals + shrunk pair residual + Fox profile governance
4220529694,Avalanche,Machine Gun,Legendary,generated-core,"3300816228,4049631843",98,55,E,source-indicated,type mean + shrunk perk residuals + shrunk pair residual + Fox profile governance
4220529694,Avalanche,Machine Gun,Legendary,generated-core,"1359896290,365154968",65,87,E,source-indicated,type mean + shrunk perk residuals + shrunk pair residual + Fox profile governance
4220529694,Avalanche,Machine Gun,Legendary,generated-core,"3436462433,365154968",65,87,E,source-indicated,type mean + shrunk perk residuals + shrunk pair residual + Fox profile governance
4220529694,Avalanche,Machine Gun,Legendary,generated-fallback,,69,51,E,source-indicated,type prior minus fallback margin + Fox profile governance
1496419775,Bane of Sorrow,Machine Gun,Legendary,generated-core,"1168162263,2848615171",95,54,E,source-indicated,type mean + shrunk perk residuals + shrunk pair residual + Fox profile governance
1496419775,Bane of Sorrow,Machine Gun,Legendary,generated-core,"1168162263,3425386926",94,57,E,source-indicated,type mean + shrunk perk residuals + shrunk pair residual + Fox profile governance
1496419775,Bane of Sorrow,Machine Gun,Legendary,generated-core,"3096702027,2848615171",91,61,E,source-indicated,type mean + shrunk perk residuals + shrunk pair residual + Fox profile governance
1496419775,Bane of Sorrow,Machine Gun,Legendary,generated-core,"1890422124,1015611457",65,87,E,source-indicated,type mean + shrunk perk residuals + shrunk pair residual + Fox profile governance
1496419775,Bane of Sorrow,Machine Gun,Legendary,generated-core,"699525795,1015611457",71,81,E,source-indicated,type mean + shrunk perk residuals + shrunk pair residual + Fox profile governance
1496419775,Bane of Sorrow,Machine Gun,Legendary,generated-fallback,,69,51,E,source-indicated,type prior minus fallback margin + Fox profile governance
847329160,Edgewise,Machine Gun,Legendary,generated-core,"2869569095,3425386926",93,59,E,source-indicated,type mean + shrunk perk residuals + shrunk pair residual + Fox profile governance
847329160,Edgewise,Machine Gun,Legendary,generated-core,"2779035018,3425386926",91,59,E,source-indicated,type mean + shrunk perk residuals + shrunk pair residual + Fox profile governance
847329160,Edgewise,Machine Gun,Legendary,generated-core,"2869569095,3523296417",90,59,E,source-indicated,type mean + shrunk perk residuals + shrunk pair residual + Fox profile governance
847329160,Edgewise,Machine Gun,Legendary,generated-fallback,,69,51,E,source-indicated,type prior minus fallback margin + Fox profile governance
1642384931,Fixed Odds,Machine Gun,Legendary,generated-core,"2869569095,3708227201",97,50,E,source-indicated,type mean + shrunk perk residuals + shrunk pair residual + Fox profile governance
1642384931,Fixed Odds,Machine Gun,Legendary,generated-core,"2869569095,3425386926",93,59,E,source-indicated,type mean + shrunk perk residuals + shrunk pair residual + Fox profile governance
1642384931,Fixed Odds,Machine Gun,Legendary,generated-core,"706527188,3425386926",92,65,E,source-indicated,type mean + shrunk perk residuals + shrunk pair residual + Fox profile governance
1642384931,Fixed Odds,Machine Gun,Legendary,generated-core,"1645158859,1890422124",71,81,E,source-indicated,type mean + shrunk perk residuals + shrunk pair residual + Fox profile governance
1642384931,Fixed Odds,Machine Gun,Legendary,generated-core,"1645158859,2846385770",71,81,E,source-indicated,type mean + shrunk perk residuals + shrunk pair residual + Fox profile governance
1642384931,Fixed Odds,Machine Gun,Legendary,generated-fallback,,69,51,E,source-indicated,type prior minus fallback margin + Fox profile governance
603242241,Hammerhead,Machine Gun,Legendary,generated-core,"706527188,3425386926",92,65,E,source-indicated,type mean + shrunk perk residuals + shrunk pair residual + Fox profile governance
603242241,Hammerhead,Machine Gun,Legendary,generated-core,"706527188,3708227201",92,61,E,source-indicated,type mean + shrunk perk residuals + shrunk pair residual + Fox profile governance
603242241,Hammerhead,Machine Gun,Legendary,generated-core,"2779035018,3708227201",92,55,E,source-indicated,type mean + shrunk perk residuals + shrunk pair residual + Fox profile governance
603242241,Hammerhead,Machine Gun,Legendary,generated-core,"1359896290,2213355989",65,87,E,source-indicated,type mean + shrunk perk residuals + shrunk pair residual + Fox profile governance
603242241,Hammerhead,Machine Gun,Legendary,generated-core,"1890422124,2213355989",71,81,E,source-indicated,type mean + shrunk perk residuals + shrunk pair residual + Fox profile governance
603242241,Hammerhead,Machine Gun,Legendary,generated-fallback,,69,51,E,source-indicated,type prior minus fallback margin + Fox profile governance
1975125963,Qua Xaphan V,Machine Gun,Legendary,generated-core,"2284787283,3751912585",98,54,E,source-indicated,type mean + shrunk perk residuals + shrunk pair residual + Fox profile governance
1975125963,Qua Xaphan V,Machine Gun,Legendary,generated-core,"3400784728,2048641572",98,54,E,source-indicated,type mean + shrunk perk residuals + shrunk pair residual + Fox profile governance
1975125963,Qua Xaphan V,Machine Gun,Legendary,generated-core,"2284787283,2048641572",98,53,E,source-indicated,type mean + shrunk perk residuals + shrunk pair residual + Fox profile governance
1975125963,Qua Xaphan V,Machine Gun,Legendary,generated-core,"2450788523,365154968",78,87,E,source-indicated,type mean + shrunk perk residuals + shrunk pair residual + Fox profile governance
1975125963,Qua Xaphan V,Machine Gun,Legendary,generated-core,"1359896290,365154968",65,87,E,source-indicated,type mean + shrunk perk residuals + shrunk pair residual + Fox profile governance
1975125963,Qua Xaphan V,Machine Gun,Legendary,generated-fallback,,69,51,E,source-indicated,type prior minus fallback margin + Fox profile governance
2582755344,Seventh Seraph SAW,Machine Gun,Legendary,generated-core,"3300816228,1683379515",97,59,E,source-indicated,type mean + shrunk perk residuals + shrunk pair residual + Fox profile governance
2582755344,Seventh Seraph SAW,Machine Gun,Legendary,generated-core,"1631667848,1683379515",96,52,E,source-indicated,type mean + shrunk perk residuals + shrunk pair residual + Fox profile governance
2582755344,Seventh Seraph SAW,Machine Gun,Legendary,generated-core,"3300816228,1771339417",95,61,E,source-indicated,type mean + shrunk perk residuals + shrunk pair residual + Fox profile governance
2582755344,Seventh Seraph SAW,Machine Gun,Legendary,generated-core,"2387244414,47981717",71,81,E,source-indicated,type mean + shrunk perk residuals + shrunk pair residual + Fox profile governance
2582755344,Seventh Seraph SAW,Machine Gun,Legendary,generated-core,"2387244414,3511092054",71,77,E,source-indicated,type mean + shrunk perk residuals + shrunk pair residual + Fox profile governance
2582755344,Seventh Seraph SAW,Machine Gun,Legendary,generated-fallback,,69,51,E,source-indicated,type prior minus fallback margin + Fox profile governance
2759590322,THE SWARM,Machine Gun,Legendary,generated-core,"744594675,2848615171",91,61,E,source-indicated,type mean + shrunk perk residuals + shrunk pair residual + Fox profile governance
2759590322,THE SWARM,Machine Gun,Legendary,generated-core,"3096702027,2848615171",91,61,E,source-indicated,type mean + shrunk perk residuals + shrunk pair residual + Fox profile governance
2759590322,THE SWARM,Machine Gun,Legendary,generated-core,"2779035018,2848615171",91,55,E,source-indicated,type mean + shrunk perk residuals + shrunk pair residual + Fox profile governance
2759590322,THE SWARM,Machine Gun,Legendary,generated-core,"1359896290,1890422124",74,87,E,source-indicated,type mean + shrunk perk residuals + shrunk pair residual + Fox profile governance
2759590322,THE SWARM,Machine Gun,Legendary,generated-core,"1359896290,365154968",65,87,E,source-indicated,type mean + shrunk perk residuals + shrunk pair residual + Fox profile governance
2759590322,THE SWARM,Machine Gun,Legendary,generated-fallback,,69,51,E,source-indicated,type prior minus fallback margin + Fox profile governance
566740455,THE SWARM (Adept),Machine Gun,Legendary,generated-core,"744594675,2848615171",91,61,E,source-indicated,type mean + shrunk perk residuals + shrunk pair residual + Fox profile governance
566740455,THE SWARM (Adept),Machine Gun,Legendary,generated-core,"3096702027,2848615171",91,61,E,source-indicated,type mean + shrunk perk residuals + shrunk pair residual + Fox profile governance
566740455,THE SWARM (Adept),Machine Gun,Legendary,generated-core,"2779035018,2848615171",91,55,E,source-indicated,type mean + shrunk perk residuals + shrunk pair residual + Fox profile governance
566740455,THE SWARM (Adept),Machine Gun,Legendary,generated-core,"1359896290,1890422124",74,87,E,source-indicated,type mean + shrunk perk residuals + shrunk pair residual + Fox profile governance
566740455,THE SWARM (Adept),Machine Gun,Legendary,generated-core,"1359896290,365154968",65,87,E,source-indicated,type mean + shrunk perk residuals + shrunk pair residual + Fox profile governance
566740455,THE SWARM (Adept),Machine Gun,Legendary,generated-fallback,,69,51,E,source-indicated,type prior minus fallback margin + Fox profile governance
3836861464,THE SWARM (Adept),Machine Gun,Legendary,generated-core,"1168162263,4049631843",96,50,E,availability-unverified,type mean + shrunk perk residuals + shrunk pair residual + Fox profile governance
3836861464,THE SWARM (Adept),Machine Gun,Legendary,generated-core,"1168162263,2848615171",95,54,E,availability-unverified,type mean + shrunk perk residuals + shrunk pair residual + Fox profile governance
3836861464,THE SWARM (Adept),Machine Gun,Legendary,generated-core,"4252909580,4049631843",93,57,E,availability-unverified,type mean + shrunk perk residuals + shrunk pair residual + Fox profile governance
3836861464,THE SWARM (Adept),Machine Gun,Legendary,generated-core,"2450788523,1890422124",78,87,E,availability-unverified,type mean + shrunk perk residuals + shrunk pair residual + Fox profile governance
3836861464,THE SWARM (Adept),Machine Gun,Legendary,generated-core,"1359896290,1890422124",74,87,E,availability-unverified,type mean + shrunk perk residuals + shrunk pair residual + Fox profile governance
3836861464,THE SWARM (Adept),Machine Gun,Legendary,generated-fallback,,69,51,E,availability-unverified,type prior minus fallback margin + Fox profile governance
3369545945,Temporal Clause,Machine Gun,Legendary,generated-core,"3300816228,3708227201",98,57,E,source-indicated,type mean + shrunk perk residuals + shrunk pair residual + Fox profile governance
3369545945,Temporal Clause,Machine Gun,Legendary,generated-core,"3300816228,3425386926",95,63,E,source-indicated,type mean + shrunk perk residuals + shrunk pair residual + Fox profile governance
3369545945,Temporal Clause,Machine Gun,Legendary,generated-core,"706527188,3425386926",92,65,E,source-indicated,type mean + shrunk perk residuals + shrunk pair residual + Fox profile governance
3369545945,Temporal Clause,Machine Gun,Legendary,generated-core,"706527188,699525795",80,75,E,source-indicated,type mean + shrunk perk residuals + shrunk pair residual + Fox profile governance
3369545945,Temporal Clause,Machine Gun,Legendary,generated-core,"706527188,1866048759",80,75,E,source-indicated,type mean + shrunk perk residuals + shrunk pair residual + Fox profile governance
3369545945,Temporal Clause,Machine Gun,Legendary,generated-fallback,,69,51,E,source-indicated,type prior minus fallback margin + Fox profile governance
487205709,Terminus Horizon,Machine Gun,Legendary,generated-core,"3523296417,3751912585",98,57,E,availability-unverified,type mean + shrunk perk residuals + shrunk pair residual + Fox profile governance
487205709,Terminus Horizon,Machine Gun,Legendary,generated-core,"2848615171,3751912585",98,55,E,availability-unverified,type mean + shrunk perk residuals + shrunk pair residual + Fox profile governance
487205709,Terminus Horizon,Machine Gun,Legendary,generated-core,"2848615171,2173046394",98,47,E,availability-unverified,type mean + shrunk perk residuals + shrunk pair residual + Fox profile governance
487205709,Terminus Horizon,Machine Gun,Legendary,generated-core,"1866048759,365154968",65,87,E,availability-unverified,type mean + shrunk perk residuals + shrunk pair residual + Fox profile governance
487205709,Terminus Horizon,Machine Gun,Legendary,generated-core,"1866048759,2213355989",71,81,E,availability-unverified,type mean + shrunk perk residuals + shrunk pair residual + Fox profile governance
487205709,Terminus Horizon,Machine Gun,Legendary,generated-fallback,,69,51,E,availability-unverified,type prior minus fallback margin + Fox profile governance
1766088024,Thermal Erosion,Machine Gun,Legendary,generated-core,"2869569095,2848615171",93,56,E,source-indicated,type mean + shrunk perk residuals + shrunk pair residual + Fox profile governance
1766088024,Thermal Erosion,Machine Gun,Legendary,generated-core,"706527188,2848615171",92,62,E,source-indicated,type mean + shrunk perk residuals + shrunk pair residual + Fox profile governance
1766088024,Thermal Erosion,Machine Gun,Legendary,generated-core,"205890336,2848615171",91,61,E,source-indicated,type mean + shrunk perk residuals + shrunk pair residual + Fox profile governance
1766088024,Thermal Erosion,Machine Gun,Legendary,generated-core,"2450788523,1890422124",78,87,E,source-indicated,type mean + shrunk perk residuals + shrunk pair residual + Fox profile governance
1766088024,Thermal Erosion,Machine Gun,Legendary,generated-core,"2387244414,1890422124",65,87,E,source-indicated,type mean + shrunk perk residuals + shrunk pair residual + Fox profile governance
1766088024,Thermal Erosion,Machine Gun,Legendary,generated-fallback,,69,51,E,source-indicated,type prior minus fallback margin + Fox profile governance
3058845782,Watchful Eye,Machine Gun,Legendary,generated-core,"3643424744,3966416502",98,60,E,source-indicated,type mean + shrunk perk residuals + shrunk pair residual + Fox profile governance
3058845782,Watchful Eye,Machine Gun,Legendary,generated-core,"3643424744,3218042543",98,59,E,source-indicated,type mean + shrunk perk residuals + shrunk pair residual + Fox profile governance
3058845782,Watchful Eye,Machine Gun,Legendary,generated-core,"3643424744,1089671869",98,53,E,source-indicated,type mean + shrunk perk residuals + shrunk pair residual + Fox profile governance
3058845782,Watchful Eye,Machine Gun,Legendary,generated-core,"1359896290,31345821",65,87,E,source-indicated,type mean + shrunk perk residuals + shrunk pair residual + Fox profile governance
3058845782,Watchful Eye,Machine Gun,Legendary,generated-core,"1359896290,365154968",65,87,E,source-indicated,type mean + shrunk perk residuals + shrunk pair residual + Fox profile governance
3058845782,Watchful Eye,Machine Gun,Legendary,generated-fallback,,69,51,E,source-indicated,type prior minus fallback margin + Fox profile governance
1167153950,Adhortative,Pulse Rifle,Legendary,generated-core,"2869569095,3425386926",87,66,E,source-indicated,type mean + shrunk perk residuals + shrunk pair residual + Fox profile governance
1167153950,Adhortative,Pulse Rifle,Legendary,generated-core,"2869569095,2848615171",87,63,E,source-indicated,type mean + shrunk perk residuals + shrunk pair residual + Fox profile governance
1167153950,Adhortative,Pulse Rifle,Legendary,generated-core,"205890336,2848615171",85,68,E,source-indicated,type mean + shrunk perk residuals + shrunk pair residual + Fox profile governance
1167153950,Adhortative,Pulse Rifle,Legendary,generated-core,"1866048759,460017080",65,89,E,source-indicated,type mean + shrunk perk residuals + shrunk pair residual + Fox profile governance
1167153950,Adhortative,Pulse Rifle,Legendary,generated-core,"1866048759,2213355989",65,89,E,source-indicated,type mean + shrunk perk residuals + shrunk pair residual + Fox profile governance
1167153950,Adhortative,Pulse Rifle,Legendary,generated-fallback,,67,59,E,source-indicated,type prior minus fallback margin + Fox profile governance
3969379530,Aisha's Care,Pulse Rifle,Legendary,generated-core,"923806249,831391274",93,55,E,source-indicated,type mean + shrunk perk residuals + shrunk pair residual + Fox profile governance
3969379530,Aisha's Care,Pulse Rifle,Legendary,generated-core,"1168162263,3324494224",91,62,E,source-indicated,type mean + shrunk perk residuals + shrunk pair residual + Fox profile governance
3969379530,Aisha's Care,Pulse Rifle,Legendary,generated-core,"1168162263,831391274",90,58,E,source-indicated,type mean + shrunk perk residuals + shrunk pair residual + Fox profile governance
3969379530,Aisha's Care,Pulse Rifle,Legendary,generated-core,"2387244414,460017080",59,95,E,source-indicated,type mean + shrunk perk residuals + shrunk pair residual + Fox profile governance
3969379530,Aisha's Care,Pulse Rifle,Legendary,generated-core,"2387244414,1015611457",59,95,E,source-indicated,type mean + shrunk perk residuals + shrunk pair residual + Fox profile governance
3969379530,Aisha's Care,Pulse Rifle,Legendary,generated-fallback,,67,59,E,source-indicated,type prior minus fallback margin + Fox profile governance
3332125295,Aisha's Care (Adept),Pulse Rifle,Legendary,generated-core,"923806249,831391274",93,55,E,source-indicated,type mean + shrunk perk residuals + shrunk pair residual + Fox profile governance
3332125295,Aisha's Care (Adept),Pulse Rifle,Legendary,generated-core,"1168162263,3324494224",91,62,E,source-indicated,type mean + shrunk perk residuals + shrunk pair residual + Fox profile governance
3332125295,Aisha's Care (Adept),Pulse Rifle,Legendary,generated-core,"1168162263,831391274",90,58,E,source-indicated,type mean + shrunk perk residuals + shrunk pair residual + Fox profile governance
3332125295,Aisha's Care (Adept),Pulse Rifle,Legendary,generated-core,"2387244414,460017080",59,95,E,source-indicated,type mean + shrunk perk residuals + shrunk pair residual + Fox profile governance
3332125295,Aisha's Care (Adept),Pulse Rifle,Legendary,generated-core,"2387244414,1015611457",59,95,E,source-indicated,type mean + shrunk perk residuals + shrunk pair residual + Fox profile governance
3332125295,Aisha's Care (Adept),Pulse Rifle,Legendary,generated-fallback,,67,59,E,source-indicated,type prior minus fallback margin + Fox profile governance
2150012407,Autumn Wind,Pulse Rifle,Legendary,generated-core,"1570042021,1089671869",89,69,E,availability-unverified,type mean + shrunk perk residuals + shrunk pair residual + Fox profile governance
2150012407,Autumn Wind,Pulse Rifle,Legendary,generated-core,"3523296417,1089671869",88,65,E,availability-unverified,type mean + shrunk perk residuals + shrunk pair residual + Fox profile governance
2150012407,Autumn Wind,Pulse Rifle,Legendary,generated-core,"1570042021,3425386926",86,73,E,availability-unverified,type mean + shrunk perk residuals + shrunk pair residual + Fox profile governance
2150012407,Autumn Wind,Pulse Rifle,Legendary,generated-core,"2450788523,31345821",73,95,E,availability-unverified,type mean + shrunk perk residuals + shrunk pair residual + Fox profile governance
2150012407,Autumn Wind,Pulse Rifle,Legendary,generated-core,"2579169598,31345821",62,95,E,availability-unverified,type mean + shrunk perk residuals + shrunk pair residual + Fox profile governance
2150012407,Autumn Wind,Pulse Rifle,Legendary,generated-fallback,,67,59,E,availability-unverified,type prior minus fallback margin + Fox profile governance
3110377595,Autumn Wind,Pulse Rifle,Legendary,generated-core,"968510818,3425386926",92,64,E,source-indicated,type mean + shrunk perk residuals + shrunk pair residual + Fox profile governance
3110377595,Autumn Wind,Pulse Rifle,Legendary,generated-core,"968510818,2458213969",90,62,E,source-indicated,type mean + shrunk perk residuals + shrunk pair residual + Fox profile governance
3110377595,Autumn Wind,Pulse Rifle,Legendary,generated-core,"968510818,2896038713",90,62,E,source-indicated,type mean + shrunk perk residuals + shrunk pair residual + Fox profile governance
3110377595,Autumn Wind,Pulse Rifle,Legendary,generated-core,"2416023159,588594999",59,95,E,source-indicated,type mean + shrunk perk residuals + shrunk pair residual + Fox profile governance
3110377595,Autumn Wind,Pulse Rifle,Legendary,generated-core,"2846385770,460017080",60,92,E,source-indicated,type mean + shrunk perk residuals + shrunk pair residual + Fox profile governance
3110377595,Autumn Wind,Pulse Rifle,Legendary,generated-fallback,,67,59,E,source-indicated,type prior minus fallback margin + Fox profile governance
3843477312,Blast Furnace,Pulse Rifle,Legendary,generated-core,"1168162263,3425386926",88,64,E,source-indicated,type mean + shrunk perk residuals + shrunk pair residual + Fox profile governance
3843477312,Blast Furnace,Pulse Rifle,Legendary,generated-core,"706527188,3425386926",86,73,E,source-indicated,type mean + shrunk perk residuals + shrunk pair residual + Fox profile governance
3843477312,Blast Furnace,Pulse Rifle,Legendary,generated-core,"2779035018,3425386926",85,66,E,source-indicated,type mean + shrunk perk residuals + shrunk pair residual + Fox profile governance
3843477312,Blast Furnace,Pulse Rifle,Legendary,generated-core,"2387244414,460017080",59,95,E,source-indicated,type mean + shrunk perk residuals + shrunk pair residual + Fox profile governance
3843477312,Blast Furnace,Pulse Rifle,Legendary,generated-core,"2387244414,1015611457",59,95,E,source-indicated,type mean + shrunk perk residuals + shrunk pair residual + Fox profile governance
3843477312,Blast Furnace,Pulse Rifle,Legendary,generated-fallback,,67,59,E,source-indicated,type prior minus fallback margin + Fox profile governance
2712244741,Bygones,Pulse Rifle,Legendary,generated-core,"3425386926,1168162263",88,64,E,source-indicated,type mean + shrunk perk residuals + shrunk pair residual + Fox profile governance
2712244741,Bygones,Pulse Rifle,Legendary,generated-core,"3425386926,4267945040",84,71,E,source-indicated,type mean + shrunk perk residuals + shrunk pair residual + Fox profile governance
2712244741,Bygones,Pulse Rifle,Legendary,generated-core,"47981717,1168162263",77,74,E,source-indicated,type mean + shrunk perk residuals + shrunk pair residual + Fox profile governance
2712244741,Bygones,Pulse Rifle,Legendary,generated-core,"1015611457,460017080",61,95,E,source-indicated,type mean + shrunk perk residuals + shrunk pair residual + Fox profile governance
2712244741,Bygones,Pulse Rifle,Legendary,generated-core,"47981717,3161816588",60,95,E,source-indicated,type mean + shrunk perk residuals + shrunk pair residual + Fox profile governance
2712244741,Bygones,Pulse Rifle,Legendary,generated-fallback,,67,59,E,source-indicated,type prior minus fallback margin + Fox profile governance
568515759,Chattering Bone,Pulse Rifle,Legendary,generated-core,"1168162263,3425386926",88,64,E,source-indicated,type mean + shrunk perk residuals + shrunk pair residual + Fox profile governance
568515759,Chattering Bone,Pulse Rifle,Legendary,generated-core,"4267945040,3425386926",84,71,E,source-indicated,type mean + shrunk perk residuals + shrunk pair residual + Fox profile governance
568515759,Chattering Bone,Pulse Rifle,Legendary,generated-core,"1168162263,460017080",77,74,E,source-indicated,type mean + shrunk perk residuals + shrunk pair residual + Fox profile governance
568515759,Chattering Bone,Pulse Rifle,Legendary,generated-core,"1015611457,460017080",61,95,E,source-indicated,type mean + shrunk perk residuals + shrunk pair residual + Fox profile governance
568515759,Chattering Bone,Pulse Rifle,Legendary,generated-core,"2846385770,460017080",60,92,E,source-indicated,type mean + shrunk perk residuals + shrunk pair residual + Fox profile governance
568515759,Chattering Bone,Pulse Rifle,Legendary,generated-fallback,,67,59,E,source-indicated,type prior minus fallback margin + Fox profile governance
1280933460,Claws of the Wolf,Pulse Rifle,Legendary,generated-core,"1168162263,1631667848",90,58,E,source-indicated,type mean + shrunk perk residuals + shrunk pair residual + Fox profile governance
1280933460,Claws of the Wolf,Pulse Rifle,Legendary,generated-core,"1168162263,3425386926",88,64,E,source-indicated,type mean + shrunk perk residuals + shrunk pair residual + Fox profile governance
1280933460,Claws of the Wolf,Pulse Rifle,Legendary,generated-core,"2869569095,1631667848",88,60,E,source-indicated,type mean + shrunk perk residuals + shrunk pair residual + Fox profile governance
1280933460,Claws of the Wolf,Pulse Rifle,Legendary,generated-core,"460017080,1015611457",61,95,E,source-indicated,type mean + shrunk perk residuals + shrunk pair residual + Fox profile governance
1280933460,Claws of the Wolf,Pulse Rifle,Legendary,generated-core,"460017080,2846385770",60,92,E,source-indicated,type mean + shrunk perk residuals + shrunk pair residual + Fox profile governance
1280933460,Claws of the Wolf,Pulse Rifle,Legendary,generated-fallback,,67,59,E,source-indicated,type prior minus fallback margin + Fox profile governance
324584913,Cold Denial,Pulse Rifle,Legendary,generated-core,"2010801679,2458213969",83,62,E,source-indicated,type mean + shrunk perk residuals + shrunk pair residual + Fox profile governance
324584913,Cold Denial,Pulse Rifle,Legendary,generated-core,"2946784966,2458213969",82,69,E,source-indicated,type mean + shrunk perk residuals + shrunk pair residual + Fox profile governance
324584913,Cold Denial,Pulse Rifle,Legendary,generated-core,"3828510309,2458213969",80,66,E,source-indicated,type mean + shrunk perk residuals + shrunk pair residual + Fox profile governance
324584913,Cold Denial,Pulse Rifle,Legendary,generated-core,"2387244414,460017080",59,95,E,source-indicated,type mean + shrunk perk residuals + shrunk pair residual + Fox profile governance
324584913,Cold Denial,Pulse Rifle,Legendary,generated-core,"2387244414,3047969693",59,95,E,source-indicated,type mean + shrunk perk residuals + shrunk pair residual + Fox profile governance
324584913,Cold Denial,Pulse Rifle,Legendary,generated-fallback,,67,59,E,source-indicated,type prior minus fallback margin + Fox profile governance
1216130969,Cold Denial,Pulse Rifle,Legendary,generated-core,"1631667848,3108830275",86,63,E,source-indicated,type mean + shrunk perk residuals + shrunk pair residual + Fox profile governance
1216130969,Cold Denial,Pulse Rifle,Legendary,generated-core,"1631667848,2458213969",86,61,E,source-indicated,type mean + shrunk perk residuals + shrunk pair residual + Fox profile governance
1216130969,Cold Denial,Pulse Rifle,Legendary,generated-core,"1631667848,3350417888",85,62,E,source-indicated,type mean + shrunk perk residuals + shrunk pair residual + Fox profile governance
1216130969,Cold Denial,Pulse Rifle,Legendary,generated-core,"2387244414,460017080",59,95,E,source-indicated,type mean + shrunk perk residuals + shrunk pair residual + Fox profile governance
1216130969,Cold Denial,Pulse Rifle,Legendary,generated-core,"2387244414,699525795",60,92,E,source-indicated,type mean + shrunk perk residuals + shrunk pair residual + Fox profile governance
1216130969,Cold Denial,Pulse Rifle,Legendary,generated-fallback,,67,59,E,source-indicated,type prior minus fallback margin + Fox profile governance
2126178511,Corrasion,Pulse Rifle,Legendary,generated-core,"1421772400,2173046394",98,56,E,source-indicated,type mean + shrunk perk residuals + shrunk pair residual + Fox profile governance
2126178511,Corrasion,Pulse Rifle,Legendary,generated-core,"1421772400,4049631843",95,58,E,source-indicated,type mean + shrunk perk residuals + shrunk pair residual + Fox profile governance
2126178511,Corrasion,Pulse Rifle,Legendary,generated-core,"684456054,2173046394",91,60,E,source-indicated,type mean + shrunk perk residuals + shrunk pair residual + Fox profile governance
2126178511,Corrasion,Pulse Rifle,Legendary,generated-core,"1428297954,699525795",65,89,E,source-indicated,type mean + shrunk perk residuals + shrunk pair residual + Fox profile governance
2126178511,Corrasion,Pulse Rifle,Legendary,generated-core,"2213355989,699525795",65,89,E,source-indicated,type mean + shrunk perk residuals + shrunk pair residual + Fox profile governance
2126178511,Corrasion,Pulse Rifle,Legendary,generated-fallback,,67,59,E,source-indicated,type prior minus fallback margin + Fox profile governance
4011513985,Cruel Mercy,Pulse Rifle,Legendary,generated-core,"2848615171,3218042543",93,59,E,source-indicated,type mean + shrunk perk residuals + shrunk pair residual + Fox profile governance
4011513985,Cruel Mercy,Pulse Rifle,Legendary,generated-core,"1354429876,3218042543",92,61,E,source-indicated,type mean + shrunk perk residuals + shrunk pair residual + Fox profile governance
4011513985,Cruel Mercy,Pulse Rifle,Legendary,generated-core,"2848615171,4104185692",89,58,E,source-indicated,type mean + shrunk perk residuals + shrunk pair residual + Fox profile governance
4011513985,Cruel Mercy,Pulse Rifle,Legendary,generated-core,"2579169598,460017080",59,95,E,source-indicated,type mean + shrunk perk residuals + shrunk pair residual + Fox profile governance
4011513985,Cruel Mercy,Pulse Rifle,Legendary,generated-core,"2579169598,1015611457",59,95,E,source-indicated,type mean + shrunk perk residuals + shrunk pair residual + Fox profile governance
4011513985,Cruel Mercy,Pulse Rifle,Legendary,generated-fallback,,67,59,E,source-indicated,type prior minus fallback margin + Fox profile governance
325519402,Darkest Before,Pulse Rifle,Legendary,generated-core,706527188,82,74,E,source-indicated,type mean + shrunk perk residuals + shrunk pair residual + Fox profile governance
325519402,Darkest Before,Pulse Rifle,Legendary,generated-core,3161816588,73,81,E,source-indicated,type mean + shrunk perk residuals + shrunk pair residual + Fox profile governance
325519402,Darkest Before,Pulse Rifle,Legendary,generated-fallback,,67,59,E,source-indicated,type prior minus fallback margin + Fox profile governance
3199662972,Eystein-D,Pulse Rifle,Legendary,generated-core,"1631667848,3425386926",89,63,E,source-indicated,type mean + shrunk perk residuals + shrunk pair residual + Fox profile governance
3199662972,Eystein-D,Pulse Rifle,Legendary,generated-core,"1168162263,3425386926",88,64,E,source-indicated,type mean + shrunk perk residuals + shrunk pair residual + Fox profile governance
3199662972,Eystein-D,Pulse Rifle,Legendary,generated-core,"1631667848,4267945040",86,65,E,source-indicated,type mean + shrunk perk residuals + shrunk pair residual + Fox profile governance
3199662972,Eystein-D,Pulse Rifle,Legendary,generated-core,"460017080,1015611457",61,95,E,source-indicated,type mean + shrunk perk residuals + shrunk pair residual + Fox profile governance
3199662972,Eystein-D,Pulse Rifle,Legendary,generated-core,"460017080,2387244414",59,95,E,source-indicated,type mean + shrunk perk residuals + shrunk pair residual + Fox profile governance
3199662972,Eystein-D,Pulse Rifle,Legendary,generated-fallback,,67,59,E,source-indicated,type prior minus fallback margin + Fox profile governance
1076810832,Forge's Pledge,Pulse Rifle,Legendary,generated-core,"3300816228,4049631843",93,62,E,source-indicated,type mean + shrunk perk residuals + shrunk pair residual + Fox profile governance
1076810832,Forge's Pledge,Pulse Rifle,Legendary,generated-core,"3300816228,3425386926",89,70,E,source-indicated,type mean + shrunk perk residuals + shrunk pair residual + Fox profile governance
1076810832,Forge's Pledge,Pulse Rifle,Legendary,generated-core,"706527188,4049631843",88,66,E,source-indicated,type mean + shrunk perk residuals + shrunk pair residual + Fox profile governance
1076810832,Forge's Pledge,Pulse Rifle,Legendary,generated-core,"2387244414,3511092054",65,84,E,source-indicated,type mean + shrunk perk residuals + shrunk pair residual + Fox profile governance
1076810832,Forge's Pledge,Pulse Rifle,Legendary,generated-core,"3436462433,3511092054",65,84,E,source-indicated,type mean + shrunk perk residuals + shrunk pair residual + Fox profile governance
1076810832,Forge's Pledge,Pulse Rifle,Legendary,generated-fallback,,67,59,E,source-indicated,type prior minus fallback margin + Fox profile governance
4138174248,Go Figure,Pulse Rifle,Legendary,generated-core,"1168162263,3425386926",88,64,E,source-indicated,type mean + shrunk perk residuals + shrunk pair residual + Fox profile governance
4138174248,Go Figure,Pulse Rifle,Legendary,generated-core,"1168162263,4267945040",85,66,E,source-indicated,type mean + shrunk perk residuals + shrunk pair residual + Fox profile governance
4138174248,Go Figure,Pulse Rifle,Legendary,generated-core,"280464955,3425386926",84,71,E,source-indicated,type mean + shrunk perk residuals + shrunk pair residual + Fox profile governance
4138174248,Go Figure,Pulse Rifle,Legendary,generated-core,"460017080,1015611457",61,95,E,source-indicated,type mean + shrunk perk residuals + shrunk pair residual + Fox profile governance
4138174248,Go Figure,Pulse Rifle,Legendary,generated-core,"1015611457,460017080",61,95,E,source-indicated,type mean + shrunk perk residuals + shrunk pair residual + Fox profile governance
4138174248,Go Figure,Pulse Rifle,Legendary,generated-fallback,,67,59,E,source-indicated,type prior minus fallback margin + Fox profile governance
2870169846,Hailing Confusion,Pulse Rifle,Legendary,generated-core,"1168162263,706527188",86,67,E,source-indicated,type mean + shrunk perk residuals + shrunk pair residual + Fox profile governance
2870169846,Hailing Confusion,Pulse Rifle,Legendary,generated-core,"1168162263,4267945040",85,66,E,source-indicated,type mean + shrunk perk residuals + shrunk pair residual + Fox profile governance
2870169846,Hailing Confusion,Pulse Rifle,Legendary,generated-core,"1168162263,3523296417",85,65,E,source-indicated,type mean + shrunk perk residuals + shrunk pair residual + Fox profile governance
2870169846,Hailing Confusion,Pulse Rifle,Legendary,generated-core,"2039302152,3511092054",65,84,E,source-indicated,type mean + shrunk perk residuals + shrunk pair residual + Fox profile governance
2870169846,Hailing Confusion,Pulse Rifle,Legendary,generated-core,"2387244414,3511092054",65,84,E,source-indicated,type mean + shrunk perk residuals + shrunk pair residual + Fox profile governance
2870169846,Hailing Confusion,Pulse Rifle,Legendary,generated-fallback,,67,59,E,source-indicated,type prior minus fallback margin + Fox profile governance
216983039,Horror's Least,Pulse Rifle,Legendary,generated-core,"1570042021,2896038713",84,71,E,source-indicated,type mean + shrunk perk residuals + shrunk pair residual + Fox profile governance
216983039,Horror's Least,Pulse Rifle,Legendary,generated-core,"1570042021,4104185692",83,70,E,source-indicated,type mean + shrunk perk residuals + shrunk pair residual + Fox profile governance
216983039,Horror's Least,Pulse Rifle,Legendary,generated-core,"1570042021,2209918983",82,72,E,source-indicated,type mean + shrunk perk residuals + shrunk pair residual + Fox profile governance
216983039,Horror's Least,Pulse Rifle,Legendary,generated-core,"1428297954,1015611457",59,95,E,source-indicated,type mean + shrunk perk residuals + shrunk pair residual + Fox profile governance
216983039,Horror's Least,Pulse Rifle,Legendary,generated-core,"2387244414,1015611457",59,95,E,source-indicated,type mean + shrunk perk residuals + shrunk pair residual + Fox profile governance
216983039,Horror's Least,Pulse Rifle,Legendary,generated-fallback,,67,59,E,source-indicated,type prior minus fallback margin + Fox profile governance
1071542914,Horror's Least,Pulse Rifle,Legendary,generated-core,"4267945040,2848615171",85,68,E,source-indicated,type mean + shrunk perk residuals + shrunk pair residual + Fox profile governance
1071542914,Horror's Least,Pulse Rifle,Legendary,generated-core,"4267945040,1168162263",85,66,E,source-indicated,type mean + shrunk perk residuals + shrunk pair residual + Fox profile governance
1071542914,Horror's Least,Pulse Rifle,Legendary,generated-core,"4267945040,2010801679",81,68,E,source-indicated,type mean + shrunk perk residuals + shrunk pair residual + Fox profile governance
1071542914,Horror's Least,Pulse Rifle,Legendary,generated-core,"460017080,1015611457",61,95,E,source-indicated,type mean + shrunk perk residuals + shrunk pair residual + Fox profile governance
1071542914,Horror's Least,Pulse Rifle,Legendary,generated-core,"2387244414,1015611457",59,95,E,source-indicated,type mean + shrunk perk residuals + shrunk pair residual + Fox profile governance
1071542914,Horror's Least,Pulse Rifle,Legendary,generated-fallback,,67,59,E,source-indicated,type prior minus fallback margin + Fox profile governance
1924276978,Horror's Least (Adept),Pulse Rifle,Legendary,generated-core,"1570042021,2896038713",84,71,E,source-indicated,type mean + shrunk perk residuals + shrunk pair residual + Fox profile governance
1924276978,Horror's Least (Adept),Pulse Rifle,Legendary,generated-core,"1570042021,4104185692",83,70,E,source-indicated,type mean + shrunk perk residuals + shrunk pair residual + Fox profile governance
1924276978,Horror's Least (Adept),Pulse Rifle,Legendary,generated-core,"1570042021,2209918983",82,72,E,source-indicated,type mean + shrunk perk residuals + shrunk pair residual + Fox profile governance
1924276978,Horror's Least (Adept),Pulse Rifle,Legendary,generated-core,"1428297954,1015611457",59,95,E,source-indicated,type mean + shrunk perk residuals + shrunk pair residual + Fox profile governance
1924276978,Horror's Least (Adept),Pulse Rifle,Legendary,generated-core,"2387244414,1015611457",59,95,E,source-indicated,type mean + shrunk perk residuals + shrunk pair residual + Fox profile governance
1924276978,Horror's Least (Adept),Pulse Rifle,Legendary,generated-fallback,,67,59,E,source-indicated,type prior minus fallback margin + Fox profile governance
3325744914,Inaugural Address,Pulse Rifle,Legendary,generated-core,1168162263,85,66,E,source-indicated,type mean + shrunk perk residuals + shrunk pair residual + Fox profile governance
3325744914,Inaugural Address,Pulse Rifle,Legendary,generated-core,2010801679,81,68,E,source-indicated,type mean + shrunk perk residuals + shrunk pair residual + Fox profile governance
3325744914,Inaugural Address,Pulse Rifle,Legendary,generated-fallback,,67,59,E,source-indicated,type prior minus fallback margin + Fox profile governance
3233390913,Infinite Paths 8,Pulse Rifle,Legendary,generated-core,"3300816228,2848615171",90,67,E,source-indicated,type mean + shrunk perk residuals + shrunk pair residual + Fox profile governance
3233390913,Infinite Paths 8,Pulse Rifle,Legendary,generated-core,"1631667848,2848615171",90,60,E,source-indicated,type mean + shrunk perk residuals + shrunk pair residual + Fox profile governance
3233390913,Infinite Paths 8,Pulse Rifle,Legendary,generated-core,"3300816228,3275789089",86,71,E,source-indicated,type mean + shrunk perk residuals + shrunk pair residual + Fox profile governance
3233390913,Infinite Paths 8,Pulse Rifle,Legendary,generated-core,"588594999,47981717",59,94,E,source-indicated,type mean + shrunk perk residuals + shrunk pair residual + Fox profile governance
3233390913,Infinite Paths 8,Pulse Rifle,Legendary,generated-core,"588594999,699525795",59,94,E,source-indicated,type mean + shrunk perk residuals + shrunk pair residual + Fox profile governance
3233390913,Infinite Paths 8,Pulse Rifle,Legendary,generated-fallback,,67,59,E,source-indicated,type prior minus fallback margin + Fox profile governance
1162247618,Jian 7 Rifle,Pulse Rifle,Legendary,generated-core,"1683379515,2848615171",90,63,E,source-indicated,type mean + shrunk perk residuals + shrunk pair residual + Fox profile governance
1162247618,Jian 7 Rifle,Pulse Rifle,Legendary,generated-core,"1631667848,2848615171",90,60,E,source-indicated,type mean + shrunk perk residuals + shrunk pair residual + Fox profile governance
1162247618,Jian 7 Rifle,Pulse Rifle,Legendary,generated-core,"1683379515,1168162263",90,60,E,source-indicated,type mean + shrunk perk residuals + shrunk pair residual + Fox profile governance
1162247618,Jian 7 Rifle,Pulse Rifle,Legendary,generated-core,"2387244414,2846385770",65,89,E,source-indicated,type mean + shrunk perk residuals + shrunk pair residual + Fox profile governance
1162247618,Jian 7 Rifle,Pulse Rifle,Legendary,generated-core,"2387244414,4082225868",67,82,E,source-indicated,type mean + shrunk perk residuals + shrunk pair residual + Fox profile governance
1162247618,Jian 7 Rifle,Pulse Rifle,Legendary,generated-fallback,,67,59,E,source-indicated,type prior minus fallback margin + Fox profile governance
62937067,Jorum's Claw,Pulse Rifle,Legendary,generated-core,"1168162263,4293542123",94,57,E,source-indicated,type mean + shrunk perk residuals + shrunk pair residual + Fox profile governance
62937067,Jorum's Claw,Pulse Rifle,Legendary,generated-core,"11551321,4293542123",89,66,E,source-indicated,type mean + shrunk perk residuals + shrunk pair residual + Fox profile governance
62937067,Jorum's Claw,Pulse Rifle,Legendary,generated-core,"1168162263,591790007",85,66,E,source-indicated,type mean + shrunk perk residuals + shrunk pair residual + Fox profile governance
62937067,Jorum's Claw,Pulse Rifle,Legendary,generated-core,"1195158366,1015611457",59,94,E,source-indicated,type mean + shrunk perk residuals + shrunk pair residual + Fox profile governance
62937067,Jorum's Claw,Pulse Rifle,Legendary,generated-core,"588594999,460017080",65,89,E,source-indicated,type mean + shrunk perk residuals + shrunk pair residual + Fox profile governance
62937067,Jorum's Claw,Pulse Rifle,Legendary,generated-fallback,,67,59,E,source-indicated,type prior minus fallback margin + Fox profile governance
2261046232,Jurassic Green,Pulse Rifle,Legendary,generated-core,"1820235745,2848615171",93,59,E,availability-unverified,type mean + shrunk perk residuals + shrunk pair residual + Fox profile governance
2261046232,Jurassic Green,Pulse Rifle,Legendary,generated-core,"1570042021,2848615171",87,70,E,availability-unverified,type mean + shrunk perk residuals + shrunk pair residual + Fox profile governance
2261046232,Jurassic Green,Pulse Rifle,Legendary,generated-core,"1820235745,4104185692",86,58,E,availability-unverified,type mean + shrunk perk residuals + shrunk pair residual + Fox profile governance
2261046232,Jurassic Green,Pulse Rifle,Legendary,generated-core,"2846385770,11612903",64,87,E,availability-unverified,type mean + shrunk perk residuals + shrunk pair residual + Fox profile governance
2261046232,Jurassic Green,Pulse Rifle,Legendary,generated-core,"4071163871,3108830275",66,86,E,availability-unverified,type mean + shrunk perk residuals + shrunk pair residual + Fox profile governance
2261046232,Jurassic Green,Pulse Rifle,Legendary,generated-fallback,,67,59,E,availability-unverified,type prior minus fallback margin + Fox profile governance
2603335652,Jurassic Green,Pulse Rifle,Legendary,generated-core,"1820235745,4293542123",93,58,E,availability-unverified,type mean + shrunk perk residuals + shrunk pair residual + Fox profile governance
2603335652,Jurassic Green,Pulse Rifle,Legendary,generated-core,"2946784966,4293542123",89,66,E,availability-unverified,type mean + shrunk perk residuals + shrunk pair residual + Fox profile governance
2603335652,Jurassic Green,Pulse Rifle,Legendary,generated-core,"3722653512,4293542123",89,66,E,availability-unverified,type mean + shrunk perk residuals + shrunk pair residual + Fox profile governance
2603335652,Jurassic Green,Pulse Rifle,Legendary,generated-core,"2846385770,11612903",64,87,E,availability-unverified,type mean + shrunk perk residuals + shrunk pair residual + Fox profile governance
2603335652,Jurassic Green,Pulse Rifle,Legendary,generated-core,"2450788523,1365187766",72,85,E,availability-unverified,type mean + shrunk perk residuals + shrunk pair residual + Fox profile governance
2603335652,Jurassic Green,Pulse Rifle,Legendary,generated-fallback,,67,59,E,availability-unverified,type prior minus fallback margin + Fox profile governance
3364253967,Last Perdition,Pulse Rifle,Legendary,generated-core,"1631667848,3425386926",89,63,E,source-indicated,type mean + shrunk perk residuals + shrunk pair residual + Fox profile governance
3364253967,Last Perdition,Pulse Rifle,Legendary,generated-core,"1168162263,3425386926",88,64,E,source-indicated,type mean + shrunk perk residuals + shrunk pair residual + Fox profile governance
3364253967,Last Perdition,Pulse Rifle,Legendary,generated-core,"1631667848,4267945040",86,65,E,source-indicated,type mean + shrunk perk residuals + shrunk pair residual + Fox profile governance
3364253967,Last Perdition,Pulse Rifle,Legendary,generated-core,"2846385770,1015611457",59,95,E,source-indicated,type mean + shrunk perk residuals + shrunk pair residual + Fox profile governance
3364253967,Last Perdition,Pulse Rifle,Legendary,generated-core,"2846385770,460017080",60,92,E,source-indicated,type mean + shrunk perk residuals + shrunk pair residual + Fox profile governance
3364253967,Last Perdition,Pulse Rifle,Legendary,generated-fallback,,67,59,E,source-indicated,type prior minus fallback margin + Fox profile governance
792755504,Nightshade,Pulse Rifle,Legendary,generated-core,"1631667848,3425386926",89,63,E,source-indicated,type mean + shrunk perk residuals + shrunk pair residual + Fox profile governance
792755504,Nightshade,Pulse Rifle,Legendary,generated-core,"1168162263,3425386926",88,64,E,source-indicated,type mean + shrunk perk residuals + shrunk pair residual + Fox profile governance
792755504,Nightshade,Pulse Rifle,Legendary,generated-core,"1631667848,4267945040",86,65,E,source-indicated,type mean + shrunk perk residuals + shrunk pair residual + Fox profile governance
792755504,Nightshade,Pulse Rifle,Legendary,generated-core,"460017080,1015611457",61,95,E,source-indicated,type mean + shrunk perk residuals + shrunk pair residual + Fox profile governance
792755504,Nightshade,Pulse Rifle,Legendary,generated-core,"460017080,2387244414",59,95,E,source-indicated,type mean + shrunk perk residuals + shrunk pair residual + Fox profile governance
792755504,Nightshade,Pulse Rifle,Legendary,generated-fallback,,67,59,E,source-indicated,type prior minus fallback margin + Fox profile governance
1559068369,Nightshade,Pulse Rifle,Legendary,generated-core,"923806249,831391274",93,55,E,availability-unverified,type mean + shrunk perk residuals + shrunk pair residual + Fox profile governance
1559068369,Nightshade,Pulse Rifle,Legendary,generated-core,"1168162263,2109543898",90,59,E,availability-unverified,type mean + shrunk perk residuals + shrunk pair residual + Fox profile governance
1559068369,Nightshade,Pulse Rifle,Legendary,generated-core,"1168162263,831391274",90,58,E,availability-unverified,type mean + shrunk perk residuals + shrunk pair residual + Fox profile governance
1559068369,Nightshade,Pulse Rifle,Legendary,generated-core,"3619207468,460017080",59,95,E,availability-unverified,type mean + shrunk perk residuals + shrunk pair residual + Fox profile governance
1559068369,Nightshade,Pulse Rifle,Legendary,generated-core,"3619207468,699525795",59,95,E,availability-unverified,type mean + shrunk perk residuals + shrunk pair residual + Fox profile governance
1559068369,Nightshade,Pulse Rifle,Legendary,generated-fallback,,67,59,E,availability-unverified,type prior minus fallback margin + Fox profile governance
324584912,Ogma PR6,Pulse Rifle,Legendary,generated-core,"3523296417,4049631843",93,61,E,source-indicated,type mean + shrunk perk residuals + shrunk pair residual + Fox profile governance
324584912,Ogma PR6,Pulse Rifle,Legendary,generated-core,"3108830275,1683379515",91,63,E,source-indicated,type mean + shrunk perk residuals + shrunk pair residual + Fox profile governance
324584912,Ogma PR6,Pulse Rifle,Legendary,generated-core,"1048183818,1683379515",89,61,E,source-indicated,type mean + shrunk perk residuals + shrunk pair residual + Fox profile governance
324584912,Ogma PR6,Pulse Rifle,Legendary,generated-core,"3108830275,11612903",70,80,E,source-indicated,type mean + shrunk perk residuals + shrunk pair residual + Fox profile governance
324584912,Ogma PR6,Pulse Rifle,Legendary,generated-core,"1428297954,11612903",69,80,E,source-indicated,type mean + shrunk perk residuals + shrunk pair residual + Fox profile governance
324584912,Ogma PR6,Pulse Rifle,Legendary,generated-fallback,,67,59,E,source-indicated,type prior minus fallback margin + Fox profile governance
299665907,Outlast,Pulse Rifle,Legendary,generated-core,"1168162263,3425386926",88,64,E,source-indicated,type mean + shrunk perk residuals + shrunk pair residual + Fox profile governance
299665907,Outlast,Pulse Rifle,Legendary,generated-core,"2779035018,3425386926",85,66,E,source-indicated,type mean + shrunk perk residuals + shrunk pair residual + Fox profile governance
299665907,Outlast,Pulse Rifle,Legendary,generated-core,"1168162263,3523296417",85,65,E,source-indicated,type mean + shrunk perk residuals + shrunk pair residual + Fox profile governance
299665907,Outlast,Pulse Rifle,Legendary,generated-core,"2387244414,1015611457",59,95,E,source-indicated,type mean + shrunk perk residuals + shrunk pair residual + Fox profile governance
299665907,Outlast,Pulse Rifle,Legendary,generated-core,"2846385770,1015611457",59,95,E,source-indicated,type mean + shrunk perk residuals + shrunk pair residual + Fox profile governance
299665907,Outlast,Pulse Rifle,Legendary,generated-fallback,,67,59,E,source-indicated,type prior minus fallback margin + Fox profile governance
1678205741,Outlast,Pulse Rifle,Legendary,generated-core,"1168162263,2848615171",89,61,E,source-indicated,type mean + shrunk perk residuals + shrunk pair residual + Fox profile governance
1678205741,Outlast,Pulse Rifle,Legendary,generated-core,"1168162263,3523296417",85,65,E,source-indicated,type mean + shrunk perk residuals + shrunk pair residual + Fox profile governance
1678205741,Outlast,Pulse Rifle,Legendary,generated-core,"2779035018,2848615171",85,62,E,source-indicated,type mean + shrunk perk residuals + shrunk pair residual + Fox profile governance
1678205741,Outlast,Pulse Rifle,Legendary,generated-core,"3619207468,47981717",67,95,E,source-indicated,type mean + shrunk perk residuals + shrunk pair residual + Fox profile governance
1678205741,Outlast,Pulse Rifle,Legendary,generated-core,"2846385770,1015611457",59,95,E,source-indicated,type mean + shrunk perk residuals + shrunk pair residual + Fox profile governance
1678205741,Outlast,Pulse Rifle,Legendary,generated-fallback,,67,59,E,source-indicated,type prior minus fallback margin + Fox profile governance
1187594590,Relentless,Pulse Rifle,Legendary,generated-core,460017080,73,81,E,source-indicated,type mean + shrunk perk residuals + shrunk pair residual + Fox profile governance
1187594590,Relentless,Pulse Rifle,Legendary,generated-core,2039302152,73,81,E,source-indicated,type mean + shrunk perk residuals + shrunk pair residual + Fox profile governance
1187594590,Relentless,Pulse Rifle,Legendary,generated-fallback,,67,59,E,source-indicated,type prior minus fallback margin + Fox profile governance
3376406418,Right Side of Wrong,Pulse Rifle,Legendary,generated-core,"1168162263,3425386926",88,64,E,source-indicated,type mean + shrunk perk residuals + shrunk pair residual + Fox profile governance
3376406418,Right Side of Wrong,Pulse Rifle,Legendary,generated-core,"1168162263,4267945040",85,66,E,source-indicated,type mean + shrunk perk residuals + shrunk pair residual + Fox profile governance
3376406418,Right Side of Wrong,Pulse Rifle,Legendary,generated-core,"280464955,3425386926",84,71,E,source-indicated,type mean + shrunk perk residuals + shrunk pair residual + Fox profile governance
3376406418,Right Side of Wrong,Pulse Rifle,Legendary,generated-core,"460017080,1015611457",61,95,E,source-indicated,type mean + shrunk perk residuals + shrunk pair residual + Fox profile governance
3376406418,Right Side of Wrong,Pulse Rifle,Legendary,generated-core,"1015611457,460017080",61,95,E,source-indicated,type mean + shrunk perk residuals + shrunk pair residual + Fox profile governance
3376406418,Right Side of Wrong,Pulse Rifle,Legendary,generated-fallback,,67,59,E,source-indicated,type prior minus fallback margin + Fox profile governance
2241507890,Sacred Provenance,Pulse Rifle,Legendary,generated-core,"1517798362,1226351311",98,53,E,source-indicated,type mean + shrunk perk residuals + shrunk pair residual + Fox profile governance
2241507890,Sacred Provenance,Pulse Rifle,Legendary,generated-core,"1517798362,3824105627",98,51,E,source-indicated,type mean + shrunk perk residuals + shrunk pair residual + Fox profile governance
2241507890,Sacred Provenance,Pulse Rifle,Legendary,generated-core,"1517798362,3891536761",98,51,E,source-indicated,type mean + shrunk perk residuals + shrunk pair residual + Fox profile governance
2241507890,Sacred Provenance,Pulse Rifle,Legendary,generated-core,"2579169598,460017080",59,95,E,source-indicated,type mean + shrunk perk residuals + shrunk pair residual + Fox profile governance
2241507890,Sacred Provenance,Pulse Rifle,Legendary,generated-core,"2579169598,1015611457",59,95,E,source-indicated,type mean + shrunk perk residuals + shrunk pair residual + Fox profile governance
2241507890,Sacred Provenance,Pulse Rifle,Legendary,generated-fallback,,67,59,E,source-indicated,type prior minus fallback margin + Fox profile governance
2408405461,Sacred Provenance,Pulse Rifle,Legendary,generated-core,"1168162263,706527188",86,67,E,source-indicated,type mean + shrunk perk residuals + shrunk pair residual + Fox profile governance
2408405461,Sacred Provenance,Pulse Rifle,Legendary,generated-core,"280464955,706527188",82,74,E,source-indicated,type mean + shrunk perk residuals + shrunk pair residual + Fox profile governance
2408405461,Sacred Provenance,Pulse Rifle,Legendary,generated-core,"4267945040,706527188",82,74,E,source-indicated,type mean + shrunk perk residuals + shrunk pair residual + Fox profile governance
2408405461,Sacred Provenance,Pulse Rifle,Legendary,generated-core,"2846385770,1015611457",59,95,E,source-indicated,type mean + shrunk perk residuals + shrunk pair residual + Fox profile governance
2408405461,Sacred Provenance,Pulse Rifle,Legendary,generated-core,"247725512,460017080",59,93,E,source-indicated,type mean + shrunk perk residuals + shrunk pair residual + Fox profile governance
2408405461,Sacred Provenance,Pulse Rifle,Legendary,generated-fallback,,67,59,E,source-indicated,type prior minus fallback margin + Fox profile governance
2221264583,Smite of Merain,Pulse Rifle,Legendary,generated-core,"2289534249,1226351311",98,55,E,source-indicated,type mean + shrunk perk residuals + shrunk pair residual + Fox profile governance
2221264583,Smite of Merain,Pulse Rifle,Legendary,generated-core,"1202584452,3824105627",98,51,E,source-indicated,type mean + shrunk perk residuals + shrunk pair residual + Fox profile governance
2221264583,Smite of Merain,Pulse Rifle,Legendary,generated-core,"2289534249,3824105627",97,52,E,source-indicated,type mean + shrunk perk residuals + shrunk pair residual + Fox profile governance
2221264583,Smite of Merain,Pulse Rifle,Legendary,generated-core,"588594999,699525795",59,94,E,source-indicated,type mean + shrunk perk residuals + shrunk pair residual + Fox profile governance
2221264583,Smite of Merain,Pulse Rifle,Legendary,generated-core,"588594999,1365187766",67,85,E,source-indicated,type mean + shrunk perk residuals + shrunk pair residual + Fox profile governance
2221264583,Smite of Merain,Pulse Rifle,Legendary,generated-fallback,,67,59,E,source-indicated,type prior minus fallback margin + Fox profile governance
3407395594,Smite of Merain (Harrowed),Pulse Rifle,Legendary,generated-core,"2289534249,1226351311",98,55,E,source-indicated,type mean + shrunk perk residuals + shrunk pair residual + Fox profile governance
3407395594,Smite of Merain (Harrowed),Pulse Rifle,Legendary,generated-core,"1202584452,3824105627",98,51,E,source-indicated,type mean + shrunk perk residuals + shrunk pair residual + Fox profile governance
3407395594,Smite of Merain (Harrowed),Pulse Rifle,Legendary,generated-core,"2289534249,3824105627",97,52,E,source-indicated,type mean + shrunk perk residuals + shrunk pair residual + Fox profile governance
3407395594,Smite of Merain (Harrowed),Pulse Rifle,Legendary,generated-core,"588594999,699525795",59,94,E,source-indicated,type mean + shrunk perk residuals + shrunk pair residual + Fox profile governance
3407395594,Smite of Merain (Harrowed),Pulse Rifle,Legendary,generated-core,"588594999,1365187766",67,85,E,source-indicated,type mean + shrunk perk residuals + shrunk pair residual + Fox profile governance
3407395594,Smite of Merain (Harrowed),Pulse Rifle,Legendary,generated-fallback,,67,59,E,source-indicated,type prior minus fallback margin + Fox profile governance
2050789284,Stars in Shadow,Pulse Rifle,Legendary,generated-core,"1631667848,1683379515",91,59,E,source-indicated,type mean + shrunk perk residuals + shrunk pair residual + Fox profile governance
2050789284,Stars in Shadow,Pulse Rifle,Legendary,generated-core,"1168162263,1683379515",90,60,E,source-indicated,type mean + shrunk perk residuals + shrunk pair residual + Fox profile governance
2050789284,Stars in Shadow,Pulse Rifle,Legendary,generated-core,"1631667848,2848615171",90,60,E,source-indicated,type mean + shrunk perk residuals + shrunk pair residual + Fox profile governance
2050789284,Stars in Shadow,Pulse Rifle,Legendary,generated-core,"2450788523,1015611457",63,94,E,source-indicated,type mean + shrunk perk residuals + shrunk pair residual + Fox profile governance
2050789284,Stars in Shadow,Pulse Rifle,Legendary,generated-core,"3436462433,460017080",60,92,E,source-indicated,type mean + shrunk perk residuals + shrunk pair residual + Fox profile governance
2050789284,Stars in Shadow,Pulse Rifle,Legendary,generated-fallback,,67,59,E,source-indicated,type prior minus fallback margin + Fox profile governance
1123433952,Stay Frosty,Pulse Rifle,Legendary,generated-core,"1955165503,124408337",98,51,E,availability-unverified,type mean + shrunk perk residuals + shrunk pair residual + Fox profile governance
1123433952,Stay Frosty,Pulse Rifle,Legendary,generated-core,"1955165503,2109543898",91,60,E,availability-unverified,type mean + shrunk perk residuals + shrunk pair residual + Fox profile governance
1123433952,Stay Frosty,Pulse Rifle,Legendary,generated-core,"2946784966,124408337",87,65,E,availability-unverified,type mean + shrunk perk residuals + shrunk pair residual + Fox profile governance
1123433952,Stay Frosty,Pulse Rifle,Legendary,generated-core,"2579169598,460017080",59,95,E,availability-unverified,type mean + shrunk perk residuals + shrunk pair residual + Fox profile governance
1123433952,Stay Frosty,Pulse Rifle,Legendary,generated-core,"2579169598,1015611457",59,95,E,availability-unverified,type mean + shrunk perk residuals + shrunk pair residual + Fox profile governance
1123433952,Stay Frosty,Pulse Rifle,Legendary,generated-fallback,,67,59,E,availability-unverified,type prior minus fallback margin + Fox profile governance
1891321753,Stay Frosty,Pulse Rifle,Legendary,generated-core,"1570042021,3324494224",89,71,E,source-indicated,type mean + shrunk perk residuals + shrunk pair residual + Fox profile governance
1891321753,Stay Frosty,Pulse Rifle,Legendary,generated-core,"1570042021,243981275",89,68,E,source-indicated,type mean + shrunk perk residuals + shrunk pair residual + Fox profile governance
1891321753,Stay Frosty,Pulse Rifle,Legendary,generated-core,"1570042021,124408337",88,66,E,source-indicated,type mean + shrunk perk residuals + shrunk pair residual + Fox profile governance
1891321753,Stay Frosty,Pulse Rifle,Legendary,generated-core,"2450788523,1015611457",63,94,E,source-indicated,type mean + shrunk perk residuals + shrunk pair residual + Fox profile governance
1891321753,Stay Frosty,Pulse Rifle,Legendary,generated-core,"1195158366,1015611457",59,94,E,source-indicated,type mean + shrunk perk residuals + shrunk pair residual + Fox profile governance
1891321753,Stay Frosty,Pulse Rifle,Legendary,generated-fallback,,67,59,E,source-indicated,type prior minus fallback margin + Fox profile governance
3910523587,Stay Frosty,Pulse Rifle,Legendary,generated-core,"1955165503,124408337",98,51,E,availability-unverified,type mean + shrunk perk residuals + shrunk pair residual + Fox profile governance
3910523587,Stay Frosty,Pulse Rifle,Legendary,generated-core,"1955165503,2109543898",91,60,E,availability-unverified,type mean + shrunk perk residuals + shrunk pair residual + Fox profile governance
3910523587,Stay Frosty,Pulse Rifle,Legendary,generated-core,"2946784966,124408337",87,65,E,availability-unverified,type mean + shrunk perk residuals + shrunk pair residual + Fox profile governance
3910523587,Stay Frosty,Pulse Rifle,Legendary,generated-core,"2579169598,460017080",59,95,E,availability-unverified,type mean + shrunk perk residuals + shrunk pair residual + Fox profile governance
3910523587,Stay Frosty,Pulse Rifle,Legendary,generated-core,"2579169598,1015611457",59,95,E,availability-unverified,type mean + shrunk perk residuals + shrunk pair residual + Fox profile governance
3910523587,Stay Frosty,Pulse Rifle,Legendary,generated-fallback,,67,59,E,availability-unverified,type prior minus fallback margin + Fox profile governance
1386601612,Swift Ride XE8375,Pulse Rifle,Legendary,generated-core,"1631667848,3425386926",89,63,E,source-indicated,type mean + shrunk perk residuals + shrunk pair residual + Fox profile governance
1386601612,Swift Ride XE8375,Pulse Rifle,Legendary,generated-core,"1168162263,3425386926",88,64,E,source-indicated,type mean + shrunk perk residuals + shrunk pair residual + Fox profile governance
1386601612,Swift Ride XE8375,Pulse Rifle,Legendary,generated-core,"1631667848,4267945040",86,65,E,source-indicated,type mean + shrunk perk residuals + shrunk pair residual + Fox profile governance
1386601612,Swift Ride XE8375,Pulse Rifle,Legendary,generated-core,"460017080,1015611457",61,95,E,source-indicated,type mean + shrunk perk residuals + shrunk pair residual + Fox profile governance
1386601612,Swift Ride XE8375,Pulse Rifle,Legendary,generated-core,"460017080,2387244414",59,95,E,source-indicated,type mean + shrunk perk residuals + shrunk pair residual + Fox profile governance
1386601612,Swift Ride XE8375,Pulse Rifle,Legendary,generated-fallback,,67,59,E,source-indicated,type prior minus fallback margin + Fox profile governance
2856514843,Syncopation-53,Pulse Rifle,Legendary,generated-core,"1168162263,124408337",91,58,E,source-indicated,type mean + shrunk perk residuals + shrunk pair residual + Fox profile governance
2856514843,Syncopation-53,Pulse Rifle,Legendary,generated-core,"671806388,124408337",87,65,E,source-indicated,type mean + shrunk perk residuals + shrunk pair residual + Fox profile governance
2856514843,Syncopation-53,Pulse Rifle,Legendary,generated-core,"1168162263,2896038713",86,62,E,source-indicated,type mean + shrunk perk residuals + shrunk pair residual + Fox profile governance
2856514843,Syncopation-53,Pulse Rifle,Legendary,generated-core,"2387244414,460017080",59,95,E,source-indicated,type mean + shrunk perk residuals + shrunk pair residual + Fox profile governance
2856514843,Syncopation-53,Pulse Rifle,Legendary,generated-core,"588594999,460017080",65,89,E,source-indicated,type mean + shrunk perk residuals + shrunk pair residual + Fox profile governance
2856514843,Syncopation-53,Pulse Rifle,Legendary,generated-fallback,,67,59,E,source-indicated,type prior minus fallback margin + Fox profile governance
3658188704,The Messenger,Pulse Rifle,Legendary,generated-core,"1168162263,4049631843",91,58,E,source-indicated,type mean + shrunk perk residuals + shrunk pair residual + Fox profile governance
3658188704,The Messenger,Pulse Rifle,Legendary,generated-core,"1570042021,4049631843",88,66,E,source-indicated,type mean + shrunk perk residuals + shrunk pair residual + Fox profile governance
3658188704,The Messenger,Pulse Rifle,Legendary,generated-core,"1168162263,1264398905",85,66,E,source-indicated,type mean + shrunk perk residuals + shrunk pair residual + Fox profile governance
3658188704,The Messenger,Pulse Rifle,Legendary,generated-core,"1428297954,1015611457",59,95,E,source-indicated,type mean + shrunk perk residuals + shrunk pair residual + Fox profile governance
3658188704,The Messenger,Pulse Rifle,Legendary,generated-core,"2387244414,460017080",59,95,E,source-indicated,type mean + shrunk perk residuals + shrunk pair residual + Fox profile governance
3658188704,The Messenger,Pulse Rifle,Legendary,generated-fallback,,67,59,E,source-indicated,type prior minus fallback margin + Fox profile governance
3796795102,The Messenger,Pulse Rifle,Legendary,generated-core,"3978468247,3891536761",95,58,E,source-indicated,type mean + shrunk perk residuals + shrunk pair residual + Fox profile governance
3796795102,The Messenger,Pulse Rifle,Legendary,generated-core,"1168162263,3891536761",92,58,E,source-indicated,type mean + shrunk perk residuals + shrunk pair residual + Fox profile governance
3796795102,The Messenger,Pulse Rifle,Legendary,generated-core,"1870851715,3891536761",88,65,E,source-indicated,type mean + shrunk perk residuals + shrunk pair residual + Fox profile governance
3796795102,The Messenger,Pulse Rifle,Legendary,generated-core,"1428297954,1015611457",59,95,E,source-indicated,type mean + shrunk perk residuals + shrunk pair residual + Fox profile governance
3796795102,The Messenger,Pulse Rifle,Legendary,generated-core,"2416023159,1195158366",59,94,E,source-indicated,type mean + shrunk perk residuals + shrunk pair residual + Fox profile governance
3796795102,The Messenger,Pulse Rifle,Legendary,generated-fallback,,67,59,E,source-indicated,type prior minus fallback margin + Fox profile governance
364665267,The Messenger (Adept),Pulse Rifle,Legendary,generated-core,"3978468247,3891536761",95,58,E,source-indicated,type mean + shrunk perk residuals + shrunk pair residual + Fox profile governance
364665267,The Messenger (Adept),Pulse Rifle,Legendary,generated-core,"1168162263,3891536761",92,58,E,source-indicated,type mean + shrunk perk residuals + shrunk pair residual + Fox profile governance
364665267,The Messenger (Adept),Pulse Rifle,Legendary,generated-core,"1870851715,3891536761",88,65,E,source-indicated,type mean + shrunk perk residuals + shrunk pair residual + Fox profile governance
364665267,The Messenger (Adept),Pulse Rifle,Legendary,generated-core,"1428297954,1015611457",59,95,E,source-indicated,type mean + shrunk perk residuals + shrunk pair residual + Fox profile governance
364665267,The Messenger (Adept),Pulse Rifle,Legendary,generated-core,"2416023159,1195158366",59,94,E,source-indicated,type mean + shrunk perk residuals + shrunk pair residual + Fox profile governance
364665267,The Messenger (Adept),Pulse Rifle,Legendary,generated-fallback,,67,59,E,source-indicated,type prior minus fallback margin + Fox profile governance
1173780905,The Messenger (Adept),Pulse Rifle,Legendary,generated-core,"1168162263,4049631843",91,58,E,source-indicated,type mean + shrunk perk residuals + shrunk pair residual + Fox profile governance
1173780905,The Messenger (Adept),Pulse Rifle,Legendary,generated-core,"1570042021,4049631843",88,66,E,source-indicated,type mean + shrunk perk residuals + shrunk pair residual + Fox profile governance
1173780905,The Messenger (Adept),Pulse Rifle,Legendary,generated-core,"1168162263,1264398905",85,66,E,source-indicated,type mean + shrunk perk residuals + shrunk pair residual + Fox profile governance
1173780905,The Messenger (Adept),Pulse Rifle,Legendary,generated-core,"1428297954,1015611457",59,95,E,source-indicated,type mean + shrunk perk residuals + shrunk pair residual + Fox profile governance
1173780905,The Messenger (Adept),Pulse Rifle,Legendary,generated-core,"2387244414,460017080",59,95,E,source-indicated,type mean + shrunk perk residuals + shrunk pair residual + Fox profile governance
1173780905,The Messenger (Adept),Pulse Rifle,Legendary,generated-fallback,,67,59,E,source-indicated,type prior minus fallback margin + Fox profile governance
3744058588,The Third Axiom,Pulse Rifle,Legendary,generated-core,"1820235745,2848615171",93,59,E,source-indicated,type mean + shrunk perk residuals + shrunk pair residual + Fox profile governance
3744058588,The Third Axiom,Pulse Rifle,Legendary,generated-core,"1820235745,1683379515",90,61,E,source-indicated,type mean + shrunk perk residuals + shrunk pair residual + Fox profile governance
3744058588,The Third Axiom,Pulse Rifle,Legendary,generated-core,"1820235745,4049631843",89,57,E,source-indicated,type mean + shrunk perk residuals + shrunk pair residual + Fox profile governance
3744058588,The Third Axiom,Pulse Rifle,Legendary,generated-core,"3161816588,47981717",60,95,E,source-indicated,type mean + shrunk perk residuals + shrunk pair residual + Fox profile governance
3744058588,The Third Axiom,Pulse Rifle,Legendary,generated-core,"2387244414,460017080",59,95,E,source-indicated,type mean + shrunk perk residuals + shrunk pair residual + Fox profile governance
3744058588,The Third Axiom,Pulse Rifle,Legendary,generated-fallback,,67,59,E,source-indicated,type prior minus fallback margin + Fox profile governance
2276328320,Veles-X,Pulse Rifle,Legendary,generated-core,"776531651,2610012052",89,64,E,source-indicated,type mean + shrunk perk residuals + shrunk pair residual + Fox profile governance
2276328320,Veles-X,Pulse Rifle,Legendary,generated-core,"776531651,1015611457",87,69,E,source-indicated,type mean + shrunk perk residuals + shrunk pair residual + Fox profile governance
2276328320,Veles-X,Pulse Rifle,Legendary,generated-core,"2946784966,2610012052",81,71,E,source-indicated,type mean + shrunk perk residuals + shrunk pair residual + Fox profile governance
2276328320,Veles-X,Pulse Rifle,Legendary,generated-core,"2946784966,1015611457",73,81,E,source-indicated,type mean + shrunk perk residuals + shrunk pair residual + Fox profile governance
2276328320,Veles-X,Pulse Rifle,Legendary,generated-fallback,,67,59,E,source-indicated,type prior minus fallback margin + Fox profile governance
4028000428,Yesteryear,Pulse Rifle,Legendary,generated-core,"1820235745,776531651",93,59,E,source-indicated,type mean + shrunk perk residuals + shrunk pair residual + Fox profile governance
4028000428,Yesteryear,Pulse Rifle,Legendary,generated-core,"1820235745,2848615171",93,59,E,source-indicated,type mean + shrunk perk residuals + shrunk pair residual + Fox profile governance
4028000428,Yesteryear,Pulse Rifle,Legendary,generated-core,"1168162263,776531651",93,58,E,source-indicated,type mean + shrunk perk residuals + shrunk pair residual + Fox profile governance
4028000428,Yesteryear,Pulse Rifle,Legendary,generated-core,"2039302152,699525795",59,94,E,source-indicated,type mean + shrunk perk residuals + shrunk pair residual + Fox profile governance
4028000428,Yesteryear,Pulse Rifle,Legendary,generated-core,"1428297954,699525795",65,89,E,source-indicated,type mean + shrunk perk residuals + shrunk pair residual + Fox profile governance
4028000428,Yesteryear,Pulse Rifle,Legendary,generated-fallback,,67,59,E,source-indicated,type prior minus fallback margin + Fox profile governance
2545083870,Apex Predator,Rocket Launcher,Legendary,generated-core,"2010801679,3300816228",90,62,E,source-indicated,type mean + shrunk perk residuals + shrunk pair residual + Fox profile governance
2545083870,Apex Predator,Rocket Launcher,Legendary,generated-core,"3096702027,3300816228",89,67,E,source-indicated,type mean + shrunk perk residuals + shrunk pair residual + Fox profile governance
2545083870,Apex Predator,Rocket Launcher,Legendary,generated-core,"957782887,3300816228",86,68,E,source-indicated,type mean + shrunk perk residuals + shrunk pair residual + Fox profile governance
2545083870,Apex Predator,Rocket Launcher,Legendary,generated-core,"3977735242,1015611457",68,84,E,source-indicated,type mean + shrunk perk residuals + shrunk pair residual + Fox profile governance
2545083870,Apex Predator,Rocket Launcher,Legendary,generated-core,"3977735242,1275731761",70,81,E,source-indicated,type mean + shrunk perk residuals + shrunk pair residual + Fox profile governance
2545083870,Apex Predator,Rocket Launcher,Legendary,generated-fallback,,69,53,E,source-indicated,type prior minus fallback margin + Fox profile governance
1713388226,Ascendancy,Rocket Launcher,Legendary,generated-core,"1523832109,1439600632",98,52,E,source-indicated,type mean + shrunk perk residuals + shrunk pair residual + Fox profile governance
1713388226,Ascendancy,Rocket Launcher,Legendary,generated-core,"1523832109,4293542123",98,51,E,source-indicated,type mean + shrunk perk residuals + shrunk pair residual + Fox profile governance
1713388226,Ascendancy,Rocket Launcher,Legendary,generated-core,"243981275,4293542123",98,48,E,source-indicated,type mean + shrunk perk residuals + shrunk pair residual + Fox profile governance
1713388226,Ascendancy,Rocket Launcher,Legendary,generated-core,"951095735,3194351027",74,84,E,source-indicated,type mean + shrunk perk residuals + shrunk pair residual + Fox profile governance
1713388226,Ascendancy,Rocket Launcher,Legendary,generated-core,"2039302152,3194351027",76,78,E,source-indicated,type mean + shrunk perk residuals + shrunk pair residual + Fox profile governance
1713388226,Ascendancy,Rocket Launcher,Legendary,generated-fallback,,69,53,E,source-indicated,type prior minus fallback margin + Fox profile governance
991314988,Bad Omens,Rocket Launcher,Legendary,generated-core,"3300816228,706527188",91,68,E,source-indicated,type mean + shrunk perk residuals + shrunk pair residual + Fox profile governance
991314988,Bad Omens,Rocket Launcher,Legendary,generated-core,"3300816228,1275731761",89,67,E,source-indicated,type mean + shrunk perk residuals + shrunk pair residual + Fox profile governance
991314988,Bad Omens,Rocket Launcher,Legendary,generated-core,"3300816228,3096702027",89,67,E,source-indicated,type mean + shrunk perk residuals + shrunk pair residual + Fox profile governance
991314988,Bad Omens,Rocket Launcher,Legendary,generated-core,"3977735242,1015611457",68,84,E,source-indicated,type mean + shrunk perk residuals + shrunk pair residual + Fox profile governance
991314988,Bad Omens,Rocket Launcher,Legendary,generated-core,"3977735242,1275731761",70,81,E,source-indicated,type mean + shrunk perk residuals + shrunk pair residual + Fox profile governance
991314988,Bad Omens,Rocket Launcher,Legendary,generated-fallback,,69,53,E,source-indicated,type prior minus fallback margin + Fox profile governance
1996201272,Bad Omens,Rocket Launcher,Legendary,generated-core,"3300816228,1089671869",98,58,E,source-indicated,type mean + shrunk perk residuals + shrunk pair residual + Fox profile governance
1996201272,Bad Omens,Rocket Launcher,Legendary,generated-core,"2458610193,1089671869",98,55,E,source-indicated,type mean + shrunk perk residuals + shrunk pair residual + Fox profile governance
1996201272,Bad Omens,Rocket Launcher,Legendary,generated-core,"2048641572,1089671869",98,54,E,source-indicated,type mean + shrunk perk residuals + shrunk pair residual + Fox profile governance
1996201272,Bad Omens,Rocket Launcher,Legendary,generated-core,"1428297954,1015611457",62,90,E,source-indicated,type mean + shrunk perk residuals + shrunk pair residual + Fox profile governance
1996201272,Bad Omens,Rocket Launcher,Legendary,generated-core,"1428297954,3194351027",70,84,E,source-indicated,type mean + shrunk perk residuals + shrunk pair residual + Fox profile governance
1996201272,Bad Omens,Rocket Launcher,Legendary,generated-fallback,,69,53,E,source-indicated,type prior minus fallback margin + Fox profile governance
2186258845,Bellowing Giant,Rocket Launcher,Legendary,generated-core,"2869569095,3300816228",92,62,E,source-indicated,type mean + shrunk perk residuals + shrunk pair residual + Fox profile governance
2186258845,Bellowing Giant,Rocket Launcher,Legendary,generated-core,"706527188,3300816228",91,68,E,source-indicated,type mean + shrunk perk residuals + shrunk pair residual + Fox profile governance
2186258845,Bellowing Giant,Rocket Launcher,Legendary,generated-core,"3096702027,3300816228",89,67,E,source-indicated,type mean + shrunk perk residuals + shrunk pair residual + Fox profile governance
2186258845,Bellowing Giant,Rocket Launcher,Legendary,generated-core,"2846385770,588594999",68,84,E,source-indicated,type mean + shrunk perk residuals + shrunk pair residual + Fox profile governance
2186258845,Bellowing Giant,Rocket Launcher,Legendary,generated-core,"3977735242,588594999",68,84,E,source-indicated,type mean + shrunk perk residuals + shrunk pair residual + Fox profile governance
2186258845,Bellowing Giant,Rocket Launcher,Legendary,generated-fallback,,69,53,E,source-indicated,type prior minus fallback margin + Fox profile governance
1903182562,Blowout,Rocket Launcher,Legendary,generated-core,"2869569095,2396489472",96,53,E,source-indicated,type mean + shrunk perk residuals + shrunk pair residual + Fox profile governance
1903182562,Blowout,Rocket Launcher,Legendary,generated-core,"3523296417,2396489472",93,59,E,source-indicated,type mean + shrunk perk residuals + shrunk pair residual + Fox profile governance
1903182562,Blowout,Rocket Launcher,Legendary,generated-core,"2869569095,1683379515",92,57,E,source-indicated,type mean + shrunk perk residuals + shrunk pair residual + Fox profile governance
1903182562,Blowout,Rocket Launcher,Legendary,generated-core,"951095735,3194351027",74,84,E,source-indicated,type mean + shrunk perk residuals + shrunk pair residual + Fox profile governance
1903182562,Blowout,Rocket Launcher,Legendary,generated-core,"3977735242,3194351027",70,84,E,source-indicated,type mean + shrunk perk residuals + shrunk pair residual + Fox profile governance
1903182562,Blowout,Rocket Launcher,Legendary,generated-fallback,,69,53,E,source-indicated,type prior minus fallback margin + Fox profile governance
3667553455,BrayTech Osprey,Rocket Launcher,Legendary,generated-core,"3300816228,2396489472",98,59,E,source-indicated,type mean + shrunk perk residuals + shrunk pair residual + Fox profile governance
3667553455,BrayTech Osprey,Rocket Launcher,Legendary,generated-core,"3300816228,2048641572",98,58,E,source-indicated,type mean + shrunk perk residuals + shrunk pair residual + Fox profile governance
3667553455,BrayTech Osprey,Rocket Launcher,Legendary,generated-core,"3300816228,1439600632",98,57,E,source-indicated,type mean + shrunk perk residuals + shrunk pair residual + Fox profile governance
3667553455,BrayTech Osprey,Rocket Launcher,Legendary,generated-core,"3619207468,2610012052",76,75,E,source-indicated,type mean + shrunk perk residuals + shrunk pair residual + Fox profile governance
3667553455,BrayTech Osprey,Rocket Launcher,Legendary,generated-core,"3619207468,4104185692",76,72,E,source-indicated,type mean + shrunk perk residuals + shrunk pair residual + Fox profile governance
3667553455,BrayTech Osprey,Rocket Launcher,Legendary,generated-fallback,,69,53,E,source-indicated,type prior minus fallback margin + Fox profile governance
1064132738,BrayTech Osprey (Adept),Rocket Launcher,Legendary,generated-core,"3300816228,2396489472",98,59,E,source-indicated,type mean + shrunk perk residuals + shrunk pair residual + Fox profile governance
1064132738,BrayTech Osprey (Adept),Rocket Launcher,Legendary,generated-core,"3300816228,2048641572",98,58,E,source-indicated,type mean + shrunk perk residuals + shrunk pair residual + Fox profile governance
1064132738,BrayTech Osprey (Adept),Rocket Launcher,Legendary,generated-core,"3300816228,1439600632",98,57,E,source-indicated,type mean + shrunk perk residuals + shrunk pair residual + Fox profile governance
1064132738,BrayTech Osprey (Adept),Rocket Launcher,Legendary,generated-core,"3619207468,2610012052",76,75,E,source-indicated,type mean + shrunk perk residuals + shrunk pair residual + Fox profile governance
1064132738,BrayTech Osprey (Adept),Rocket Launcher,Legendary,generated-core,"3619207468,4104185692",76,72,E,source-indicated,type mean + shrunk perk residuals + shrunk pair residual + Fox profile governance
1064132738,BrayTech Osprey (Adept),Rocket Launcher,Legendary,generated-fallback,,69,53,E,source-indicated,type prior minus fallback margin + Fox profile governance
839786290,Cold Comfort,Rocket Launcher,Legendary,generated-core,"968510818,3324494224",98,58,E,availability-unverified,type mean + shrunk perk residuals + shrunk pair residual + Fox profile governance
839786290,Cold Comfort,Rocket Launcher,Legendary,generated-core,"968510818,1439600632",98,55,E,availability-unverified,type mean + shrunk perk residuals + shrunk pair residual + Fox profile governance
839786290,Cold Comfort,Rocket Launcher,Legendary,generated-core,"968510818,3078487919",98,52,E,availability-unverified,type mean + shrunk perk residuals + shrunk pair residual + Fox profile governance
839786290,Cold Comfort,Rocket Launcher,Legendary,generated-core,"951095735,3194351027",74,84,E,availability-unverified,type mean + shrunk perk residuals + shrunk pair residual + Fox profile governance
839786290,Cold Comfort,Rocket Launcher,Legendary,generated-core,"1428297954,3194351027",70,84,E,availability-unverified,type mean + shrunk perk residuals + shrunk pair residual + Fox profile governance
839786290,Cold Comfort,Rocket Launcher,Legendary,generated-fallback,,69,53,E,availability-unverified,type prior minus fallback margin + Fox profile governance
2287287549,Cold Comfort,Rocket Launcher,Legendary,generated-core,"968510818,1089671869",98,56,E,source-indicated,type mean + shrunk perk residuals + shrunk pair residual + Fox profile governance
2287287549,Cold Comfort,Rocket Launcher,Legendary,generated-core,"968510818,1439600632",98,55,E,source-indicated,type mean + shrunk perk residuals + shrunk pair residual + Fox profile governance
2287287549,Cold Comfort,Rocket Launcher,Legendary,generated-core,"968510818,3764420437",98,54,E,source-indicated,type mean + shrunk perk residuals + shrunk pair residual + Fox profile governance
2287287549,Cold Comfort,Rocket Launcher,Legendary,generated-core,"951095735,3194351027",74,84,E,source-indicated,type mean + shrunk perk residuals + shrunk pair residual + Fox profile governance
2287287549,Cold Comfort,Rocket Launcher,Legendary,generated-core,"3977735242,3194351027",70,84,E,source-indicated,type mean + shrunk perk residuals + shrunk pair residual + Fox profile governance
2287287549,Cold Comfort,Rocket Launcher,Legendary,generated-fallback,,69,53,E,source-indicated,type prior minus fallback margin + Fox profile governance
1151307006,Crowning Duologue,Rocket Launcher,Legendary,generated-core,"3300816228,2396489472",98,59,E,availability-unverified,type mean + shrunk perk residuals + shrunk pair residual + Fox profile governance
1151307006,Crowning Duologue,Rocket Launcher,Legendary,generated-core,"3300816228,1439600632",98,57,E,availability-unverified,type mean + shrunk perk residuals + shrunk pair residual + Fox profile governance
1151307006,Crowning Duologue,Rocket Launcher,Legendary,generated-core,"1421772400,1164602481",98,56,E,availability-unverified,type mean + shrunk perk residuals + shrunk pair residual + Fox profile governance
1151307006,Crowning Duologue,Rocket Launcher,Legendary,generated-core,"951095735,563069569",76,76,E,availability-unverified,type mean + shrunk perk residuals + shrunk pair residual + Fox profile governance
1151307006,Crowning Duologue,Rocket Launcher,Legendary,generated-core,"951095735,1275731761",75,76,E,availability-unverified,type mean + shrunk perk residuals + shrunk pair residual + Fox profile governance
1151307006,Crowning Duologue,Rocket Launcher,Legendary,generated-fallback,,69,53,E,availability-unverified,type prior minus fallback margin + Fox profile governance
3256453690,Crowning Duologue,Rocket Launcher,Legendary,generated-core,"3300816228,2396489472",98,59,E,source-indicated,type mean + shrunk perk residuals + shrunk pair residual + Fox profile governance
3256453690,Crowning Duologue,Rocket Launcher,Legendary,generated-core,"3300816228,968510818",97,60,E,source-indicated,type mean + shrunk perk residuals + shrunk pair residual + Fox profile governance
3256453690,Crowning Duologue,Rocket Launcher,Legendary,generated-core,"3523296417,4049631843",97,55,E,source-indicated,type mean + shrunk perk residuals + shrunk pair residual + Fox profile governance
3256453690,Crowning Duologue,Rocket Launcher,Legendary,generated-core,"951095735,4082225868",70,77,E,source-indicated,type mean + shrunk perk residuals + shrunk pair residual + Fox profile governance
3256453690,Crowning Duologue,Rocket Launcher,Legendary,generated-core,"951095735,1275731761",75,76,E,source-indicated,type mean + shrunk perk residuals + shrunk pair residual + Fox profile governance
3256453690,Crowning Duologue,Rocket Launcher,Legendary,generated-fallback,,69,53,E,source-indicated,type prior minus fallback margin + Fox profile governance
391069235,Crux Celeritas IV,Rocket Launcher,Legendary,generated-core,"1523832109,1089671869",98,54,E,source-indicated,type mean + shrunk perk residuals + shrunk pair residual + Fox profile governance
391069235,Crux Celeritas IV,Rocket Launcher,Legendary,generated-core,"1421772400,1089671869",98,53,E,source-indicated,type mean + shrunk perk residuals + shrunk pair residual + Fox profile governance
391069235,Crux Celeritas IV,Rocket Launcher,Legendary,generated-core,"831391274,3764420437",98,52,E,source-indicated,type mean + shrunk perk residuals + shrunk pair residual + Fox profile governance
391069235,Crux Celeritas IV,Rocket Launcher,Legendary,generated-core,"951095735,3194351027",74,84,E,source-indicated,type mean + shrunk perk residuals + shrunk pair residual + Fox profile governance
391069235,Crux Celeritas IV,Rocket Launcher,Legendary,generated-core,"2039302152,3194351027",76,78,E,source-indicated,type mean + shrunk perk residuals + shrunk pair residual + Fox profile governance
391069235,Crux Celeritas IV,Rocket Launcher,Legendary,generated-fallback,,69,53,E,source-indicated,type prior minus fallback margin + Fox profile governance
2846261712,Crux Celeritas IV,Rocket Launcher,Legendary,generated-core,"1523832109,1089671869",98,54,E,availability-unverified,type mean + shrunk perk residuals + shrunk pair residual + Fox profile governance
2846261712,Crux Celeritas IV,Rocket Launcher,Legendary,generated-core,"1421772400,1089671869",98,53,E,availability-unverified,type mean + shrunk perk residuals + shrunk pair residual + Fox profile governance
2846261712,Crux Celeritas IV,Rocket Launcher,Legendary,generated-core,"831391274,3764420437",98,52,E,availability-unverified,type mean + shrunk perk residuals + shrunk pair residual + Fox profile governance
2846261712,Crux Celeritas IV,Rocket Launcher,Legendary,generated-core,"951095735,3194351027",74,84,E,availability-unverified,type mean + shrunk perk residuals + shrunk pair residual + Fox profile governance
2846261712,Crux Celeritas IV,Rocket Launcher,Legendary,generated-core,"2039302152,3194351027",76,78,E,availability-unverified,type mean + shrunk perk residuals + shrunk pair residual + Fox profile governance
2846261712,Crux Celeritas IV,Rocket Launcher,Legendary,generated-fallback,,69,53,E,availability-unverified,type prior minus fallback margin + Fox profile governance
2725894221,Folded Root,Rocket Launcher,Legendary,generated-core,"1421772400,2396489472",98,53,E,source-indicated,type mean + shrunk perk residuals + shrunk pair residual + Fox profile governance
2725894221,Folded Root,Rocket Launcher,Legendary,generated-core,"1421772400,1439600632",98,51,E,source-indicated,type mean + shrunk perk residuals + shrunk pair residual + Fox profile governance
2725894221,Folded Root,Rocket Launcher,Legendary,generated-core,"1421772400,2048641572",98,49,E,source-indicated,type mean + shrunk perk residuals + shrunk pair residual + Fox profile governance
2725894221,Folded Root,Rocket Launcher,Legendary,generated-core,"960810156,2396489472",89,65,E,source-indicated,type mean + shrunk perk residuals + shrunk pair residual + Fox profile governance
2725894221,Folded Root,Rocket Launcher,Legendary,generated-core,"960810156,2458213969",86,64,E,source-indicated,type mean + shrunk perk residuals + shrunk pair residual + Fox profile governance
2725894221,Folded Root,Rocket Launcher,Legendary,generated-fallback,,69,53,E,source-indicated,type prior minus fallback margin + Fox profile governance
3184457500,Folded Root,Rocket Launcher,Legendary,generated-core,"1421772400,2396489472",98,53,E,availability-unverified,type mean + shrunk perk residuals + shrunk pair residual + Fox profile governance
3184457500,Folded Root,Rocket Launcher,Legendary,generated-core,"1421772400,1439600632",98,51,E,availability-unverified,type mean + shrunk perk residuals + shrunk pair residual + Fox profile governance
3184457500,Folded Root,Rocket Launcher,Legendary,generated-core,"1421772400,2048641572",98,49,E,availability-unverified,type mean + shrunk perk residuals + shrunk pair residual + Fox profile governance
3184457500,Folded Root,Rocket Launcher,Legendary,generated-core,"960810156,2396489472",89,65,E,availability-unverified,type mean + shrunk perk residuals + shrunk pair residual + Fox profile governance
3184457500,Folded Root,Rocket Launcher,Legendary,generated-core,"960810156,2458213969",86,64,E,availability-unverified,type mean + shrunk perk residuals + shrunk pair residual + Fox profile governance
3184457500,Folded Root,Rocket Launcher,Legendary,generated-fallback,,69,53,E,availability-unverified,type prior minus fallback margin + Fox profile governance
3184457501,Folded Root,Rocket Launcher,Legendary,generated-core,"1421772400,2396489472",98,53,E,availability-unverified,type mean + shrunk perk residuals + shrunk pair residual + Fox profile governance
3184457501,Folded Root,Rocket Launcher,Legendary,generated-core,"1421772400,1439600632",98,51,E,availability-unverified,type mean + shrunk perk residuals + shrunk pair residual + Fox profile governance
3184457501,Folded Root,Rocket Launcher,Legendary,generated-core,"1421772400,2048641572",98,49,E,availability-unverified,type mean + shrunk perk residuals + shrunk pair residual + Fox profile governance
3184457501,Folded Root,Rocket Launcher,Legendary,generated-core,"960810156,2396489472",89,65,E,availability-unverified,type mean + shrunk perk residuals + shrunk pair residual + Fox profile governance
3184457501,Folded Root,Rocket Launcher,Legendary,generated-core,"960810156,2458213969",86,64,E,availability-unverified,type mean + shrunk perk residuals + shrunk pair residual + Fox profile governance
3184457501,Folded Root,Rocket Launcher,Legendary,generated-fallback,,69,53,E,availability-unverified,type prior minus fallback margin + Fox profile governance
3184457502,Folded Root,Rocket Launcher,Legendary,generated-core,"1421772400,2396489472",98,53,E,availability-unverified,type mean + shrunk perk residuals + shrunk pair residual + Fox profile governance
3184457502,Folded Root,Rocket Launcher,Legendary,generated-core,"1421772400,1439600632",98,51,E,availability-unverified,type mean + shrunk perk residuals + shrunk pair residual + Fox profile governance
3184457502,Folded Root,Rocket Launcher,Legendary,generated-core,"1421772400,2048641572",98,49,E,availability-unverified,type mean + shrunk perk residuals + shrunk pair residual + Fox profile governance
3184457502,Folded Root,Rocket Launcher,Legendary,generated-core,"960810156,2396489472",89,65,E,availability-unverified,type mean + shrunk perk residuals + shrunk pair residual + Fox profile governance
3184457502,Folded Root,Rocket Launcher,Legendary,generated-core,"960810156,2458213969",86,64,E,availability-unverified,type mean + shrunk perk residuals + shrunk pair residual + Fox profile governance
3184457502,Folded Root,Rocket Launcher,Legendary,generated-fallback,,69,53,E,availability-unverified,type prior minus fallback margin + Fox profile governance
3184457503,Folded Root,Rocket Launcher,Legendary,generated-core,"1421772400,2396489472",98,53,E,availability-unverified,type mean + shrunk perk residuals + shrunk pair residual + Fox profile governance
3184457503,Folded Root,Rocket Launcher,Legendary,generated-core,"1421772400,1439600632",98,51,E,availability-unverified,type mean + shrunk perk residuals + shrunk pair residual + Fox profile governance
3184457503,Folded Root,Rocket Launcher,Legendary,generated-core,"1421772400,2048641572",98,49,E,availability-unverified,type mean + shrunk perk residuals + shrunk pair residual + Fox profile governance
3184457503,Folded Root,Rocket Launcher,Legendary,generated-core,"960810156,2396489472",89,65,E,availability-unverified,type mean + shrunk perk residuals + shrunk pair residual + Fox profile governance
3184457503,Folded Root,Rocket Launcher,Legendary,generated-core,"960810156,2458213969",86,64,E,availability-unverified,type mean + shrunk perk residuals + shrunk pair residual + Fox profile governance
3184457503,Folded Root,Rocket Launcher,Legendary,generated-fallback,,69,53,E,availability-unverified,type prior minus fallback margin + Fox profile governance
2155534128,Haliaetus,Rocket Launcher,Legendary,generated-core,"3300816228,1089671869",98,58,E,source-indicated,type mean + shrunk perk residuals + shrunk pair residual + Fox profile governance
2155534128,Haliaetus,Rocket Launcher,Legendary,generated-core,"3300816228,1439600632",98,57,E,source-indicated,type mean + shrunk perk residuals + shrunk pair residual + Fox profile governance
2155534128,Haliaetus,Rocket Launcher,Legendary,generated-core,"968510818,1089671869",98,56,E,source-indicated,type mean + shrunk perk residuals + shrunk pair residual + Fox profile governance
2155534128,Haliaetus,Rocket Launcher,Legendary,generated-core,"951095735,1546142478",76,76,E,source-indicated,type mean + shrunk perk residuals + shrunk pair residual + Fox profile governance
2155534128,Haliaetus,Rocket Launcher,Legendary,generated-core,"951095735,1888882410",76,76,E,source-indicated,type mean + shrunk perk residuals + shrunk pair residual + Fox profile governance
2155534128,Haliaetus,Rocket Launcher,Legendary,generated-fallback,,69,53,E,source-indicated,type prior minus fallback margin + Fox profile governance
3067821200,Heretic,Rocket Launcher,Legendary,generated-core,"2869569095,1683379515",92,57,E,source-indicated,type mean + shrunk perk residuals + shrunk pair residual + Fox profile governance
3067821200,Heretic,Rocket Launcher,Legendary,generated-core,"3096702027,1683379515",90,62,E,source-indicated,type mean + shrunk perk residuals + shrunk pair residual + Fox profile governance
3067821200,Heretic,Rocket Launcher,Legendary,generated-core,"3523296417,1683379515",90,60,E,source-indicated,type mean + shrunk perk residuals + shrunk pair residual + Fox profile governance
3067821200,Heretic,Rocket Launcher,Legendary,generated-core,"2846385770,1015611457",62,90,E,source-indicated,type mean + shrunk perk residuals + shrunk pair residual + Fox profile governance
3067821200,Heretic,Rocket Launcher,Legendary,generated-core,"951095735,1015611457",68,84,E,source-indicated,type mean + shrunk perk residuals + shrunk pair residual + Fox profile governance
3067821200,Heretic,Rocket Launcher,Legendary,generated-fallback,,69,53,E,source-indicated,type prior minus fallback margin + Fox profile governance
4224667951,Heretic's Fervor,Rocket Launcher,Legendary,generated-core,"3300816228,1439600632",98,57,E,source-indicated,type mean + shrunk perk residuals + shrunk pair residual + Fox profile governance
4224667951,Heretic's Fervor,Rocket Launcher,Legendary,generated-core,"1955165503,1439600632",97,53,E,source-indicated,type mean + shrunk perk residuals + shrunk pair residual + Fox profile governance
4224667951,Heretic's Fervor,Rocket Launcher,Legendary,generated-core,"3300816228,2978966579",95,74,E,source-indicated,type mean + shrunk perk residuals + shrunk pair residual + Fox profile governance
4224667951,Heretic's Fervor,Rocket Launcher,Legendary,generated-core,"3977735242,3194351027",70,84,E,source-indicated,type mean + shrunk perk residuals + shrunk pair residual + Fox profile governance
4224667951,Heretic's Fervor,Rocket Launcher,Legendary,generated-core,"3977735242,2978966579",69,83,E,source-indicated,type mean + shrunk perk residuals + shrunk pair residual + Fox profile governance
4224667951,Heretic's Fervor,Rocket Launcher,Legendary,generated-fallback,,69,53,E,source-indicated,type prior minus fallback margin + Fox profile governance
4050645223,Hezen Vengeance,Rocket Launcher,Legendary,generated-core,"3300816228,3523296417",92,63,E,source-indicated,type mean + shrunk perk residuals + shrunk pair residual + Fox profile governance
4050645223,Hezen Vengeance,Rocket Launcher,Legendary,generated-core,"3643424744,3927722942",92,60,E,source-indicated,type mean + shrunk perk residuals + shrunk pair residual + Fox profile governance
4050645223,Hezen Vengeance,Rocket Launcher,Legendary,generated-core,"3643424744,3592538738",92,58,E,source-indicated,type mean + shrunk perk residuals + shrunk pair residual + Fox profile governance
4050645223,Hezen Vengeance,Rocket Launcher,Legendary,generated-core,"951095735,1546637391",67,83,E,source-indicated,type mean + shrunk perk residuals + shrunk pair residual + Fox profile governance
4050645223,Hezen Vengeance,Rocket Launcher,Legendary,generated-core,"951095735,2726471870",70,81,E,source-indicated,type mean + shrunk perk residuals + shrunk pair residual + Fox profile governance
4050645223,Hezen Vengeance,Rocket Launcher,Legendary,generated-fallback,,69,53,E,source-indicated,type prior minus fallback margin + Fox profile governance
1921159786,Hezen Vengeance (Timelost),Rocket Launcher,Legendary,generated-core,"3300816228,3523296417",92,63,E,source-indicated,type mean + shrunk perk residuals + shrunk pair residual + Fox profile governance
1921159786,Hezen Vengeance (Timelost),Rocket Launcher,Legendary,generated-core,"3643424744,3927722942",92,60,E,source-indicated,type mean + shrunk perk residuals + shrunk pair residual + Fox profile governance
1921159786,Hezen Vengeance (Timelost),Rocket Launcher,Legendary,generated-core,"3643424744,3592538738",92,58,E,source-indicated,type mean + shrunk perk residuals + shrunk pair residual + Fox profile governance
1921159786,Hezen Vengeance (Timelost),Rocket Launcher,Legendary,generated-core,"951095735,1546637391",67,83,E,source-indicated,type mean + shrunk perk residuals + shrunk pair residual + Fox profile governance
1921159786,Hezen Vengeance (Timelost),Rocket Launcher,Legendary,generated-core,"951095735,2726471870",70,81,E,source-indicated,type mean + shrunk perk residuals + shrunk pair residual + Fox profile governance
1921159786,Hezen Vengeance (Timelost),Rocket Launcher,Legendary,generated-fallback,,69,53,E,source-indicated,type prior minus fallback margin + Fox profile governance
3669616453,Hoosegow,Rocket Launcher,Legendary,generated-core,"3300816228,3523296417",92,63,E,source-indicated,type mean + shrunk perk residuals + shrunk pair residual + Fox profile governance
3669616453,Hoosegow,Rocket Launcher,Legendary,generated-core,"3300816228,706527188",91,68,E,source-indicated,type mean + shrunk perk residuals + shrunk pair residual + Fox profile governance
3669616453,Hoosegow,Rocket Launcher,Legendary,generated-core,"3300816228,1275731761",89,67,E,source-indicated,type mean + shrunk perk residuals + shrunk pair residual + Fox profile governance
3669616453,Hoosegow,Rocket Launcher,Legendary,generated-core,"3977735242,1015611457",68,84,E,source-indicated,type mean + shrunk perk residuals + shrunk pair residual + Fox profile governance
3669616453,Hoosegow,Rocket Launcher,Legendary,generated-core,"3977735242,2846385770",68,84,E,source-indicated,type mean + shrunk perk residuals + shrunk pair residual + Fox profile governance
3669616453,Hoosegow,Rocket Launcher,Legendary,generated-fallback,,69,53,E,source-indicated,type prior minus fallback margin + Fox profile governance
2817798849,Hoosegow XE5837,Rocket Launcher,Legendary,generated-core,"3300816228,706527188",91,68,E,source-indicated,type mean + shrunk perk residuals + shrunk pair residual + Fox profile governance
2817798849,Hoosegow XE5837,Rocket Launcher,Legendary,generated-core,"3300816228,2010801679",90,62,E,source-indicated,type mean + shrunk perk residuals + shrunk pair residual + Fox profile governance
2817798849,Hoosegow XE5837,Rocket Launcher,Legendary,generated-core,"3300816228,1275731761",89,67,E,source-indicated,type mean + shrunk perk residuals + shrunk pair residual + Fox profile governance
2817798849,Hoosegow XE5837,Rocket Launcher,Legendary,generated-core,"2846385770,1015611457",62,90,E,source-indicated,type mean + shrunk perk residuals + shrunk pair residual + Fox profile governance
2817798849,Hoosegow XE5837,Rocket Launcher,Legendary,generated-core,"706527188,1015611457",77,78,E,source-indicated,type mean + shrunk perk residuals + shrunk pair residual + Fox profile governance
2817798849,Hoosegow XE5837,Rocket Launcher,Legendary,generated-fallback,,69,53,E,source-indicated,type prior minus fallback margin + Fox profile governance
474671201,Micromort,Rocket Launcher,Legendary,generated-core,"1523832109,3078487919",98,54,E,source-indicated,type mean + shrunk perk residuals + shrunk pair residual + Fox profile governance
474671201,Micromort,Rocket Launcher,Legendary,generated-core,"3987942396,2396489472",98,53,E,source-indicated,type mean + shrunk perk residuals + shrunk pair residual + Fox profile governance
474671201,Micromort,Rocket Launcher,Legendary,generated-core,"1523832109,1439600632",98,52,E,source-indicated,type mean + shrunk perk residuals + shrunk pair residual + Fox profile governance
474671201,Micromort,Rocket Launcher,Legendary,generated-core,"951095735,1546142478",76,76,E,source-indicated,type mean + shrunk perk residuals + shrunk pair residual + Fox profile governance
474671201,Micromort,Rocket Launcher,Legendary,generated-core,"951095735,2396489472",81,71,E,source-indicated,type mean + shrunk perk residuals + shrunk pair residual + Fox profile governance
474671201,Micromort,Rocket Launcher,Legendary,generated-fallback,,69,53,E,source-indicated,type prior minus fallback margin + Fox profile governance
602331464,Micromort,Rocket Launcher,Legendary,generated-core,"1523832109,3078487919",98,54,E,availability-unverified,type mean + shrunk perk residuals + shrunk pair residual + Fox profile governance
602331464,Micromort,Rocket Launcher,Legendary,generated-core,"3987942396,2396489472",98,53,E,availability-unverified,type mean + shrunk perk residuals + shrunk pair residual + Fox profile governance
602331464,Micromort,Rocket Launcher,Legendary,generated-core,"1523832109,1439600632",98,52,E,availability-unverified,type mean + shrunk perk residuals + shrunk pair residual + Fox profile governance
602331464,Micromort,Rocket Launcher,Legendary,generated-core,"951095735,1546142478",76,76,E,availability-unverified,type mean + shrunk perk residuals + shrunk pair residual + Fox profile governance
602331464,Micromort,Rocket Launcher,Legendary,generated-core,"951095735,2396489472",81,71,E,availability-unverified,type mean + shrunk perk residuals + shrunk pair residual + Fox profile governance
602331464,Micromort,Rocket Launcher,Legendary,generated-fallback,,69,53,E,availability-unverified,type prior minus fallback margin + Fox profile governance
602331465,Micromort,Rocket Launcher,Legendary,generated-core,"1523832109,3078487919",98,54,E,availability-unverified,type mean + shrunk perk residuals + shrunk pair residual + Fox profile governance
602331465,Micromort,Rocket Launcher,Legendary,generated-core,"3987942396,2396489472",98,53,E,availability-unverified,type mean + shrunk perk residuals + shrunk pair residual + Fox profile governance
602331465,Micromort,Rocket Launcher,Legendary,generated-core,"1523832109,1439600632",98,52,E,availability-unverified,type mean + shrunk perk residuals + shrunk pair residual + Fox profile governance
602331465,Micromort,Rocket Launcher,Legendary,generated-core,"951095735,1546142478",76,76,E,availability-unverified,type mean + shrunk perk residuals + shrunk pair residual + Fox profile governance
602331465,Micromort,Rocket Launcher,Legendary,generated-core,"951095735,2396489472",81,71,E,availability-unverified,type mean + shrunk perk residuals + shrunk pair residual + Fox profile governance
602331465,Micromort,Rocket Launcher,Legendary,generated-fallback,,69,53,E,availability-unverified,type prior minus fallback margin + Fox profile governance
602331466,Micromort,Rocket Launcher,Legendary,generated-core,"1523832109,3078487919",98,54,E,availability-unverified,type mean + shrunk perk residuals + shrunk pair residual + Fox profile governance
602331466,Micromort,Rocket Launcher,Legendary,generated-core,"3987942396,2396489472",98,53,E,availability-unverified,type mean + shrunk perk residuals + shrunk pair residual + Fox profile governance
602331466,Micromort,Rocket Launcher,Legendary,generated-core,"1523832109,1439600632",98,52,E,availability-unverified,type mean + shrunk perk residuals + shrunk pair residual + Fox profile governance
602331466,Micromort,Rocket Launcher,Legendary,generated-core,"951095735,1546142478",76,76,E,availability-unverified,type mean + shrunk perk residuals + shrunk pair residual + Fox profile governance
602331466,Micromort,Rocket Launcher,Legendary,generated-core,"951095735,2396489472",81,71,E,availability-unverified,type mean + shrunk perk residuals + shrunk pair residual + Fox profile governance
602331466,Micromort,Rocket Launcher,Legendary,generated-fallback,,69,53,E,availability-unverified,type prior minus fallback margin + Fox profile governance
602331467,Micromort,Rocket Launcher,Legendary,generated-core,"1523832109,3078487919",98,54,E,availability-unverified,type mean + shrunk perk residuals + shrunk pair residual + Fox profile governance
602331467,Micromort,Rocket Launcher,Legendary,generated-core,"3987942396,2396489472",98,53,E,availability-unverified,type mean + shrunk perk residuals + shrunk pair residual + Fox profile governance
602331467,Micromort,Rocket Launcher,Legendary,generated-core,"1523832109,1439600632",98,52,E,availability-unverified,type mean + shrunk perk residuals + shrunk pair residual + Fox profile governance
602331467,Micromort,Rocket Launcher,Legendary,generated-core,"951095735,1546142478",76,76,E,availability-unverified,type mean + shrunk perk residuals + shrunk pair residual + Fox profile governance
602331467,Micromort,Rocket Launcher,Legendary,generated-core,"951095735,2396489472",81,71,E,availability-unverified,type mean + shrunk perk residuals + shrunk pair residual + Fox profile governance
602331467,Micromort,Rocket Launcher,Legendary,generated-fallback,,69,53,E,availability-unverified,type prior minus fallback margin + Fox profile governance
1529450902,Mos Epoch III,Rocket Launcher,Legendary,generated-core,"3300816228,1683379515",94,61,E,source-indicated,type mean + shrunk perk residuals + shrunk pair residual + Fox profile governance
1529450902,Mos Epoch III,Rocket Launcher,Legendary,generated-core,"3300816228,706527188",91,68,E,source-indicated,type mean + shrunk perk residuals + shrunk pair residual + Fox profile governance
1529450902,Mos Epoch III,Rocket Launcher,Legendary,generated-core,"3096702027,1683379515",90,62,E,source-indicated,type mean + shrunk perk residuals + shrunk pair residual + Fox profile governance
1529450902,Mos Epoch III,Rocket Launcher,Legendary,generated-core,"2846385770,1015611457",62,90,E,source-indicated,type mean + shrunk perk residuals + shrunk pair residual + Fox profile governance
1529450902,Mos Epoch III,Rocket Launcher,Legendary,generated-core,"588594999,1015611457",68,84,E,source-indicated,type mean + shrunk perk residuals + shrunk pair residual + Fox profile governance
1529450902,Mos Epoch III,Rocket Launcher,Legendary,generated-fallback,,69,53,E,source-indicated,type prior minus fallback margin + Fox profile governance
1289324202,Pyroclastic Flow,Rocket Launcher,Legendary,generated-core,"706527188,3300816228",91,68,E,source-indicated,type mean + shrunk perk residuals + shrunk pair residual + Fox profile governance
1289324202,Pyroclastic Flow,Rocket Launcher,Legendary,generated-core,"2010801679,3300816228",90,62,E,source-indicated,type mean + shrunk perk residuals + shrunk pair residual + Fox profile governance
1289324202,Pyroclastic Flow,Rocket Launcher,Legendary,generated-core,"205890336,3300816228",89,67,E,source-indicated,type mean + shrunk perk residuals + shrunk pair residual + Fox profile governance
1289324202,Pyroclastic Flow,Rocket Launcher,Legendary,generated-core,"706527188,588594999",77,78,E,source-indicated,type mean + shrunk perk residuals + shrunk pair residual + Fox profile governance
1289324202,Pyroclastic Flow,Rocket Launcher,Legendary,generated-core,"205890336,588594999",76,76,E,source-indicated,type mean + shrunk perk residuals + shrunk pair residual + Fox profile governance
1289324202,Pyroclastic Flow,Rocket Launcher,Legendary,generated-fallback,,69,53,E,source-indicated,type prior minus fallback margin + Fox profile governance
308332265,Roar of the Bear,Rocket Launcher,Legendary,generated-core,"2869569095,3300816228",92,62,E,source-indicated,type mean + shrunk perk residuals + shrunk pair residual + Fox profile governance
308332265,Roar of the Bear,Rocket Launcher,Legendary,generated-core,"2869569095,706527188",88,64,E,source-indicated,type mean + shrunk perk residuals + shrunk pair residual + Fox profile governance
308332265,Roar of the Bear,Rocket Launcher,Legendary,generated-core,"957782887,3300816228",86,68,E,source-indicated,type mean + shrunk perk residuals + shrunk pair residual + Fox profile governance
308332265,Roar of the Bear,Rocket Launcher,Legendary,generated-core,"3977735242,1015611457",68,84,E,source-indicated,type mean + shrunk perk residuals + shrunk pair residual + Fox profile governance
308332265,Roar of the Bear,Rocket Launcher,Legendary,generated-core,"3977735242,2846385770",68,84,E,source-indicated,type mean + shrunk perk residuals + shrunk pair residual + Fox profile governance
308332265,Roar of the Bear,Rocket Launcher,Legendary,generated-fallback,,69,53,E,source-indicated,type prior minus fallback margin + Fox profile governance
2231910050,Roar of the Bear,Rocket Launcher,Legendary,generated-core,"2869569095,4293542123",97,53,E,source-indicated,type mean + shrunk perk residuals + shrunk pair residual + Fox profile governance
2231910050,Roar of the Bear,Rocket Launcher,Legendary,generated-core,"3523296417,4293542123",97,53,E,source-indicated,type mean + shrunk perk residuals + shrunk pair residual + Fox profile governance
2231910050,Roar of the Bear,Rocket Launcher,Legendary,generated-core,"2869569095,2396489472",96,53,E,source-indicated,type mean + shrunk perk residuals + shrunk pair residual + Fox profile governance
2231910050,Roar of the Bear,Rocket Launcher,Legendary,generated-core,"951095735,1546637391",67,83,E,source-indicated,type mean + shrunk perk residuals + shrunk pair residual + Fox profile governance
2231910050,Roar of the Bear,Rocket Launcher,Legendary,generated-core,"3977735242,1275731761",70,81,E,source-indicated,type mean + shrunk perk residuals + shrunk pair residual + Fox profile governance
2231910050,Roar of the Bear,Rocket Launcher,Legendary,generated-fallback,,69,53,E,source-indicated,type prior minus fallback margin + Fox profile governance
4009352833,Roar of the Bear,Rocket Launcher,Legendary,generated-core,"2869569095,4293542123",97,53,E,availability-unverified,type mean + shrunk perk residuals + shrunk pair residual + Fox profile governance
4009352833,Roar of the Bear,Rocket Launcher,Legendary,generated-core,"3523296417,4293542123",97,53,E,availability-unverified,type mean + shrunk perk residuals + shrunk pair residual + Fox profile governance
4009352833,Roar of the Bear,Rocket Launcher,Legendary,generated-core,"2869569095,2396489472",96,53,E,availability-unverified,type mean + shrunk perk residuals + shrunk pair residual + Fox profile governance
4009352833,Roar of the Bear,Rocket Launcher,Legendary,generated-core,"951095735,1546637391",67,83,E,availability-unverified,type mean + shrunk perk residuals + shrunk pair residual + Fox profile governance
4009352833,Roar of the Bear,Rocket Launcher,Legendary,generated-core,"3977735242,1275731761",70,81,E,availability-unverified,type mean + shrunk perk residuals + shrunk pair residual + Fox profile governance
4009352833,Roar of the Bear,Rocket Launcher,Legendary,generated-fallback,,69,53,E,availability-unverified,type prior minus fallback margin + Fox profile governance
136525518,Shining Sphere,Rocket Launcher,Legendary,generated-core,"3300816228,3523296417",92,63,E,source-indicated,type mean + shrunk perk residuals + shrunk pair residual + Fox profile governance
136525518,Shining Sphere,Rocket Launcher,Legendary,generated-core,"3300816228,706527188",91,68,E,source-indicated,type mean + shrunk perk residuals + shrunk pair residual + Fox profile governance
136525518,Shining Sphere,Rocket Launcher,Legendary,generated-core,"3300816228,2010801679",90,62,E,source-indicated,type mean + shrunk perk residuals + shrunk pair residual + Fox profile governance
136525518,Shining Sphere,Rocket Launcher,Legendary,generated-core,"2846385770,3977735242",68,84,E,source-indicated,type mean + shrunk perk residuals + shrunk pair residual + Fox profile governance
136525518,Shining Sphere,Rocket Launcher,Legendary,generated-core,"2846385770,706527188",77,78,E,source-indicated,type mean + shrunk perk residuals + shrunk pair residual + Fox profile governance
136525518,Shining Sphere,Rocket Launcher,Legendary,generated-fallback,,69,53,E,source-indicated,type prior minus fallback margin + Fox profile governance
3691881271,Sins of the Past,Rocket Launcher,Legendary,generated-core,2010801679,85,63,E,source-indicated,type mean + shrunk perk residuals + shrunk pair residual + Fox profile governance
3691881271,Sins of the Past,Rocket Launcher,Legendary,generated-core,1275731761,83,68,E,source-indicated,type mean + shrunk perk residuals + shrunk pair residual + Fox profile governance
3691881271,Sins of the Past,Rocket Launcher,Legendary,generated-fallback,,69,53,E,source-indicated,type prior minus fallback margin + Fox profile governance
1738552769,Sleepless,Rocket Launcher,Legendary,generated-core,"3300816228,2396489472",98,59,E,source-indicated,type mean + shrunk perk residuals + shrunk pair residual + Fox profile governance
1738552769,Sleepless,Rocket Launcher,Legendary,generated-core,"3300816228,654512643",98,58,E,source-indicated,type mean + shrunk perk residuals + shrunk pair residual + Fox profile governance
1738552769,Sleepless,Rocket Launcher,Legendary,generated-core,"3300816228,1089671869",98,58,E,source-indicated,type mean + shrunk perk residuals + shrunk pair residual + Fox profile governance
1738552769,Sleepless,Rocket Launcher,Legendary,generated-core,"951095735,2428997981",76,76,E,source-indicated,type mean + shrunk perk residuals + shrunk pair residual + Fox profile governance
1738552769,Sleepless,Rocket Launcher,Legendary,generated-core,"3977735242,2396489472",76,76,E,source-indicated,type mean + shrunk perk residuals + shrunk pair residual + Fox profile governance
1738552769,Sleepless,Rocket Launcher,Legendary,generated-fallback,,69,53,E,source-indicated,type prior minus fallback margin + Fox profile governance
2140635451,Sleepless,Rocket Launcher,Legendary,generated-core,"3300816228,243981275",98,59,E,source-indicated,type mean + shrunk perk residuals + shrunk pair residual + Fox profile governance
2140635451,Sleepless,Rocket Launcher,Legendary,generated-core,"3300816228,2396489472",98,59,E,source-indicated,type mean + shrunk perk residuals + shrunk pair residual + Fox profile governance
2140635451,Sleepless,Rocket Launcher,Legendary,generated-core,"3300816228,1439600632",98,57,E,source-indicated,type mean + shrunk perk residuals + shrunk pair residual + Fox profile governance
2140635451,Sleepless,Rocket Launcher,Legendary,generated-core,"3977735242,2396489472",76,76,E,source-indicated,type mean + shrunk perk residuals + shrunk pair residual + Fox profile governance
2140635451,Sleepless,Rocket Launcher,Legendary,generated-core,"3977735242,2428997981",76,76,E,source-indicated,type mean + shrunk perk residuals + shrunk pair residual + Fox profile governance
2140635451,Sleepless,Rocket Launcher,Legendary,generated-fallback,,69,53,E,source-indicated,type prior minus fallback margin + Fox profile governance
42351395,Subzero Salvo,Rocket Launcher,Legendary,generated-core,"706527188,2396489472",91,64,E,source-indicated,type mean + shrunk perk residuals + shrunk pair residual + Fox profile governance
42351395,Subzero Salvo,Rocket Launcher,Legendary,generated-core,"205890336,2396489472",90,62,E,source-indicated,type mean + shrunk perk residuals + shrunk pair residual + Fox profile governance
42351395,Subzero Salvo,Rocket Launcher,Legendary,generated-core,"2010801679,2396489472",90,58,E,source-indicated,type mean + shrunk perk residuals + shrunk pair residual + Fox profile governance
42351395,Subzero Salvo,Rocket Launcher,Legendary,generated-core,"588594999,957782887",66,83,E,source-indicated,type mean + shrunk perk residuals + shrunk pair residual + Fox profile governance
42351395,Subzero Salvo,Rocket Launcher,Legendary,generated-core,"588594999,3108830275",68,82,E,source-indicated,type mean + shrunk perk residuals + shrunk pair residual + Fox profile governance
42351395,Subzero Salvo,Rocket Launcher,Legendary,generated-fallback,,69,53,E,source-indicated,type prior minus fallback margin + Fox profile governance
4255171531,The Hothead,Rocket Launcher,Legendary,generated-core,"3300816228,3194351027",93,66,E,source-indicated,type mean + shrunk perk residuals + shrunk pair residual + Fox profile governance
4255171531,The Hothead,Rocket Launcher,Legendary,generated-core,"3300816228,2284787283",93,61,E,source-indicated,type mean + shrunk perk residuals + shrunk pair residual + Fox profile governance
4255171531,The Hothead,Rocket Launcher,Legendary,generated-core,"2869569095,2284787283",91,57,E,source-indicated,type mean + shrunk perk residuals + shrunk pair residual + Fox profile governance
4255171531,The Hothead,Rocket Launcher,Legendary,generated-core,"951095735,3194351027",74,84,E,source-indicated,type mean + shrunk perk residuals + shrunk pair residual + Fox profile governance
4255171531,The Hothead,Rocket Launcher,Legendary,generated-core,"3977735242,3194351027",70,84,E,source-indicated,type mean + shrunk perk residuals + shrunk pair residual + Fox profile governance
4255171531,The Hothead,Rocket Launcher,Legendary,generated-fallback,,69,53,E,source-indicated,type prior minus fallback margin + Fox profile governance
958384347,Tomorrow's Answer,Rocket Launcher,Legendary,generated-core,"3300816228,2396489472",98,59,E,source-indicated,type mean + shrunk perk residuals + shrunk pair residual + Fox profile governance
958384347,Tomorrow's Answer,Rocket Launcher,Legendary,generated-core,"2869569095,2396489472",96,53,E,source-indicated,type mean + shrunk perk residuals + shrunk pair residual + Fox profile governance
958384347,Tomorrow's Answer,Rocket Launcher,Legendary,generated-core,"3300816228,1683379515",94,61,E,source-indicated,type mean + shrunk perk residuals + shrunk pair residual + Fox profile governance
958384347,Tomorrow's Answer,Rocket Launcher,Legendary,generated-core,"588594999,4071163871",68,83,E,source-indicated,type mean + shrunk perk residuals + shrunk pair residual + Fox profile governance
958384347,Tomorrow's Answer,Rocket Launcher,Legendary,generated-core,"951095735,4071163871",68,83,E,source-indicated,type mean + shrunk perk residuals + shrunk pair residual + Fox profile governance
958384347,Tomorrow's Answer,Rocket Launcher,Legendary,generated-fallback,,69,53,E,source-indicated,type prior minus fallback margin + Fox profile governance
1940352487,Tomorrow's Answer,Rocket Launcher,Legendary,generated-core,"968510818,1439600632",98,55,E,source-indicated,type mean + shrunk perk residuals + shrunk pair residual + Fox profile governance
1940352487,Tomorrow's Answer,Rocket Launcher,Legendary,generated-core,"1421772400,3078487919",98,55,E,source-indicated,type mean + shrunk perk residuals + shrunk pair residual + Fox profile governance
1940352487,Tomorrow's Answer,Rocket Launcher,Legendary,generated-core,"968510818,2396489472",98,54,E,source-indicated,type mean + shrunk perk residuals + shrunk pair residual + Fox profile governance
1940352487,Tomorrow's Answer,Rocket Launcher,Legendary,generated-core,"951095735,3194351027",74,84,E,source-indicated,type mean + shrunk perk residuals + shrunk pair residual + Fox profile governance
1940352487,Tomorrow's Answer,Rocket Launcher,Legendary,generated-core,"3977735242,3194351027",70,84,E,source-indicated,type mean + shrunk perk residuals + shrunk pair residual + Fox profile governance
1940352487,Tomorrow's Answer,Rocket Launcher,Legendary,generated-fallback,,69,53,E,source-indicated,type prior minus fallback margin + Fox profile governance
3009199534,Tomorrow's Answer,Rocket Launcher,Legendary,generated-core,"968510818,1439600632",98,55,E,source-indicated,type mean + shrunk perk residuals + shrunk pair residual + Fox profile governance
3009199534,Tomorrow's Answer,Rocket Launcher,Legendary,generated-core,"1421772400,3078487919",98,55,E,source-indicated,type mean + shrunk perk residuals + shrunk pair residual + Fox profile governance
3009199534,Tomorrow's Answer,Rocket Launcher,Legendary,generated-core,"968510818,2396489472",98,54,E,source-indicated,type mean + shrunk perk residuals + shrunk pair residual + Fox profile governance
3009199534,Tomorrow's Answer,Rocket Launcher,Legendary,generated-core,"951095735,3194351027",74,84,E,source-indicated,type mean + shrunk perk residuals + shrunk pair residual + Fox profile governance
3009199534,Tomorrow's Answer,Rocket Launcher,Legendary,generated-core,"3977735242,3194351027",70,84,E,source-indicated,type mean + shrunk perk residuals + shrunk pair residual + Fox profile governance
3009199534,Tomorrow's Answer,Rocket Launcher,Legendary,generated-fallback,,69,53,E,source-indicated,type prior minus fallback margin + Fox profile governance
303107619,Tomorrow's Answer (Adept),Rocket Launcher,Legendary,generated-core,"968510818,1439600632",98,55,E,source-indicated,type mean + shrunk perk residuals + shrunk pair residual + Fox profile governance
303107619,Tomorrow's Answer (Adept),Rocket Launcher,Legendary,generated-core,"1421772400,3078487919",98,55,E,source-indicated,type mean + shrunk perk residuals + shrunk pair residual + Fox profile governance
303107619,Tomorrow's Answer (Adept),Rocket Launcher,Legendary,generated-core,"968510818,2396489472",98,54,E,source-indicated,type mean + shrunk perk residuals + shrunk pair residual + Fox profile governance
303107619,Tomorrow's Answer (Adept),Rocket Launcher,Legendary,generated-core,"951095735,3194351027",74,84,E,source-indicated,type mean + shrunk perk residuals + shrunk pair residual + Fox profile governance
303107619,Tomorrow's Answer (Adept),Rocket Launcher,Legendary,generated-core,"3977735242,3194351027",70,84,E,source-indicated,type mean + shrunk perk residuals + shrunk pair residual + Fox profile governance
303107619,Tomorrow's Answer (Adept),Rocket Launcher,Legendary,generated-fallback,,69,53,E,source-indicated,type prior minus fallback margin + Fox profile governance
1366917989,Tomorrow's Answer (Adept),Rocket Launcher,Legendary,generated-core,"3300816228,2396489472",98,59,E,source-indicated,type mean + shrunk perk residuals + shrunk pair residual + Fox profile governance
1366917989,Tomorrow's Answer (Adept),Rocket Launcher,Legendary,generated-core,"2869569095,2396489472",96,53,E,source-indicated,type mean + shrunk perk residuals + shrunk pair residual + Fox profile governance
1366917989,Tomorrow's Answer (Adept),Rocket Launcher,Legendary,generated-core,"3300816228,1683379515",94,61,E,source-indicated,type mean + shrunk perk residuals + shrunk pair residual + Fox profile governance
1366917989,Tomorrow's Answer (Adept),Rocket Launcher,Legendary,generated-core,"588594999,4071163871",68,83,E,source-indicated,type mean + shrunk perk residuals + shrunk pair residual + Fox profile governance
1366917989,Tomorrow's Answer (Adept),Rocket Launcher,Legendary,generated-core,"951095735,4071163871",68,83,E,source-indicated,type mean + shrunk perk residuals + shrunk pair residual + Fox profile governance
1366917989,Tomorrow's Answer (Adept),Rocket Launcher,Legendary,generated-fallback,,69,53,E,source-indicated,type prior minus fallback margin + Fox profile governance
3776129137,Zenobia-D,Rocket Launcher,Legendary,generated-core,"3300816228,706527188",91,68,E,source-indicated,type mean + shrunk perk residuals + shrunk pair residual + Fox profile governance
3776129137,Zenobia-D,Rocket Launcher,Legendary,generated-core,"3300816228,2010801679",90,62,E,source-indicated,type mean + shrunk perk residuals + shrunk pair residual + Fox profile governance
3776129137,Zenobia-D,Rocket Launcher,Legendary,generated-core,"3300816228,1275731761",89,67,E,source-indicated,type mean + shrunk perk residuals + shrunk pair residual + Fox profile governance
3776129137,Zenobia-D,Rocket Launcher,Legendary,generated-core,"2846385770,1015611457",62,90,E,source-indicated,type mean + shrunk perk residuals + shrunk pair residual + Fox profile governance
3776129137,Zenobia-D,Rocket Launcher,Legendary,generated-core,"706527188,1015611457",77,78,E,source-indicated,type mean + shrunk perk residuals + shrunk pair residual + Fox profile governance
3776129137,Zenobia-D,Rocket Launcher,Legendary,generated-fallback,,69,53,E,source-indicated,type prior minus fallback margin + Fox profile governance
3156551029,Admetus-D,Scout Rifle,Legendary,generated-core,"3017780555,4293542123",98,50,E,source-indicated,type mean + shrunk perk residuals + shrunk pair residual + Fox profile governance
3156551029,Admetus-D,Scout Rifle,Legendary,generated-core,"3017780555,1089671869",95,58,E,source-indicated,type mean + shrunk perk residuals + shrunk pair residual + Fox profile governance
3156551029,Admetus-D,Scout Rifle,Legendary,generated-core,"3017780555,555281244",93,65,E,source-indicated,type mean + shrunk perk residuals + shrunk pair residual + Fox profile governance
3156551029,Admetus-D,Scout Rifle,Legendary,generated-core,"2579169598,1015611457",60,92,E,source-indicated,type mean + shrunk perk residuals + shrunk pair residual + Fox profile governance
3156551029,Admetus-D,Scout Rifle,Legendary,generated-core,"2579169598,1194056669",60,92,E,source-indicated,type mean + shrunk perk residuals + shrunk pair residual + Fox profile governance
3156551029,Admetus-D,Scout Rifle,Legendary,generated-fallback,,68,56,E,source-indicated,type prior minus fallback margin + Fox profile governance
3245493570,Aisha's Embrace (Adept),Scout Rifle,Legendary,generated-core,"3700496672,4049631843",98,48,E,source-indicated,type mean + shrunk perk residuals + shrunk pair residual + Fox profile governance
3245493570,Aisha's Embrace (Adept),Scout Rifle,Legendary,generated-core,"3700496672,1354429876",96,56,E,source-indicated,type mean + shrunk perk residuals + shrunk pair residual + Fox profile governance
3245493570,Aisha's Embrace (Adept),Scout Rifle,Legendary,generated-core,"3700496672,2896038713",93,58,E,source-indicated,type mean + shrunk perk residuals + shrunk pair residual + Fox profile governance
3245493570,Aisha's Embrace (Adept),Scout Rifle,Legendary,generated-core,"1428297954,699525795",66,86,E,source-indicated,type mean + shrunk perk residuals + shrunk pair residual + Fox profile governance
3245493570,Aisha's Embrace (Adept),Scout Rifle,Legendary,generated-core,"1428297954,3673922083",66,86,E,source-indicated,type mean + shrunk perk residuals + shrunk pair residual + Fox profile governance
3245493570,Aisha's Embrace (Adept),Scout Rifle,Legendary,generated-fallback,,68,56,E,source-indicated,type prior minus fallback margin + Fox profile governance
525750263,Black Scorpion-4sr,Scout Rifle,Legendary,generated-core,"3300816228,2848615171",91,65,E,source-indicated,type mean + shrunk perk residuals + shrunk pair residual + Fox profile governance
525750263,Black Scorpion-4sr,Scout Rifle,Legendary,generated-core,"3038247973,2848615171",91,60,E,source-indicated,type mean + shrunk perk residuals + shrunk pair residual + Fox profile governance
525750263,Black Scorpion-4sr,Scout Rifle,Legendary,generated-core,"3300816228,3425386926",90,68,E,source-indicated,type mean + shrunk perk residuals + shrunk pair residual + Fox profile governance
525750263,Black Scorpion-4sr,Scout Rifle,Legendary,generated-core,"588594999,47981717",60,92,E,source-indicated,type mean + shrunk perk residuals + shrunk pair residual + Fox profile governance
525750263,Black Scorpion-4sr,Scout Rifle,Legendary,generated-core,"588594999,2846385770",66,86,E,source-indicated,type mean + shrunk perk residuals + shrunk pair residual + Fox profile governance
525750263,Black Scorpion-4sr,Scout Rifle,Legendary,generated-fallback,,68,56,E,source-indicated,type prior minus fallback margin + Fox profile governance
2338088853,Calusea Noblesse,Scout Rifle,Legendary,generated-core,"1820235745,2848615171",94,56,E,source-indicated,type mean + shrunk perk residuals + shrunk pair residual + Fox profile governance
2338088853,Calusea Noblesse,Scout Rifle,Legendary,generated-core,"1354429876,2848615171",92,59,E,source-indicated,type mean + shrunk perk residuals + shrunk pair residual + Fox profile governance
2338088853,Calusea Noblesse,Scout Rifle,Legendary,generated-core,"1354429876,3425386926",91,62,E,source-indicated,type mean + shrunk perk residuals + shrunk pair residual + Fox profile governance
2338088853,Calusea Noblesse,Scout Rifle,Legendary,generated-core,"588594999,2846385770",66,86,E,source-indicated,type mean + shrunk perk residuals + shrunk pair residual + Fox profile governance
2338088853,Calusea Noblesse,Scout Rifle,Legendary,generated-core,"2387244414,2846385770",66,86,E,source-indicated,type mean + shrunk perk residuals + shrunk pair residual + Fox profile governance
2338088853,Calusea Noblesse,Scout Rifle,Legendary,generated-fallback,,68,56,E,source-indicated,type prior minus fallback margin + Fox profile governance
3906942101,Conspirator,Scout Rifle,Legendary,generated-core,4267945040,82,70,E,source-indicated,type mean + shrunk perk residuals + shrunk pair residual + Fox profile governance
3906942101,Conspirator,Scout Rifle,Legendary,generated-core,2010801679,82,66,E,source-indicated,type mean + shrunk perk residuals + shrunk pair residual + Fox profile governance
3906942101,Conspirator,Scout Rifle,Legendary,generated-fallback,,68,56,E,source-indicated,type prior minus fallback margin + Fox profile governance
2034817450,Distant Relation,Scout Rifle,Legendary,generated-core,"3300816228,2848615171",91,65,E,source-indicated,type mean + shrunk perk residuals + shrunk pair residual + Fox profile governance
2034817450,Distant Relation,Scout Rifle,Legendary,generated-core,"3300816228,3038247973",90,65,E,source-indicated,type mean + shrunk perk residuals + shrunk pair residual + Fox profile governance
2034817450,Distant Relation,Scout Rifle,Legendary,generated-core,"3400784728,3038247973",90,60,E,source-indicated,type mean + shrunk perk residuals + shrunk pair residual + Fox profile governance
2034817450,Distant Relation,Scout Rifle,Legendary,generated-core,"2387244414,47981717",66,86,E,source-indicated,type mean + shrunk perk residuals + shrunk pair residual + Fox profile governance
2034817450,Distant Relation,Scout Rifle,Legendary,generated-core,"2387244414,588594999",66,86,E,source-indicated,type mean + shrunk perk residuals + shrunk pair residual + Fox profile governance
2034817450,Distant Relation,Scout Rifle,Legendary,generated-fallback,,68,56,E,source-indicated,type prior minus fallback margin + Fox profile governance
2278995296,Does Not Compute,Scout Rifle,Legendary,generated-core,"3300816228,3425386926",90,68,E,source-indicated,type mean + shrunk perk residuals + shrunk pair residual + Fox profile governance
2278995296,Does Not Compute,Scout Rifle,Legendary,generated-core,"3300816228,3038247973",90,65,E,source-indicated,type mean + shrunk perk residuals + shrunk pair residual + Fox profile governance
2278995296,Does Not Compute,Scout Rifle,Legendary,generated-core,"3300816228,1168162263",90,62,E,source-indicated,type mean + shrunk perk residuals + shrunk pair residual + Fox profile governance
2278995296,Does Not Compute,Scout Rifle,Legendary,generated-core,"588594999,47981717",60,92,E,source-indicated,type mean + shrunk perk residuals + shrunk pair residual + Fox profile governance
2278995296,Does Not Compute,Scout Rifle,Legendary,generated-core,"1866048759,1015611457",60,92,E,source-indicated,type mean + shrunk perk residuals + shrunk pair residual + Fox profile governance
2278995296,Does Not Compute,Scout Rifle,Legendary,generated-fallback,,68,56,E,source-indicated,type prior minus fallback margin + Fox profile governance
1197073834,Forced Memorializer,Scout Rifle,Legendary,generated-core,"3038247973,3891536761",98,52,E,source-indicated,type mean + shrunk perk residuals + shrunk pair residual + Fox profile governance
1197073834,Forced Memorializer,Scout Rifle,Legendary,generated-core,"3700496672,3891536761",98,51,E,source-indicated,type mean + shrunk perk residuals + shrunk pair residual + Fox profile governance
1197073834,Forced Memorializer,Scout Rifle,Legendary,generated-core,"3700496672,1202584452",98,49,E,source-indicated,type mean + shrunk perk residuals + shrunk pair residual + Fox profile governance
1197073834,Forced Memorializer,Scout Rifle,Legendary,generated-core,"2579169598,3938834702",60,92,E,source-indicated,type mean + shrunk perk residuals + shrunk pair residual + Fox profile governance
1197073834,Forced Memorializer,Scout Rifle,Legendary,generated-core,"247725512,3938834702",66,84,E,source-indicated,type mean + shrunk perk residuals + shrunk pair residual + Fox profile governance
1197073834,Forced Memorializer,Scout Rifle,Legendary,generated-fallback,,68,56,E,source-indicated,type prior minus fallback margin + Fox profile governance
3156551028,Glissando-47,Scout Rifle,Legendary,generated-core,"1523832109,3751912585",98,59,E,source-indicated,type mean + shrunk perk residuals + shrunk pair residual + Fox profile governance
3156551028,Glissando-47,Scout Rifle,Legendary,generated-core,"3978468247,3751912585",98,56,E,source-indicated,type mean + shrunk perk residuals + shrunk pair residual + Fox profile governance
3156551028,Glissando-47,Scout Rifle,Legendary,generated-core,"3643424744,3751912585",97,60,E,source-indicated,type mean + shrunk perk residuals + shrunk pair residual + Fox profile governance
3156551028,Glissando-47,Scout Rifle,Legendary,generated-core,"3619207468,47981717",67,92,E,source-indicated,type mean + shrunk perk residuals + shrunk pair residual + Fox profile governance
3156551028,Glissando-47,Scout Rifle,Legendary,generated-core,"2866798147,47981717",63,88,E,source-indicated,type mean + shrunk perk residuals + shrunk pair residual + Fox profile governance
3156551028,Glissando-47,Scout Rifle,Legendary,generated-fallback,,68,56,E,source-indicated,type prior minus fallback margin + Fox profile governance
4281371574,Hung Jury SR4,Scout Rifle,Legendary,generated-core,"1820235745,3824105627",92,57,E,availability-unverified,type mean + shrunk perk residuals + shrunk pair residual + Fox profile governance
4281371574,Hung Jury SR4,Scout Rifle,Legendary,generated-core,"1570042021,3824105627",90,65,E,availability-unverified,type mean + shrunk perk residuals + shrunk pair residual + Fox profile governance
4281371574,Hung Jury SR4,Scout Rifle,Legendary,generated-core,"1820235745,4049631843",90,55,E,availability-unverified,type mean + shrunk perk residuals + shrunk pair residual + Fox profile governance
4281371574,Hung Jury SR4,Scout Rifle,Legendary,generated-core,"247725512,2551157718",62,87,E,availability-unverified,type mean + shrunk perk residuals + shrunk pair residual + Fox profile governance
4281371574,Hung Jury SR4,Scout Rifle,Legendary,generated-core,"588594999,2213355989",66,86,E,availability-unverified,type mean + shrunk perk residuals + shrunk pair residual + Fox profile governance
4281371574,Hung Jury SR4,Scout Rifle,Legendary,generated-fallback,,68,56,E,availability-unverified,type prior minus fallback margin + Fox profile governance
681067419,Hung Jury SR4 (Adept),Scout Rifle,Legendary,generated-core,"1820235745,3824105627",92,57,E,availability-unverified,type mean + shrunk perk residuals + shrunk pair residual + Fox profile governance
681067419,Hung Jury SR4 (Adept),Scout Rifle,Legendary,generated-core,"1570042021,3824105627",90,65,E,availability-unverified,type mean + shrunk perk residuals + shrunk pair residual + Fox profile governance
681067419,Hung Jury SR4 (Adept),Scout Rifle,Legendary,generated-core,"1820235745,4049631843",90,55,E,availability-unverified,type mean + shrunk perk residuals + shrunk pair residual + Fox profile governance
681067419,Hung Jury SR4 (Adept),Scout Rifle,Legendary,generated-core,"247725512,2551157718",62,87,E,availability-unverified,type mean + shrunk perk residuals + shrunk pair residual + Fox profile governance
681067419,Hung Jury SR4 (Adept),Scout Rifle,Legendary,generated-core,"588594999,2213355989",66,86,E,availability-unverified,type mean + shrunk perk residuals + shrunk pair residual + Fox profile governance
681067419,Hung Jury SR4 (Adept),Scout Rifle,Legendary,generated-fallback,,68,56,E,availability-unverified,type prior minus fallback margin + Fox profile governance
2314999489,Imperative,Scout Rifle,Legendary,generated-core,"3400784728,3038247973",90,60,E,source-indicated,type mean + shrunk perk residuals + shrunk pair residual + Fox profile governance
2314999489,Imperative,Scout Rifle,Legendary,generated-core,"1820235745,3425386926",89,63,E,source-indicated,type mean + shrunk perk residuals + shrunk pair residual + Fox profile governance
2314999489,Imperative,Scout Rifle,Legendary,generated-core,"1168162263,3425386926",89,62,E,source-indicated,type mean + shrunk perk residuals + shrunk pair residual + Fox profile governance
2314999489,Imperative,Scout Rifle,Legendary,generated-core,"588594999,47981717",60,92,E,source-indicated,type mean + shrunk perk residuals + shrunk pair residual + Fox profile governance
2314999489,Imperative,Scout Rifle,Legendary,generated-core,"699525795,47981717",60,90,E,source-indicated,type mean + shrunk perk residuals + shrunk pair residual + Fox profile governance
2314999489,Imperative,Scout Rifle,Legendary,generated-fallback,,68,56,E,source-indicated,type prior minus fallback margin + Fox profile governance
4090134063,Jurisprudent,Scout Rifle,Legendary,generated-core,"1955165503,124408337",98,49,E,source-indicated,type mean + shrunk perk residuals + shrunk pair residual + Fox profile governance
4090134063,Jurisprudent,Scout Rifle,Legendary,generated-core,"1955165503,3038247973",91,59,E,source-indicated,type mean + shrunk perk residuals + shrunk pair residual + Fox profile governance
4090134063,Jurisprudent,Scout Rifle,Legendary,generated-core,"1955165503,2896038713",89,59,E,source-indicated,type mean + shrunk perk residuals + shrunk pair residual + Fox profile governance
4090134063,Jurisprudent,Scout Rifle,Legendary,generated-core,"2579169598,2866798147",69,82,E,source-indicated,type mean + shrunk perk residuals + shrunk pair residual + Fox profile governance
4090134063,Jurisprudent,Scout Rifle,Legendary,generated-core,"2579169598,438098033",67,82,E,source-indicated,type mean + shrunk perk residuals + shrunk pair residual + Fox profile governance
4090134063,Jurisprudent,Scout Rifle,Legendary,generated-fallback,,68,56,E,source-indicated,type prior minus fallback margin + Fox profile governance
3708636616,Last Rite,Scout Rifle,Legendary,generated-core,"3700496672,3038247973",98,52,E,source-indicated,type mean + shrunk perk residuals + shrunk pair residual + Fox profile governance
3708636616,Last Rite,Scout Rifle,Legendary,generated-core,"2289534249,3824105627",98,50,E,source-indicated,type mean + shrunk perk residuals + shrunk pair residual + Fox profile governance
3708636616,Last Rite,Scout Rifle,Legendary,generated-core,"1517798362,3824105627",98,49,E,source-indicated,type mean + shrunk perk residuals + shrunk pair residual + Fox profile governance
3708636616,Last Rite,Scout Rifle,Legendary,generated-core,"3619207468,47981717",67,92,E,source-indicated,type mean + shrunk perk residuals + shrunk pair residual + Fox profile governance
3708636616,Last Rite,Scout Rifle,Legendary,generated-core,"1866048759,2416023159",60,92,E,source-indicated,type mean + shrunk perk residuals + shrunk pair residual + Fox profile governance
3708636616,Last Rite,Scout Rifle,Legendary,generated-fallback,,68,56,E,source-indicated,type prior minus fallback margin + Fox profile governance
3156551031,Live Fire,Scout Rifle,Legendary,generated-core,"1421772400,3700496672",98,56,E,source-indicated,type mean + shrunk perk residuals + shrunk pair residual + Fox profile governance
3156551031,Live Fire,Scout Rifle,Legendary,generated-core,"1955165503,124408337",98,49,E,source-indicated,type mean + shrunk perk residuals + shrunk pair residual + Fox profile governance
3156551031,Live Fire,Scout Rifle,Legendary,generated-core,"1955165503,3700496672",96,55,E,source-indicated,type mean + shrunk perk residuals + shrunk pair residual + Fox profile governance
3156551031,Live Fire,Scout Rifle,Legendary,generated-core,"2272927194,2416023159",66,86,E,source-indicated,type mean + shrunk perk residuals + shrunk pair residual + Fox profile governance
3156551031,Live Fire,Scout Rifle,Legendary,generated-core,"2272927194,3938834702",66,86,E,source-indicated,type mean + shrunk perk residuals + shrunk pair residual + Fox profile governance
3156551031,Live Fire,Scout Rifle,Legendary,generated-fallback,,68,56,E,source-indicated,type prior minus fallback margin + Fox profile governance
3418719964,Long Arm,Scout Rifle,Legendary,generated-core,"3218042543,654512643",98,53,E,source-indicated,type mean + shrunk perk residuals + shrunk pair residual + Fox profile governance
3418719964,Long Arm,Scout Rifle,Legendary,generated-core,"3218042543,3640170453",97,52,E,source-indicated,type mean + shrunk perk residuals + shrunk pair residual + Fox profile governance
3418719964,Long Arm,Scout Rifle,Legendary,generated-core,"1511100135,3640170453",96,63,E,source-indicated,type mean + shrunk perk residuals + shrunk pair residual + Fox profile governance
3418719964,Long Arm,Scout Rifle,Legendary,generated-core,"1866048759,555281244",70,88,E,source-indicated,type mean + shrunk perk residuals + shrunk pair residual + Fox profile governance
3418719964,Long Arm,Scout Rifle,Legendary,generated-core,"247725512,555281244",70,86,E,source-indicated,type mean + shrunk perk residuals + shrunk pair residual + Fox profile governance
3418719964,Long Arm,Scout Rifle,Legendary,generated-fallback,,68,56,E,source-indicated,type prior minus fallback margin + Fox profile governance
3425561386,Motion to Compel,Scout Rifle,Legendary,generated-core,588594999,74,78,E,source-indicated,type mean + shrunk perk residuals + shrunk pair residual + Fox profile governance
3425561386,Motion to Compel,Scout Rifle,Legendary,generated-core,3161816588,74,78,E,source-indicated,type mean + shrunk perk residuals + shrunk pair residual + Fox profile governance
3425561386,Motion to Compel,Scout Rifle,Legendary,generated-fallback,,68,56,E,source-indicated,type prior minus fallback margin + Fox profile governance
3040742682,Nameless Midnight,Scout Rifle,Legendary,generated-core,"3300816228,3425386926",90,68,E,source-indicated,type mean + shrunk perk residuals + shrunk pair residual + Fox profile governance
3040742682,Nameless Midnight,Scout Rifle,Legendary,generated-core,"3300816228,3038247973",90,65,E,source-indicated,type mean + shrunk perk residuals + shrunk pair residual + Fox profile governance
3040742682,Nameless Midnight,Scout Rifle,Legendary,generated-core,"3300816228,1168162263",90,62,E,source-indicated,type mean + shrunk perk residuals + shrunk pair residual + Fox profile governance
3040742682,Nameless Midnight,Scout Rifle,Legendary,generated-core,"588594999,47981717",60,92,E,source-indicated,type mean + shrunk perk residuals + shrunk pair residual + Fox profile governance
3040742682,Nameless Midnight,Scout Rifle,Legendary,generated-core,"1866048759,1015611457",60,92,E,source-indicated,type mean + shrunk perk residuals + shrunk pair residual + Fox profile governance
3040742682,Nameless Midnight,Scout Rifle,Legendary,generated-fallback,,68,56,E,source-indicated,type prior minus fallback margin + Fox profile governance
3470514298,Nameless Midnight,Scout Rifle,Legendary,generated-core,"3400784728,1226351311",98,55,E,availability-unverified,type mean + shrunk perk residuals + shrunk pair residual + Fox profile governance
3470514298,Nameless Midnight,Scout Rifle,Legendary,generated-core,"3700496672,1226351311",98,54,E,availability-unverified,type mean + shrunk perk residuals + shrunk pair residual + Fox profile governance
3470514298,Nameless Midnight,Scout Rifle,Legendary,generated-core,"1354429876,1226351311",98,52,E,availability-unverified,type mean + shrunk perk residuals + shrunk pair residual + Fox profile governance
3470514298,Nameless Midnight,Scout Rifle,Legendary,generated-core,"2387244414,460017080",60,92,E,availability-unverified,type mean + shrunk perk residuals + shrunk pair residual + Fox profile governance
3470514298,Nameless Midnight,Scout Rifle,Legendary,generated-core,"2387244414,1015611457",60,92,E,availability-unverified,type mean + shrunk perk residuals + shrunk pair residual + Fox profile governance
3470514298,Nameless Midnight,Scout Rifle,Legendary,generated-fallback,,68,56,E,availability-unverified,type prior minus fallback margin + Fox profile governance
1350102270,Niflheim Frost,Scout Rifle,Legendary,generated-core,47981717,74,78,E,source-indicated,type mean + shrunk perk residuals + shrunk pair residual + Fox profile governance
1350102270,Niflheim Frost,Scout Rifle,Legendary,generated-core,1015611457,74,78,E,source-indicated,type mean + shrunk perk residuals + shrunk pair residual + Fox profile governance
1350102270,Niflheim Frost,Scout Rifle,Legendary,generated-fallback,,68,56,E,source-indicated,type prior minus fallback margin + Fox profile governance
2916547559,Night Watch,Scout Rifle,Legendary,generated-core,"1820235745,3425386926",89,63,E,source-indicated,type mean + shrunk perk residuals + shrunk pair residual + Fox profile governance
2916547559,Night Watch,Scout Rifle,Legendary,generated-core,"1168162263,3425386926",89,62,E,source-indicated,type mean + shrunk perk residuals + shrunk pair residual + Fox profile governance
2916547559,Night Watch,Scout Rifle,Legendary,generated-core,"1820235745,3038247973",89,61,E,source-indicated,type mean + shrunk perk residuals + shrunk pair residual + Fox profile governance
2916547559,Night Watch,Scout Rifle,Legendary,generated-core,"4071163871,588594999",66,86,E,source-indicated,type mean + shrunk perk residuals + shrunk pair residual + Fox profile governance
2916547559,Night Watch,Scout Rifle,Legendary,generated-core,"957782887,588594999",64,86,E,source-indicated,type mean + shrunk perk residuals + shrunk pair residual + Fox profile governance
2916547559,Night Watch,Scout Rifle,Legendary,generated-fallback,,68,56,E,source-indicated,type prior minus fallback margin + Fox profile governance
3504336176,Night Watch,Scout Rifle,Legendary,generated-core,"3643424744,3425386926",95,71,E,source-indicated,type mean + shrunk perk residuals + shrunk pair residual + Fox profile governance
3504336176,Night Watch,Scout Rifle,Legendary,generated-core,"3643424744,3038247973",91,63,E,source-indicated,type mean + shrunk perk residuals + shrunk pair residual + Fox profile governance
3504336176,Night Watch,Scout Rifle,Legendary,generated-core,"1820235745,3425386926",89,63,E,source-indicated,type mean + shrunk perk residuals + shrunk pair residual + Fox profile governance
3504336176,Night Watch,Scout Rifle,Legendary,generated-core,"4071163871,588594999",66,86,E,source-indicated,type mean + shrunk perk residuals + shrunk pair residual + Fox profile governance
3504336176,Night Watch,Scout Rifle,Legendary,generated-core,"957782887,588594999",64,86,E,source-indicated,type mean + shrunk perk residuals + shrunk pair residual + Fox profile governance
3504336176,Night Watch,Scout Rifle,Legendary,generated-fallback,,68,56,E,source-indicated,type prior minus fallback margin + Fox profile governance
2723241847,Patron of Lost Causes,Scout Rifle,Legendary,generated-core,"1631667848,3038247973",90,58,E,source-indicated,type mean + shrunk perk residuals + shrunk pair residual + Fox profile governance
2723241847,Patron of Lost Causes,Scout Rifle,Legendary,generated-core,"2869569095,3038247973",88,62,E,source-indicated,type mean + shrunk perk residuals + shrunk pair residual + Fox profile governance
2723241847,Patron of Lost Causes,Scout Rifle,Legendary,generated-core,"1631667848,1774574192",86,62,E,source-indicated,type mean + shrunk perk residuals + shrunk pair residual + Fox profile governance
2723241847,Patron of Lost Causes,Scout Rifle,Legendary,generated-core,"247725512,1645158859",66,84,E,source-indicated,type mean + shrunk perk residuals + shrunk pair residual + Fox profile governance
2723241847,Patron of Lost Causes,Scout Rifle,Legendary,generated-core,"247725512,47981717",61,83,E,source-indicated,type mean + shrunk perk residuals + shrunk pair residual + Fox profile governance
2723241847,Patron of Lost Causes,Scout Rifle,Legendary,generated-fallback,,68,56,E,source-indicated,type prior minus fallback margin + Fox profile governance
3156551030,Patron of Lost Causes,Scout Rifle,Legendary,generated-core,"3978468247,555281244",95,64,E,source-indicated,type mean + shrunk perk residuals + shrunk pair residual + Fox profile governance
3156551030,Patron of Lost Causes,Scout Rifle,Legendary,generated-core,"3978468247,3891536761",95,56,E,source-indicated,type mean + shrunk perk residuals + shrunk pair residual + Fox profile governance
3156551030,Patron of Lost Causes,Scout Rifle,Legendary,generated-core,"3978468247,3038247973",92,60,E,source-indicated,type mean + shrunk perk residuals + shrunk pair residual + Fox profile governance
3156551030,Patron of Lost Causes,Scout Rifle,Legendary,generated-core,"247725512,555281244",70,86,E,source-indicated,type mean + shrunk perk residuals + shrunk pair residual + Fox profile governance
3156551030,Patron of Lost Causes,Scout Rifle,Legendary,generated-core,"3938834702,555281244",76,82,E,source-indicated,type mean + shrunk perk residuals + shrunk pair residual + Fox profile governance
3156551030,Patron of Lost Causes,Scout Rifle,Legendary,generated-fallback,,68,56,E,source-indicated,type prior minus fallback margin + Fox profile governance
2516360525,Purpose,Scout Rifle,Legendary,generated-core,1866048759,74,78,E,source-indicated,type mean + shrunk perk residuals + shrunk pair residual + Fox profile governance
2516360525,Purpose,Scout Rifle,Legendary,generated-core,3161816588,74,78,E,source-indicated,type mean + shrunk perk residuals + shrunk pair residual + Fox profile governance
2516360525,Purpose,Scout Rifle,Legendary,generated-fallback,,68,56,E,source-indicated,type prior minus fallback margin + Fox profile governance
3535742959,Randy's Throwing Knife,Scout Rifle,Legendary,generated-core,"957782887,1015611457",70,80,E,source-indicated,type mean + shrunk perk residuals + shrunk pair residual + Fox profile governance
3535742959,Randy's Throwing Knife,Scout Rifle,Legendary,generated-core,"957782887,2387244414",70,80,E,source-indicated,type mean + shrunk perk residuals + shrunk pair residual + Fox profile governance
3535742959,Randy's Throwing Knife,Scout Rifle,Legendary,generated-core,"247725512,1015611457",60,90,E,source-indicated,type mean + shrunk perk residuals + shrunk pair residual + Fox profile governance
3535742959,Randy's Throwing Knife,Scout Rifle,Legendary,generated-core,"247725512,2387244414",60,90,E,source-indicated,type mean + shrunk perk residuals + shrunk pair residual + Fox profile governance
3535742959,Randy's Throwing Knife,Scout Rifle,Legendary,generated-fallback,,68,56,E,source-indicated,type prior minus fallback margin + Fox profile governance
3975115486,Randy's Throwing Knife,Scout Rifle,Legendary,generated-core,"1870851715,3751912585",89,65,E,availability-unverified,type mean + shrunk perk residuals + shrunk pair residual + Fox profile governance
3975115486,Randy's Throwing Knife,Scout Rifle,Legendary,generated-core,"1870851715,3891536761",89,62,E,availability-unverified,type mean + shrunk perk residuals + shrunk pair residual + Fox profile governance
3975115486,Randy's Throwing Knife,Scout Rifle,Legendary,generated-core,"1870851715,3824105627",88,63,E,availability-unverified,type mean + shrunk perk residuals + shrunk pair residual + Fox profile governance
3975115486,Randy's Throwing Knife,Scout Rifle,Legendary,generated-core,"1428297954,1015611457",60,92,E,availability-unverified,type mean + shrunk perk residuals + shrunk pair residual + Fox profile governance
3975115486,Randy's Throwing Knife,Scout Rifle,Legendary,generated-core,"2387244414,1015611457",60,92,E,availability-unverified,type mean + shrunk perk residuals + shrunk pair residual + Fox profile governance
3975115486,Randy's Throwing Knife,Scout Rifle,Legendary,generated-fallback,,68,56,E,availability-unverified,type prior minus fallback margin + Fox profile governance
4176824345,Randy's Throwing Knife,Scout Rifle,Legendary,generated-core,"1870851715,3751912585",89,65,E,source-indicated,type mean + shrunk perk residuals + shrunk pair residual + Fox profile governance
4176824345,Randy's Throwing Knife,Scout Rifle,Legendary,generated-core,"1870851715,3891536761",89,62,E,source-indicated,type mean + shrunk perk residuals + shrunk pair residual + Fox profile governance
4176824345,Randy's Throwing Knife,Scout Rifle,Legendary,generated-core,"1870851715,3824105627",88,63,E,source-indicated,type mean + shrunk perk residuals + shrunk pair residual + Fox profile governance
4176824345,Randy's Throwing Knife,Scout Rifle,Legendary,generated-core,"1428297954,1015611457",60,92,E,source-indicated,type mean + shrunk perk residuals + shrunk pair residual + Fox profile governance
4176824345,Randy's Throwing Knife,Scout Rifle,Legendary,generated-core,"2387244414,1015611457",60,92,E,source-indicated,type mean + shrunk perk residuals + shrunk pair residual + Fox profile governance
4176824345,Randy's Throwing Knife,Scout Rifle,Legendary,generated-fallback,,68,56,E,source-indicated,type prior minus fallback margin + Fox profile governance
3423493037,Red Tape,Scout Rifle,Legendary,generated-core,"1955165503,124408337",98,49,E,source-indicated,type mean + shrunk perk residuals + shrunk pair residual + Fox profile governance
3423493037,Red Tape,Scout Rifle,Legendary,generated-core,"243981275,124408337",97,52,E,source-indicated,type mean + shrunk perk residuals + shrunk pair residual + Fox profile governance
3423493037,Red Tape,Scout Rifle,Legendary,generated-core,"3523296417,4049631843",94,58,E,source-indicated,type mean + shrunk perk residuals + shrunk pair residual + Fox profile governance
3423493037,Red Tape,Scout Rifle,Legendary,generated-core,"1194056669,2213355989",66,86,E,source-indicated,type mean + shrunk perk residuals + shrunk pair residual + Fox profile governance
3423493037,Red Tape,Scout Rifle,Legendary,generated-core,"2579169598,2213355989",66,86,E,source-indicated,type mean + shrunk perk residuals + shrunk pair residual + Fox profile governance
3423493037,Red Tape,Scout Rifle,Legendary,generated-fallback,,68,56,E,source-indicated,type prior minus fallback margin + Fox profile governance
1674692344,Sublimation,Scout Rifle,Legendary,generated-core,"3700496672,3038247973",98,52,E,source-indicated,type mean + shrunk perk residuals + shrunk pair residual + Fox profile governance
1674692344,Sublimation,Scout Rifle,Legendary,generated-core,"3700496672,2173046394",98,51,E,source-indicated,type mean + shrunk perk residuals + shrunk pair residual + Fox profile governance
1674692344,Sublimation,Scout Rifle,Legendary,generated-core,"2360347339,2173046394",97,55,E,source-indicated,type mean + shrunk perk residuals + shrunk pair residual + Fox profile governance
1674692344,Sublimation,Scout Rifle,Legendary,generated-core,"588594999,3673922083",60,92,E,source-indicated,type mean + shrunk perk residuals + shrunk pair residual + Fox profile governance
1674692344,Sublimation,Scout Rifle,Legendary,generated-core,"247725512,555281244",70,86,E,source-indicated,type mean + shrunk perk residuals + shrunk pair residual + Fox profile governance
1674692344,Sublimation,Scout Rifle,Legendary,generated-fallback,,68,56,E,source-indicated,type prior minus fallback margin + Fox profile governance
20025671,Tango-45 XK5094,Scout Rifle,Legendary,generated-core,"3300816228,2848615171",91,65,E,source-indicated,type mean + shrunk perk residuals + shrunk pair residual + Fox profile governance
20025671,Tango-45 XK5094,Scout Rifle,Legendary,generated-core,"3038247973,2848615171",91,60,E,source-indicated,type mean + shrunk perk residuals + shrunk pair residual + Fox profile governance
20025671,Tango-45 XK5094,Scout Rifle,Legendary,generated-core,"3300816228,3425386926",90,68,E,source-indicated,type mean + shrunk perk residuals + shrunk pair residual + Fox profile governance
20025671,Tango-45 XK5094,Scout Rifle,Legendary,generated-core,"588594999,47981717",60,92,E,source-indicated,type mean + shrunk perk residuals + shrunk pair residual + Fox profile governance
20025671,Tango-45 XK5094,Scout Rifle,Legendary,generated-core,"588594999,2846385770",66,86,E,source-indicated,type mean + shrunk perk residuals + shrunk pair residual + Fox profile governance
20025671,Tango-45 XK5094,Scout Rifle,Legendary,generated-fallback,,68,56,E,source-indicated,type prior minus fallback margin + Fox profile governance
2595813005,Taraxippos,Scout Rifle,Legendary,generated-core,"1354429876,555281244",95,63,E,source-indicated,type mean + shrunk perk residuals + shrunk pair residual + Fox profile governance
2595813005,Taraxippos,Scout Rifle,Legendary,generated-core,"1354429876,960997401",94,56,E,source-indicated,type mean + shrunk perk residuals + shrunk pair residual + Fox profile governance
2595813005,Taraxippos,Scout Rifle,Legendary,generated-core,"1354429876,831391274",93,56,E,source-indicated,type mean + shrunk perk residuals + shrunk pair residual + Fox profile governance
2595813005,Taraxippos,Scout Rifle,Legendary,generated-core,"2579169598,699525795",62,92,E,source-indicated,type mean + shrunk perk residuals + shrunk pair residual + Fox profile governance
2595813005,Taraxippos,Scout Rifle,Legendary,generated-core,"2387244414,1015611457",60,92,E,source-indicated,type mean + shrunk perk residuals + shrunk pair residual + Fox profile governance
2595813005,Taraxippos,Scout Rifle,Legendary,generated-fallback,,68,56,E,source-indicated,type prior minus fallback margin + Fox profile governance
3007479950,Taraxippos,Scout Rifle,Legendary,generated-core,"1354429876,555281244",95,63,E,source-indicated,type mean + shrunk perk residuals + shrunk pair residual + Fox profile governance
3007479950,Taraxippos,Scout Rifle,Legendary,generated-core,"1354429876,3751912585",95,58,E,source-indicated,type mean + shrunk perk residuals + shrunk pair residual + Fox profile governance
3007479950,Taraxippos,Scout Rifle,Legendary,generated-core,"1354429876,831391274",93,56,E,source-indicated,type mean + shrunk perk residuals + shrunk pair residual + Fox profile governance
3007479950,Taraxippos,Scout Rifle,Legendary,generated-core,"2387244414,1015611457",60,92,E,source-indicated,type mean + shrunk perk residuals + shrunk pair residual + Fox profile governance
3007479950,Taraxippos,Scout Rifle,Legendary,generated-core,"3619207468,1015611457",60,92,E,source-indicated,type mean + shrunk perk residuals + shrunk pair residual + Fox profile governance
3007479950,Taraxippos,Scout Rifle,Legendary,generated-fallback,,68,56,E,source-indicated,type prior minus fallback margin + Fox profile governance
4148460558,Taraxippos,Scout Rifle,Legendary,generated-core,"1354429876,555281244",95,63,E,availability-unverified,type mean + shrunk perk residuals + shrunk pair residual + Fox profile governance
4148460558,Taraxippos,Scout Rifle,Legendary,generated-core,"1354429876,960997401",94,56,E,availability-unverified,type mean + shrunk perk residuals + shrunk pair residual + Fox profile governance
4148460558,Taraxippos,Scout Rifle,Legendary,generated-core,"1354429876,831391274",93,56,E,availability-unverified,type mean + shrunk perk residuals + shrunk pair residual + Fox profile governance
4148460558,Taraxippos,Scout Rifle,Legendary,generated-core,"2579169598,699525795",62,92,E,availability-unverified,type mean + shrunk perk residuals + shrunk pair residual + Fox profile governance
4148460558,Taraxippos,Scout Rifle,Legendary,generated-core,"2387244414,1015611457",60,92,E,availability-unverified,type mean + shrunk perk residuals + shrunk pair residual + Fox profile governance
4148460558,Taraxippos,Scout Rifle,Legendary,generated-fallback,,68,56,E,availability-unverified,type prior minus fallback margin + Fox profile governance
3501969491,The Cut and Run,Scout Rifle,Legendary,generated-core,"3300816228,2848615171",91,65,E,source-indicated,type mean + shrunk perk residuals + shrunk pair residual + Fox profile governance
3501969491,The Cut and Run,Scout Rifle,Legendary,generated-core,"3300816228,3425386926",90,68,E,source-indicated,type mean + shrunk perk residuals + shrunk pair residual + Fox profile governance
3501969491,The Cut and Run,Scout Rifle,Legendary,generated-core,"3300816228,3400784728",90,65,E,source-indicated,type mean + shrunk perk residuals + shrunk pair residual + Fox profile governance
3501969491,The Cut and Run,Scout Rifle,Legendary,generated-core,"47981717,2387244414",66,86,E,source-indicated,type mean + shrunk perk residuals + shrunk pair residual + Fox profile governance
3501969491,The Cut and Run,Scout Rifle,Legendary,generated-core,"588594999,2387244414",66,86,E,source-indicated,type mean + shrunk perk residuals + shrunk pair residual + Fox profile governance
3501969491,The Cut and Run,Scout Rifle,Legendary,generated-fallback,,68,56,E,source-indicated,type prior minus fallback margin + Fox profile governance
1825472717,The End,Scout Rifle,Legendary,generated-core,3300816228,87,69,E,source-indicated,type mean + shrunk perk residuals + shrunk pair residual + Fox profile governance
1825472717,The End,Scout Rifle,Legendary,generated-core,2039302152,74,78,E,source-indicated,type mean + shrunk perk residuals + shrunk pair residual + Fox profile governance
1825472717,The End,Scout Rifle,Legendary,generated-fallback,,68,56,E,source-indicated,type prior minus fallback margin + Fox profile governance
1161561386,The Guiding Sight,Scout Rifle,Legendary,generated-core,"3523296417,3751912585",93,62,E,availability-unverified,type mean + shrunk perk residuals + shrunk pair residual + Fox profile governance
1161561386,The Guiding Sight,Scout Rifle,Legendary,generated-core,"3523296417,831391274",92,58,E,availability-unverified,type mean + shrunk perk residuals + shrunk pair residual + Fox profile governance
1161561386,The Guiding Sight,Scout Rifle,Legendary,generated-core,"2946784966,3751912585",89,65,E,availability-unverified,type mean + shrunk perk residuals + shrunk pair residual + Fox profile governance
1161561386,The Guiding Sight,Scout Rifle,Legendary,generated-core,"1428297954,1015611457",60,92,E,availability-unverified,type mean + shrunk perk residuals + shrunk pair residual + Fox profile governance
1161561386,The Guiding Sight,Scout Rifle,Legendary,generated-core,"588594999,1015611457",66,86,E,availability-unverified,type mean + shrunk perk residuals + shrunk pair residual + Fox profile governance
1161561386,The Guiding Sight,Scout Rifle,Legendary,generated-fallback,,68,56,E,availability-unverified,type prior minus fallback margin + Fox profile governance
3019024381,The Prophet (Adept),Scout Rifle,Legendary,generated-core,"3978468247,3751912585",98,56,E,source-indicated,type mean + shrunk perk residuals + shrunk pair residual + Fox profile governance
3019024381,The Prophet (Adept),Scout Rifle,Legendary,generated-core,"3978468247,555281244",95,64,E,source-indicated,type mean + shrunk perk residuals + shrunk pair residual + Fox profile governance
3019024381,The Prophet (Adept),Scout Rifle,Legendary,generated-core,"3978468247,124408337",94,56,E,source-indicated,type mean + shrunk perk residuals + shrunk pair residual + Fox profile governance
3019024381,The Prophet (Adept),Scout Rifle,Legendary,generated-core,"1866048759,1015611457",60,92,E,source-indicated,type mean + shrunk perk residuals + shrunk pair residual + Fox profile governance
3019024381,The Prophet (Adept),Scout Rifle,Legendary,generated-core,"1866048759,2416023159",60,92,E,source-indicated,type mean + shrunk perk residuals + shrunk pair residual + Fox profile governance
3019024381,The Prophet (Adept),Scout Rifle,Legendary,generated-fallback,,68,56,E,source-indicated,type prior minus fallback margin + Fox profile governance
2478792241,The Scholar,Scout Rifle,Legendary,generated-core,"706527188,1264398905",83,72,E,source-indicated,type mean + shrunk perk residuals + shrunk pair residual + Fox profile governance
2478792241,The Scholar,Scout Rifle,Legendary,generated-core,"205890336,1264398905",82,70,E,source-indicated,type mean + shrunk perk residuals + shrunk pair residual + Fox profile governance
2478792241,The Scholar,Scout Rifle,Legendary,generated-core,"4267945040,1264398905",82,70,E,source-indicated,type mean + shrunk perk residuals + shrunk pair residual + Fox profile governance
2478792241,The Scholar,Scout Rifle,Legendary,generated-core,"47981717,2866798147",63,88,E,source-indicated,type mean + shrunk perk residuals + shrunk pair residual + Fox profile governance
2478792241,The Scholar,Scout Rifle,Legendary,generated-core,"47981717,957782887",64,86,E,source-indicated,type mean + shrunk perk residuals + shrunk pair residual + Fox profile governance
2478792241,The Scholar,Scout Rifle,Legendary,generated-fallback,,68,56,E,source-indicated,type prior minus fallback margin + Fox profile governance
2386979999,The Scholar (Adept),Scout Rifle,Legendary,generated-core,"706527188,1264398905",83,72,E,source-indicated,type mean + shrunk perk residuals + shrunk pair residual + Fox profile governance
2386979999,The Scholar (Adept),Scout Rifle,Legendary,generated-core,"205890336,1264398905",82,70,E,source-indicated,type mean + shrunk perk residuals + shrunk pair residual + Fox profile governance
2386979999,The Scholar (Adept),Scout Rifle,Legendary,generated-core,"4267945040,1264398905",82,70,E,source-indicated,type mean + shrunk perk residuals + shrunk pair residual + Fox profile governance
2386979999,The Scholar (Adept),Scout Rifle,Legendary,generated-core,"47981717,2866798147",63,88,E,source-indicated,type mean + shrunk perk residuals + shrunk pair residual + Fox profile governance
2386979999,The Scholar (Adept),Scout Rifle,Legendary,generated-core,"47981717,957782887",64,86,E,source-indicated,type mean + shrunk perk residuals + shrunk pair residual + Fox profile governance
2386979999,The Scholar (Adept),Scout Rifle,Legendary,generated-fallback,,68,56,E,source-indicated,type prior minus fallback margin + Fox profile governance
3799980700,Transfiguration,Scout Rifle,Legendary,generated-core,"3300816228,3038247973",90,65,E,source-indicated,type mean + shrunk perk residuals + shrunk pair residual + Fox profile governance
3799980700,Transfiguration,Scout Rifle,Legendary,generated-core,"3400784728,3038247973",90,60,E,source-indicated,type mean + shrunk perk residuals + shrunk pair residual + Fox profile governance
3799980700,Transfiguration,Scout Rifle,Legendary,generated-core,"3425386926,3038247973",89,65,E,source-indicated,type mean + shrunk perk residuals + shrunk pair residual + Fox profile governance
3799980700,Transfiguration,Scout Rifle,Legendary,generated-core,"2387244414,1015611457",60,92,E,source-indicated,type mean + shrunk perk residuals + shrunk pair residual + Fox profile governance
3799980700,Transfiguration,Scout Rifle,Legendary,generated-core,"2387244414,47981717",66,86,E,source-indicated,type mean + shrunk perk residuals + shrunk pair residual + Fox profile governance
3799980700,Transfiguration,Scout Rifle,Legendary,generated-fallback,,68,56,E,source-indicated,type prior minus fallback margin + Fox profile governance
3885259140,Transfiguration,Scout Rifle,Legendary,generated-core,"4019266109,3324494224",97,61,E,availability-unverified,type mean + shrunk perk residuals + shrunk pair residual + Fox profile governance
3885259140,Transfiguration,Scout Rifle,Legendary,generated-core,"4019266109,3891536761",97,56,E,availability-unverified,type mean + shrunk perk residuals + shrunk pair residual + Fox profile governance
3885259140,Transfiguration,Scout Rifle,Legendary,generated-core,"4019266109,1202584452",96,56,E,availability-unverified,type mean + shrunk perk residuals + shrunk pair residual + Fox profile governance
3885259140,Transfiguration,Scout Rifle,Legendary,generated-core,"3619207468,47981717",67,92,E,availability-unverified,type mean + shrunk perk residuals + shrunk pair residual + Fox profile governance
3885259140,Transfiguration,Scout Rifle,Legendary,generated-core,"3619207468,1015611457",60,92,E,availability-unverified,type mean + shrunk perk residuals + shrunk pair residual + Fox profile governance
3885259140,Transfiguration,Scout Rifle,Legendary,generated-fallback,,68,56,E,availability-unverified,type prior minus fallback margin + Fox profile governance
690668916,Vision of Confluence (Timelost),Scout Rifle,Legendary,generated-core,"3418782618,3824105627",97,49,E,source-indicated,type mean + shrunk perk residuals + shrunk pair residual + Fox profile governance
690668916,Vision of Confluence (Timelost),Scout Rifle,Legendary,generated-core,"3418782618,1683379515",93,58,E,source-indicated,type mean + shrunk perk residuals + shrunk pair residual + Fox profile governance
690668916,Vision of Confluence (Timelost),Scout Rifle,Legendary,generated-core,"3418782618,4104185692",91,53,E,source-indicated,type mean + shrunk perk residuals + shrunk pair residual + Fox profile governance
690668916,Vision of Confluence (Timelost),Scout Rifle,Legendary,generated-core,"2450788523,1015611457",64,92,E,source-indicated,type mean + shrunk perk residuals + shrunk pair residual + Fox profile governance
690668916,Vision of Confluence (Timelost),Scout Rifle,Legendary,generated-core,"2387244414,1015611457",60,92,E,source-indicated,type mean + shrunk perk residuals + shrunk pair residual + Fox profile governance
690668916,Vision of Confluence (Timelost),Scout Rifle,Legendary,generated-fallback,,68,56,E,source-indicated,type prior minus fallback margin + Fox profile governance
3957603605,Wrong Side of Right,Scout Rifle,Legendary,generated-core,"3300816228,3425386926",90,68,E,source-indicated,type mean + shrunk perk residuals + shrunk pair residual + Fox profile governance
3957603605,Wrong Side of Right,Scout Rifle,Legendary,generated-core,"3300816228,3038247973",90,65,E,source-indicated,type mean + shrunk perk residuals + shrunk pair residual + Fox profile governance
3957603605,Wrong Side of Right,Scout Rifle,Legendary,generated-core,"3300816228,3400784728",90,65,E,source-indicated,type mean + shrunk perk residuals + shrunk pair residual + Fox profile governance
3957603605,Wrong Side of Right,Scout Rifle,Legendary,generated-core,"47981717,4071163871",60,92,E,source-indicated,type mean + shrunk perk residuals + shrunk pair residual + Fox profile governance
3957603605,Wrong Side of Right,Scout Rifle,Legendary,generated-core,"47981717,2387244414",66,86,E,source-indicated,type mean + shrunk perk residuals + shrunk pair residual + Fox profile governance
3957603605,Wrong Side of Right,Scout Rifle,Legendary,generated-fallback,,68,56,E,source-indicated,type prior minus fallback margin + Fox profile governance
1879212552,A Sudden Death,Shotgun,Legendary,generated-core,957782887,76,73,E,source-indicated,type mean + shrunk perk residuals + shrunk pair residual + Fox profile governance
1879212552,A Sudden Death,Shotgun,Legendary,generated-core,3161816588,72,79,E,source-indicated,type mean + shrunk perk residuals + shrunk pair residual + Fox profile governance
1879212552,A Sudden Death,Shotgun,Legendary,generated-fallback,,66,57,E,source-indicated,type prior minus fallback margin + Fox profile governance
2855157553,A Sudden Death,Shotgun,Legendary,generated-core,"1631667848,2679249093",98,51,E,source-indicated,type mean + shrunk perk residuals + shrunk pair residual + Fox profile governance
2855157553,A Sudden Death,Shotgun,Legendary,generated-core,"1631667848,3708227201",93,52,E,source-indicated,type mean + shrunk perk residuals + shrunk pair residual + Fox profile governance
2855157553,A Sudden Death,Shotgun,Legendary,generated-core,"2869569095,2679249093",90,59,E,source-indicated,type mean + shrunk perk residuals + shrunk pair residual + Fox profile governance
2855157553,A Sudden Death,Shotgun,Legendary,generated-core,"3161816588,3511092054",64,83,E,source-indicated,type mean + shrunk perk residuals + shrunk pair residual + Fox profile governance
2855157553,A Sudden Death,Shotgun,Legendary,generated-core,"3436462433,3511092054",64,83,E,source-indicated,type mean + shrunk perk residuals + shrunk pair residual + Fox profile governance
2855157553,A Sudden Death,Shotgun,Legendary,generated-fallback,,66,57,E,source-indicated,type prior minus fallback margin + Fox profile governance
1697682876,Astral Horizon,Shotgun,Legendary,generated-core,"3300816228,2360754333",97,60,E,availability-unverified,type mean + shrunk perk residuals + shrunk pair residual + Fox profile governance
1697682876,Astral Horizon,Shotgun,Legendary,generated-core,"3300816228,2679249093",95,60,E,availability-unverified,type mean + shrunk perk residuals + shrunk pair residual + Fox profile governance
1697682876,Astral Horizon,Shotgun,Legendary,generated-core,"1556840489,2360754333",94,58,E,availability-unverified,type mean + shrunk perk residuals + shrunk pair residual + Fox profile governance
1697682876,Astral Horizon,Shotgun,Legendary,generated-core,"3161816588,47981717",59,93,E,availability-unverified,type mean + shrunk perk residuals + shrunk pair residual + Fox profile governance
1697682876,Astral Horizon,Shotgun,Legendary,generated-core,"4071163871,47981717",58,93,E,availability-unverified,type mean + shrunk perk residuals + shrunk pair residual + Fox profile governance
1697682876,Astral Horizon,Shotgun,Legendary,generated-fallback,,66,57,E,availability-unverified,type prior minus fallback margin + Fox profile governance
2653171213,Astral Horizon,Shotgun,Legendary,generated-core,"691659142,2679249093",92,57,E,source-indicated,type mean + shrunk perk residuals + shrunk pair residual + Fox profile governance
2653171213,Astral Horizon,Shotgun,Legendary,generated-core,"2586829431,2679249093",88,63,E,source-indicated,type mean + shrunk perk residuals + shrunk pair residual + Fox profile governance
2653171213,Astral Horizon,Shotgun,Legendary,generated-core,"972757866,2679249093",88,61,E,source-indicated,type mean + shrunk perk residuals + shrunk pair residual + Fox profile governance
2653171213,Astral Horizon,Shotgun,Legendary,generated-core,"3161816588,47981717",59,93,E,source-indicated,type mean + shrunk perk residuals + shrunk pair residual + Fox profile governance
2653171213,Astral Horizon,Shotgun,Legendary,generated-core,"4071163871,47981717",58,93,E,source-indicated,type mean + shrunk perk residuals + shrunk pair residual + Fox profile governance
2653171213,Astral Horizon,Shotgun,Legendary,generated-fallback,,66,57,E,source-indicated,type prior minus fallback margin + Fox profile governance
532746994,Astral Horizon (Adept),Shotgun,Legendary,generated-core,"3300816228,2360754333",97,60,E,availability-unverified,type mean + shrunk perk residuals + shrunk pair residual + Fox profile governance
532746994,Astral Horizon (Adept),Shotgun,Legendary,generated-core,"3300816228,2679249093",95,60,E,availability-unverified,type mean + shrunk perk residuals + shrunk pair residual + Fox profile governance
532746994,Astral Horizon (Adept),Shotgun,Legendary,generated-core,"1556840489,2360754333",94,58,E,availability-unverified,type mean + shrunk perk residuals + shrunk pair residual + Fox profile governance
532746994,Astral Horizon (Adept),Shotgun,Legendary,generated-core,"3161816588,47981717",59,93,E,availability-unverified,type mean + shrunk perk residuals + shrunk pair residual + Fox profile governance
532746994,Astral Horizon (Adept),Shotgun,Legendary,generated-core,"4071163871,47981717",58,93,E,availability-unverified,type mean + shrunk perk residuals + shrunk pair residual + Fox profile governance
532746994,Astral Horizon (Adept),Shotgun,Legendary,generated-fallback,,66,57,E,availability-unverified,type prior minus fallback margin + Fox profile governance
854379020,Astral Horizon (Adept),Shotgun,Legendary,generated-core,"691659142,2679249093",92,57,E,source-indicated,type mean + shrunk perk residuals + shrunk pair residual + Fox profile governance
854379020,Astral Horizon (Adept),Shotgun,Legendary,generated-core,"2586829431,2679249093",88,63,E,source-indicated,type mean + shrunk perk residuals + shrunk pair residual + Fox profile governance
854379020,Astral Horizon (Adept),Shotgun,Legendary,generated-core,"972757866,2679249093",88,61,E,source-indicated,type mean + shrunk perk residuals + shrunk pair residual + Fox profile governance
854379020,Astral Horizon (Adept),Shotgun,Legendary,generated-core,"3161816588,47981717",59,93,E,source-indicated,type mean + shrunk perk residuals + shrunk pair residual + Fox profile governance
854379020,Astral Horizon (Adept),Shotgun,Legendary,generated-core,"4071163871,47981717",58,93,E,source-indicated,type mean + shrunk perk residuals + shrunk pair residual + Fox profile governance
854379020,Astral Horizon (Adept),Shotgun,Legendary,generated-fallback,,66,57,E,source-indicated,type prior minus fallback margin + Fox profile governance
1327264046,Badlander,Shotgun,Legendary,generated-core,"2869569095,3300816228",87,65,E,source-indicated,type mean + shrunk perk residuals + shrunk pair residual + Fox profile governance
1327264046,Badlander,Shotgun,Legendary,generated-core,"2869569095,3425386926",86,65,E,source-indicated,type mean + shrunk perk residuals + shrunk pair residual + Fox profile governance
1327264046,Badlander,Shotgun,Legendary,generated-core,"2869569095,706527188",84,68,E,source-indicated,type mean + shrunk perk residuals + shrunk pair residual + Fox profile governance
1327264046,Badlander,Shotgun,Legendary,generated-core,"588594999,957782887",62,87,E,source-indicated,type mean + shrunk perk residuals + shrunk pair residual + Fox profile governance
1327264046,Badlander,Shotgun,Legendary,generated-core,"588594999,706527188",73,81,E,source-indicated,type mean + shrunk perk residuals + shrunk pair residual + Fox profile governance
1327264046,Badlander,Shotgun,Legendary,generated-fallback,,66,57,E,source-indicated,type prior minus fallback margin + Fox profile governance
3461377698,Baligant XU7743,Shotgun,Legendary,generated-core,"2869569095,3300816228",87,65,E,source-indicated,type mean + shrunk perk residuals + shrunk pair residual + Fox profile governance
3461377698,Baligant XU7743,Shotgun,Legendary,generated-core,"2869569095,3425386926",86,65,E,source-indicated,type mean + shrunk perk residuals + shrunk pair residual + Fox profile governance
3461377698,Baligant XU7743,Shotgun,Legendary,generated-core,"2869569095,1168162263",86,60,E,source-indicated,type mean + shrunk perk residuals + shrunk pair residual + Fox profile governance
3461377698,Baligant XU7743,Shotgun,Legendary,generated-core,"3161816588,588594999",64,87,E,source-indicated,type mean + shrunk perk residuals + shrunk pair residual + Fox profile governance
3461377698,Baligant XU7743,Shotgun,Legendary,generated-core,"4071163871,588594999",64,87,E,source-indicated,type mean + shrunk perk residuals + shrunk pair residual + Fox profile governance
3461377698,Baligant XU7743,Shotgun,Legendary,generated-fallback,,66,57,E,source-indicated,type prior minus fallback margin + Fox profile governance
1529367715,Bonechiller,Shotgun,Legendary,generated-core,"776531651,3425386926",98,59,E,source-indicated,type mean + shrunk perk residuals + shrunk pair residual + Fox profile governance
1529367715,Bonechiller,Shotgun,Legendary,generated-core,"776531651,657025441",98,51,E,source-indicated,type mean + shrunk perk residuals + shrunk pair residual + Fox profile governance
1529367715,Bonechiller,Shotgun,Legendary,generated-core,"776531651,1464081238",98,51,E,source-indicated,type mean + shrunk perk residuals + shrunk pair residual + Fox profile governance
1529367715,Bonechiller,Shotgun,Legendary,generated-core,"2579169598,47981717",61,93,E,source-indicated,type mean + shrunk perk residuals + shrunk pair residual + Fox profile governance
1529367715,Bonechiller,Shotgun,Legendary,generated-core,"2579169598,3673922083",58,93,E,source-indicated,type mean + shrunk perk residuals + shrunk pair residual + Fox profile governance
1529367715,Bonechiller,Shotgun,Legendary,generated-fallback,,66,57,E,source-indicated,type prior minus fallback margin + Fox profile governance
4037745684,Bonechiller,Shotgun,Legendary,generated-core,"25606670,2848615171",93,59,E,source-indicated,type mean + shrunk perk residuals + shrunk pair residual + Fox profile governance
4037745684,Bonechiller,Shotgun,Legendary,generated-core,"3300816228,4049631843",92,61,E,source-indicated,type mean + shrunk perk residuals + shrunk pair residual + Fox profile governance
4037745684,Bonechiller,Shotgun,Legendary,generated-core,"25606670,4049631843",90,59,E,source-indicated,type mean + shrunk perk residuals + shrunk pair residual + Fox profile governance
4037745684,Bonechiller,Shotgun,Legendary,generated-core,"3436462433,47981717",64,87,E,source-indicated,type mean + shrunk perk residuals + shrunk pair residual + Fox profile governance
4037745684,Bonechiller,Shotgun,Legendary,generated-core,"3436462433,2039302152",64,87,E,source-indicated,type mean + shrunk perk residuals + shrunk pair residual + Fox profile governance
4037745684,Bonechiller,Shotgun,Legendary,generated-fallback,,66,57,E,source-indicated,type prior minus fallback margin + Fox profile governance
2591111628,Compass Rose,Shotgun,Legendary,generated-core,"1556840489,2360754333",94,58,E,source-indicated,type mean + shrunk perk residuals + shrunk pair residual + Fox profile governance
2591111628,Compass Rose,Shotgun,Legendary,generated-core,"25606670,2360754333",92,60,E,source-indicated,type mean + shrunk perk residuals + shrunk pair residual + Fox profile governance
2591111628,Compass Rose,Shotgun,Legendary,generated-core,"25606670,4293542123",92,60,E,source-indicated,type mean + shrunk perk residuals + shrunk pair residual + Fox profile governance
2591111628,Compass Rose,Shotgun,Legendary,generated-core,"2451262963,3673922083",64,87,E,source-indicated,type mean + shrunk perk residuals + shrunk pair residual + Fox profile governance
2591111628,Compass Rose,Shotgun,Legendary,generated-core,"3436462433,3673922083",64,87,E,source-indicated,type mean + shrunk perk residuals + shrunk pair residual + Fox profile governance
2591111628,Compass Rose,Shotgun,Legendary,generated-fallback,,66,57,E,source-indicated,type prior minus fallback margin + Fox profile governance
2035738085,Deadlock,Shotgun,Legendary,generated-core,"1631667848,2360754333",98,52,E,source-indicated,type mean + shrunk perk residuals + shrunk pair residual + Fox profile governance
2035738085,Deadlock,Shotgun,Legendary,generated-core,"1631667848,2679249093",98,51,E,source-indicated,type mean + shrunk perk residuals + shrunk pair residual + Fox profile governance
2035738085,Deadlock,Shotgun,Legendary,generated-core,"1631667848,3751912585",92,58,E,source-indicated,type mean + shrunk perk residuals + shrunk pair residual + Fox profile governance
2035738085,Deadlock,Shotgun,Legendary,generated-core,"2579169598,47981717",61,93,E,source-indicated,type mean + shrunk perk residuals + shrunk pair residual + Fox profile governance
2035738085,Deadlock,Shotgun,Legendary,generated-core,"3161816588,47981717",59,93,E,source-indicated,type mean + shrunk perk residuals + shrunk pair residual + Fox profile governance
2035738085,Deadlock,Shotgun,Legendary,generated-fallback,,66,57,E,source-indicated,type prior minus fallback margin + Fox profile governance
870893339,Ded Gramarye IV,Shotgun,Legendary,generated-core,"3978468247,2173046394",96,53,E,source-indicated,type mean + shrunk perk residuals + shrunk pair residual + Fox profile governance
870893339,Ded Gramarye IV,Shotgun,Legendary,generated-core,"3978468247,2396489472",91,60,E,source-indicated,type mean + shrunk perk residuals + shrunk pair residual + Fox profile governance
870893339,Ded Gramarye IV,Shotgun,Legendary,generated-core,"3978468247,3708227201",91,59,E,source-indicated,type mean + shrunk perk residuals + shrunk pair residual + Fox profile governance
870893339,Ded Gramarye IV,Shotgun,Legendary,generated-core,"3436462433,1546637391",69,80,E,source-indicated,type mean + shrunk perk residuals + shrunk pair residual + Fox profile governance
870893339,Ded Gramarye IV,Shotgun,Legendary,generated-core,"4071163871,1546637391",69,79,E,source-indicated,type mean + shrunk perk residuals + shrunk pair residual + Fox profile governance
870893339,Ded Gramarye IV,Shotgun,Legendary,generated-fallback,,66,57,E,source-indicated,type prior minus fallback margin + Fox profile governance
636912560,Dust Rock Blues,Shotgun,Legendary,generated-core,"3300816228,1631667848",89,62,E,source-indicated,type mean + shrunk perk residuals + shrunk pair residual + Fox profile governance
636912560,Dust Rock Blues,Shotgun,Legendary,generated-core,"3300816228,3425386926",88,69,E,source-indicated,type mean + shrunk perk residuals + shrunk pair residual + Fox profile governance
636912560,Dust Rock Blues,Shotgun,Legendary,generated-core,"2869569095,3300816228",87,65,E,source-indicated,type mean + shrunk perk residuals + shrunk pair residual + Fox profile governance
636912560,Dust Rock Blues,Shotgun,Legendary,generated-core,"588594999,957782887",62,87,E,source-indicated,type mean + shrunk perk residuals + shrunk pair residual + Fox profile governance
636912560,Dust Rock Blues,Shotgun,Legendary,generated-core,"1015611457,957782887",68,81,E,source-indicated,type mean + shrunk perk residuals + shrunk pair residual + Fox profile governance
636912560,Dust Rock Blues,Shotgun,Legendary,generated-fallback,,66,57,E,source-indicated,type prior minus fallback margin + Fox profile governance
3861448240,Emperor's Courtesy,Shotgun,Legendary,generated-core,"1631667848,2679249093",98,51,E,source-indicated,type mean + shrunk perk residuals + shrunk pair residual + Fox profile governance
3861448240,Emperor's Courtesy,Shotgun,Legendary,generated-core,"1631667848,3708227201",93,52,E,source-indicated,type mean + shrunk perk residuals + shrunk pair residual + Fox profile governance
3861448240,Emperor's Courtesy,Shotgun,Legendary,generated-core,"2869569095,2679249093",90,59,E,source-indicated,type mean + shrunk perk residuals + shrunk pair residual + Fox profile governance
3861448240,Emperor's Courtesy,Shotgun,Legendary,generated-core,"4071163871,47981717",58,93,E,source-indicated,type mean + shrunk perk residuals + shrunk pair residual + Fox profile governance
3861448240,Emperor's Courtesy,Shotgun,Legendary,generated-core,"4071163871,3161816588",64,87,E,source-indicated,type mean + shrunk perk residuals + shrunk pair residual + Fox profile governance
3861448240,Emperor's Courtesy,Shotgun,Legendary,generated-fallback,,66,57,E,source-indicated,type prior minus fallback margin + Fox profile governance
963732595,Fortissimo-11,Shotgun,Legendary,generated-core,"1354429876,3708227201",94,55,E,source-indicated,type mean + shrunk perk residuals + shrunk pair residual + Fox profile governance
963732595,Fortissimo-11,Shotgun,Legendary,generated-core,"3523296417,3708227201",89,62,E,source-indicated,type mean + shrunk perk residuals + shrunk pair residual + Fox profile governance
963732595,Fortissimo-11,Shotgun,Legendary,generated-core,"1820235745,3708227201",88,60,E,source-indicated,type mean + shrunk perk residuals + shrunk pair residual + Fox profile governance
963732595,Fortissimo-11,Shotgun,Legendary,generated-core,"1428297954,47981717",58,93,E,source-indicated,type mean + shrunk perk residuals + shrunk pair residual + Fox profile governance
963732595,Fortissimo-11,Shotgun,Legendary,generated-core,"4071163871,47981717",58,93,E,source-indicated,type mean + shrunk perk residuals + shrunk pair residual + Fox profile governance
963732595,Fortissimo-11,Shotgun,Legendary,generated-fallback,,66,57,E,source-indicated,type prior minus fallback margin + Fox profile governance
2993995118,Fractethyst,Shotgun,Legendary,generated-core,"2679249093,2360754333",98,51,E,availability-unverified,type mean + shrunk perk residuals + shrunk pair residual + Fox profile governance
2993995118,Fractethyst,Shotgun,Legendary,generated-core,"968510818,2922950962",96,57,E,availability-unverified,type mean + shrunk perk residuals + shrunk pair residual + Fox profile governance
2993995118,Fractethyst,Shotgun,Legendary,generated-core,"2679249093,2922950962",96,56,E,availability-unverified,type mean + shrunk perk residuals + shrunk pair residual + Fox profile governance
2993995118,Fractethyst,Shotgun,Legendary,generated-core,"2579169598,47981717",61,93,E,availability-unverified,type mean + shrunk perk residuals + shrunk pair residual + Fox profile governance
2993995118,Fractethyst,Shotgun,Legendary,generated-core,"3161816588,47981717",59,93,E,availability-unverified,type mean + shrunk perk residuals + shrunk pair residual + Fox profile governance
2993995118,Fractethyst,Shotgun,Legendary,generated-fallback,,66,57,E,availability-unverified,type prior minus fallback margin + Fox profile governance
64236626,Good Bone Structure,Shotgun,Legendary,generated-core,"1168162263,3425386926",87,63,E,source-indicated,type mean + shrunk perk residuals + shrunk pair residual + Fox profile governance
64236626,Good Bone Structure,Shotgun,Legendary,generated-core,"1168162263,3400784728",87,60,E,source-indicated,type mean + shrunk perk residuals + shrunk pair residual + Fox profile governance
64236626,Good Bone Structure,Shotgun,Legendary,generated-core,"2869569095,3425386926",86,65,E,source-indicated,type mean + shrunk perk residuals + shrunk pair residual + Fox profile governance
64236626,Good Bone Structure,Shotgun,Legendary,generated-core,"4071163871,47981717",58,93,E,source-indicated,type mean + shrunk perk residuals + shrunk pair residual + Fox profile governance
64236626,Good Bone Structure,Shotgun,Legendary,generated-core,"4071163871,588594999",64,87,E,source-indicated,type mean + shrunk perk residuals + shrunk pair residual + Fox profile governance
64236626,Good Bone Structure,Shotgun,Legendary,generated-fallback,,66,57,E,source-indicated,type prior minus fallback margin + Fox profile governance
411397829,Gunnora's Axe,Shotgun,Legendary,generated-core,"3300816228,2173046394",94,61,E,source-indicated,type mean + shrunk perk residuals + shrunk pair residual + Fox profile governance
411397829,Gunnora's Axe,Shotgun,Legendary,generated-core,"3300816228,591790007",85,70,E,source-indicated,type mean + shrunk perk residuals + shrunk pair residual + Fox profile governance
411397829,Gunnora's Axe,Shotgun,Legendary,generated-core,"3300816228,957782887",81,72,E,source-indicated,type mean + shrunk perk residuals + shrunk pair residual + Fox profile governance
411397829,Gunnora's Axe,Shotgun,Legendary,generated-core,"588594999,47981717",58,93,E,source-indicated,type mean + shrunk perk residuals + shrunk pair residual + Fox profile governance
411397829,Gunnora's Axe,Shotgun,Legendary,generated-core,"588594999,699525795",58,93,E,source-indicated,type mean + shrunk perk residuals + shrunk pair residual + Fox profile governance
411397829,Gunnora's Axe,Shotgun,Legendary,generated-fallback,,66,57,E,source-indicated,type prior minus fallback margin + Fox profile governance
487361141,Gunnora's Axe,Shotgun,Legendary,generated-core,"3300816228,2173046394",94,61,E,availability-unverified,type mean + shrunk perk residuals + shrunk pair residual + Fox profile governance
487361141,Gunnora's Axe,Shotgun,Legendary,generated-core,"3300816228,591790007",85,70,E,availability-unverified,type mean + shrunk perk residuals + shrunk pair residual + Fox profile governance
487361141,Gunnora's Axe,Shotgun,Legendary,generated-core,"3300816228,957782887",81,72,E,availability-unverified,type mean + shrunk perk residuals + shrunk pair residual + Fox profile governance
487361141,Gunnora's Axe,Shotgun,Legendary,generated-core,"588594999,47981717",58,93,E,availability-unverified,type mean + shrunk perk residuals + shrunk pair residual + Fox profile governance
487361141,Gunnora's Axe,Shotgun,Legendary,generated-core,"588594999,699525795",58,93,E,availability-unverified,type mean + shrunk perk residuals + shrunk pair residual + Fox profile governance
487361141,Gunnora's Axe,Shotgun,Legendary,generated-fallback,,66,57,E,availability-unverified,type prior minus fallback margin + Fox profile governance
2326716489,Gunnora's Axe,Shotgun,Legendary,generated-core,"3300816228,3425386926",88,69,E,source-indicated,type mean + shrunk perk residuals + shrunk pair residual + Fox profile governance
2326716489,Gunnora's Axe,Shotgun,Legendary,generated-core,"3300816228,3400784728",88,66,E,source-indicated,type mean + shrunk perk residuals + shrunk pair residual + Fox profile governance
2326716489,Gunnora's Axe,Shotgun,Legendary,generated-core,"3300816228,3523296417",87,67,E,source-indicated,type mean + shrunk perk residuals + shrunk pair residual + Fox profile governance
2326716489,Gunnora's Axe,Shotgun,Legendary,generated-core,"4071163871,47981717",58,93,E,source-indicated,type mean + shrunk perk residuals + shrunk pair residual + Fox profile governance
2326716489,Gunnora's Axe,Shotgun,Legendary,generated-core,"4071163871,588594999",64,87,E,source-indicated,type mean + shrunk perk residuals + shrunk pair residual + Fox profile governance
2326716489,Gunnora's Axe,Shotgun,Legendary,generated-fallback,,66,57,E,source-indicated,type prior minus fallback margin + Fox profile governance
664109750,Hand in Hand,Shotgun,Legendary,generated-core,"25606670,2679249093",93,59,E,source-indicated,type mean + shrunk perk residuals + shrunk pair residual + Fox profile governance
664109750,Hand in Hand,Shotgun,Legendary,generated-core,"25606670,3751912585",92,62,E,source-indicated,type mean + shrunk perk residuals + shrunk pair residual + Fox profile governance
664109750,Hand in Hand,Shotgun,Legendary,generated-core,"25606670,2360754333",92,60,E,source-indicated,type mean + shrunk perk residuals + shrunk pair residual + Fox profile governance
664109750,Hand in Hand,Shotgun,Legendary,generated-core,"1866048759,3511092054",64,83,E,source-indicated,type mean + shrunk perk residuals + shrunk pair residual + Fox profile governance
664109750,Hand in Hand,Shotgun,Legendary,generated-core,"2451262963,3511092054",64,83,E,source-indicated,type mean + shrunk perk residuals + shrunk pair residual + Fox profile governance
664109750,Hand in Hand,Shotgun,Legendary,generated-fallback,,66,57,E,source-indicated,type prior minus fallback margin + Fox profile governance
1807343361,Hawthorne's Field-Forged Shotgun,Shotgun,Legendary,generated-core,"1631667848,2679249093",98,51,E,source-indicated,type mean + shrunk perk residuals + shrunk pair residual + Fox profile governance
1807343361,Hawthorne's Field-Forged Shotgun,Shotgun,Legendary,generated-core,"1631667848,3708227201",93,52,E,source-indicated,type mean + shrunk perk residuals + shrunk pair residual + Fox profile governance
1807343361,Hawthorne's Field-Forged Shotgun,Shotgun,Legendary,generated-core,"2869569095,2679249093",90,59,E,source-indicated,type mean + shrunk perk residuals + shrunk pair residual + Fox profile governance
1807343361,Hawthorne's Field-Forged Shotgun,Shotgun,Legendary,generated-core,"205890336,47981717",72,79,E,source-indicated,type mean + shrunk perk residuals + shrunk pair residual + Fox profile governance
1807343361,Hawthorne's Field-Forged Shotgun,Shotgun,Legendary,generated-core,"205890336,699525795",72,79,E,source-indicated,type mean + shrunk perk residuals + shrunk pair residual + Fox profile governance
1807343361,Hawthorne's Field-Forged Shotgun,Shotgun,Legendary,generated-fallback,,66,57,E,source-indicated,type prior minus fallback margin + Fox profile governance
1887808042,IKELOS_SG_v1.0.1,Shotgun,Legendary,generated-core,588594999,72,79,E,source-indicated,type mean + shrunk perk residuals + shrunk pair residual + Fox profile governance
1887808042,IKELOS_SG_v1.0.1,Shotgun,Legendary,generated-core,4071163871,72,79,E,source-indicated,type mean + shrunk perk residuals + shrunk pair residual + Fox profile governance
1887808042,IKELOS_SG_v1.0.1,Shotgun,Legendary,generated-fallback,,66,57,E,source-indicated,type prior minus fallback margin + Fox profile governance
1096206669,IKELOS_SG_v1.0.2,Shotgun,Legendary,generated-core,"1556840489,2360754333",94,58,E,source-indicated,type mean + shrunk perk residuals + shrunk pair residual + Fox profile governance
1096206669,IKELOS_SG_v1.0.2,Shotgun,Legendary,generated-core,"2779035018,2360754333",88,59,E,source-indicated,type mean + shrunk perk residuals + shrunk pair residual + Fox profile governance
1096206669,IKELOS_SG_v1.0.2,Shotgun,Legendary,generated-core,"280464955,2360754333",87,65,E,source-indicated,type mean + shrunk perk residuals + shrunk pair residual + Fox profile governance
1096206669,IKELOS_SG_v1.0.2,Shotgun,Legendary,generated-core,"588594999,3511092054",64,83,E,source-indicated,type mean + shrunk perk residuals + shrunk pair residual + Fox profile governance
1096206669,IKELOS_SG_v1.0.2,Shotgun,Legendary,generated-core,"4071163871,3511092054",64,82,E,source-indicated,type mean + shrunk perk residuals + shrunk pair residual + Fox profile governance
1096206669,IKELOS_SG_v1.0.2,Shotgun,Legendary,generated-fallback,,66,57,E,source-indicated,type prior minus fallback margin + Fox profile governance
2919334548,Imperial Decree,Shotgun,Legendary,generated-core,"1631667848,2360754333",98,52,E,source-indicated,type mean + shrunk perk residuals + shrunk pair residual + Fox profile governance
2919334548,Imperial Decree,Shotgun,Legendary,generated-core,"1631667848,3300816228",89,62,E,source-indicated,type mean + shrunk perk residuals + shrunk pair residual + Fox profile governance
2919334548,Imperial Decree,Shotgun,Legendary,generated-core,"1631667848,3425386926",88,62,E,source-indicated,type mean + shrunk perk residuals + shrunk pair residual + Fox profile governance
2919334548,Imperial Decree,Shotgun,Legendary,generated-core,"3161816588,588594999",64,87,E,source-indicated,type mean + shrunk perk residuals + shrunk pair residual + Fox profile governance
2919334548,Imperial Decree,Shotgun,Legendary,generated-core,"4071163871,588594999",64,87,E,source-indicated,type mean + shrunk perk residuals + shrunk pair residual + Fox profile governance
2919334548,Imperial Decree,Shotgun,Legendary,generated-fallback,,66,57,E,source-indicated,type prior minus fallback margin + Fox profile governance
755130877,Last Man Standing,Shotgun,Legendary,generated-core,"1631667848,2679249093",98,51,E,source-indicated,type mean + shrunk perk residuals + shrunk pair residual + Fox profile governance
755130877,Last Man Standing,Shotgun,Legendary,generated-core,"3300816228,2679249093",95,60,E,source-indicated,type mean + shrunk perk residuals + shrunk pair residual + Fox profile governance
755130877,Last Man Standing,Shotgun,Legendary,generated-core,"2869569095,2679249093",90,59,E,source-indicated,type mean + shrunk perk residuals + shrunk pair residual + Fox profile governance
755130877,Last Man Standing,Shotgun,Legendary,generated-core,"47981717,1866048759",64,87,E,source-indicated,type mean + shrunk perk residuals + shrunk pair residual + Fox profile governance
755130877,Last Man Standing,Shotgun,Legendary,generated-core,"4071163871,1866048759",64,87,E,source-indicated,type mean + shrunk perk residuals + shrunk pair residual + Fox profile governance
755130877,Last Man Standing,Shotgun,Legendary,generated-fallback,,66,57,E,source-indicated,type prior minus fallback margin + Fox profile governance
4287947559,Last Man Standing,Shotgun,Legendary,generated-core,"691659142,2679249093",92,57,E,source-indicated,type mean + shrunk perk residuals + shrunk pair residual + Fox profile governance
4287947559,Last Man Standing,Shotgun,Legendary,generated-core,"1820235745,2679249093",92,57,E,source-indicated,type mean + shrunk perk residuals + shrunk pair residual + Fox profile governance
4287947559,Last Man Standing,Shotgun,Legendary,generated-core,"1820235745,3978468247",90,59,E,source-indicated,type mean + shrunk perk residuals + shrunk pair residual + Fox profile governance
4287947559,Last Man Standing,Shotgun,Legendary,generated-core,"47981717,4082225868",66,80,E,source-indicated,type mean + shrunk perk residuals + shrunk pair residual + Fox profile governance
4287947559,Last Man Standing,Shotgun,Legendary,generated-core,"1866048759,4082225868",66,80,E,source-indicated,type mean + shrunk perk residuals + shrunk pair residual + Fox profile governance
4287947559,Last Man Standing,Shotgun,Legendary,generated-fallback,,66,57,E,source-indicated,type prior minus fallback margin + Fox profile governance
2699423382,MIDA Macro-Tool,Shotgun,Legendary,generated-core,"1631667848,2360754333",98,52,E,source-indicated,type mean + shrunk perk residuals + shrunk pair residual + Fox profile governance
2699423382,MIDA Macro-Tool,Shotgun,Legendary,generated-core,"3978468247,2360754333",98,52,E,source-indicated,type mean + shrunk perk residuals + shrunk pair residual + Fox profile governance
2699423382,MIDA Macro-Tool,Shotgun,Legendary,generated-core,"1631667848,2679249093",98,51,E,source-indicated,type mean + shrunk perk residuals + shrunk pair residual + Fox profile governance
2699423382,MIDA Macro-Tool,Shotgun,Legendary,generated-core,"2579169598,47981717",61,93,E,source-indicated,type mean + shrunk perk residuals + shrunk pair residual + Fox profile governance
2699423382,MIDA Macro-Tool,Shotgun,Legendary,generated-core,"3161816588,47981717",59,93,E,source-indicated,type mean + shrunk perk residuals + shrunk pair residual + Fox profile governance
2699423382,MIDA Macro-Tool,Shotgun,Legendary,generated-fallback,,66,57,E,source-indicated,type prior minus fallback margin + Fox profile governance
2563012876,Matador 64,Shotgun,Legendary,generated-core,"1556840489,2679249093",94,58,E,availability-unverified,type mean + shrunk perk residuals + shrunk pair residual + Fox profile governance
2563012876,Matador 64,Shotgun,Legendary,generated-core,"2117683199,2679249093",88,63,E,availability-unverified,type mean + shrunk perk residuals + shrunk pair residual + Fox profile governance
2563012876,Matador 64,Shotgun,Legendary,generated-core,"2946784966,2679249093",88,63,E,availability-unverified,type mean + shrunk perk residuals + shrunk pair residual + Fox profile governance
2563012876,Matador 64,Shotgun,Legendary,generated-core,"1428297954,47981717",58,93,E,availability-unverified,type mean + shrunk perk residuals + shrunk pair residual + Fox profile governance
2563012876,Matador 64,Shotgun,Legendary,generated-core,"4071163871,47981717",58,93,E,availability-unverified,type mean + shrunk perk residuals + shrunk pair residual + Fox profile governance
2563012876,Matador 64,Shotgun,Legendary,generated-fallback,,66,57,E,availability-unverified,type prior minus fallback margin + Fox profile governance
951529995,Mindbender's Ambition,Shotgun,Legendary,generated-core,"691659142,2679249093",92,57,E,source-indicated,type mean + shrunk perk residuals + shrunk pair residual + Fox profile governance
951529995,Mindbender's Ambition,Shotgun,Legendary,generated-core,"691659142,4293542123",87,62,E,source-indicated,type mean + shrunk perk residuals + shrunk pair residual + Fox profile governance
951529995,Mindbender's Ambition,Shotgun,Legendary,generated-core,"4071163871,2679249093",86,66,E,source-indicated,type mean + shrunk perk residuals + shrunk pair residual + Fox profile governance
951529995,Mindbender's Ambition,Shotgun,Legendary,generated-core,"2039302152,2451262963",64,87,E,source-indicated,type mean + shrunk perk residuals + shrunk pair residual + Fox profile governance
951529995,Mindbender's Ambition,Shotgun,Legendary,generated-core,"2272927194,2451262963",64,87,E,source-indicated,type mean + shrunk perk residuals + shrunk pair residual + Fox profile governance
951529995,Mindbender's Ambition,Shotgun,Legendary,generated-fallback,,66,57,E,source-indicated,type prior minus fallback margin + Fox profile governance
1094005544,Mindbender's Ambition,Shotgun,Legendary,generated-core,"3300816228,4293542123",95,62,E,availability-unverified,type mean + shrunk perk residuals + shrunk pair residual + Fox profile governance
1094005544,Mindbender's Ambition,Shotgun,Legendary,generated-core,"3300816228,2679249093",95,60,E,availability-unverified,type mean + shrunk perk residuals + shrunk pair residual + Fox profile governance
1094005544,Mindbender's Ambition,Shotgun,Legendary,generated-core,"1556840489,2679249093",94,58,E,availability-unverified,type mean + shrunk perk residuals + shrunk pair residual + Fox profile governance
1094005544,Mindbender's Ambition,Shotgun,Legendary,generated-core,"2039302152,2451262963",64,87,E,availability-unverified,type mean + shrunk perk residuals + shrunk pair residual + Fox profile governance
1094005544,Mindbender's Ambition,Shotgun,Legendary,generated-core,"4071163871,2451262963",64,87,E,availability-unverified,type mean + shrunk perk residuals + shrunk pair residual + Fox profile governance
1094005544,Mindbender's Ambition,Shotgun,Legendary,generated-fallback,,66,57,E,availability-unverified,type prior minus fallback margin + Fox profile governance
1586231351,Mindbender's Ambition,Shotgun,Legendary,generated-core,"691659142,2679249093",92,57,E,source-indicated,type mean + shrunk perk residuals + shrunk pair residual + Fox profile governance
1586231351,Mindbender's Ambition,Shotgun,Legendary,generated-core,"691659142,4293542123",87,62,E,source-indicated,type mean + shrunk perk residuals + shrunk pair residual + Fox profile governance
1586231351,Mindbender's Ambition,Shotgun,Legendary,generated-core,"4071163871,2679249093",86,66,E,source-indicated,type mean + shrunk perk residuals + shrunk pair residual + Fox profile governance
1586231351,Mindbender's Ambition,Shotgun,Legendary,generated-core,"2039302152,2451262963",64,87,E,source-indicated,type mean + shrunk perk residuals + shrunk pair residual + Fox profile governance
1586231351,Mindbender's Ambition,Shotgun,Legendary,generated-core,"2272927194,2451262963",64,87,E,source-indicated,type mean + shrunk perk residuals + shrunk pair residual + Fox profile governance
1586231351,Mindbender's Ambition,Shotgun,Legendary,generated-fallback,,66,57,E,source-indicated,type prior minus fallback margin + Fox profile governance
4117693024,Mindbender's Ambition,Shotgun,Legendary,generated-core,"972757866,3300816228",84,65,E,source-indicated,type mean + shrunk perk residuals + shrunk pair residual + Fox profile governance
4117693024,Mindbender's Ambition,Shotgun,Legendary,generated-core,"972757866,3425386926",83,68,E,source-indicated,type mean + shrunk perk residuals + shrunk pair residual + Fox profile governance
4117693024,Mindbender's Ambition,Shotgun,Legendary,generated-core,"957782887,3300816228",81,72,E,source-indicated,type mean + shrunk perk residuals + shrunk pair residual + Fox profile governance
4117693024,Mindbender's Ambition,Shotgun,Legendary,generated-core,"47981717,588594999",58,93,E,source-indicated,type mean + shrunk perk residuals + shrunk pair residual + Fox profile governance
4117693024,Mindbender's Ambition,Shotgun,Legendary,generated-core,"3161816588,588594999",64,87,E,source-indicated,type mean + shrunk perk residuals + shrunk pair residual + Fox profile governance
4117693024,Mindbender's Ambition,Shotgun,Legendary,generated-fallback,,66,57,E,source-indicated,type prior minus fallback margin + Fox profile governance
2074041946,Mindbender's Ambition (Adept),Shotgun,Legendary,generated-core,"691659142,2679249093",92,57,E,source-indicated,type mean + shrunk perk residuals + shrunk pair residual + Fox profile governance
2074041946,Mindbender's Ambition (Adept),Shotgun,Legendary,generated-core,"691659142,4293542123",87,62,E,source-indicated,type mean + shrunk perk residuals + shrunk pair residual + Fox profile governance
2074041946,Mindbender's Ambition (Adept),Shotgun,Legendary,generated-core,"4071163871,2679249093",86,66,E,source-indicated,type mean + shrunk perk residuals + shrunk pair residual + Fox profile governance
2074041946,Mindbender's Ambition (Adept),Shotgun,Legendary,generated-core,"2039302152,2451262963",64,87,E,source-indicated,type mean + shrunk perk residuals + shrunk pair residual + Fox profile governance
2074041946,Mindbender's Ambition (Adept),Shotgun,Legendary,generated-core,"2272927194,2451262963",64,87,E,source-indicated,type mean + shrunk perk residuals + shrunk pair residual + Fox profile governance
2074041946,Mindbender's Ambition (Adept),Shotgun,Legendary,generated-fallback,,66,57,E,source-indicated,type prior minus fallback margin + Fox profile governance
1018777295,Motion to Vacate,Shotgun,Legendary,generated-core,588594999,72,79,E,source-indicated,type mean + shrunk perk residuals + shrunk pair residual + Fox profile governance
1018777295,Motion to Vacate,Shotgun,Legendary,generated-core,3161816588,72,79,E,source-indicated,type mean + shrunk perk residuals + shrunk pair residual + Fox profile governance
1018777295,Motion to Vacate,Shotgun,Legendary,generated-fallback,,66,57,E,source-indicated,type prior minus fallback margin + Fox profile governance
135029084,Nessa's Oblation,Shotgun,Legendary,generated-core,"2848615171,2048641572",98,54,E,source-indicated,type mean + shrunk perk residuals + shrunk pair residual + Fox profile governance
135029084,Nessa's Oblation,Shotgun,Legendary,generated-core,"776531651,657025441",98,51,E,source-indicated,type mean + shrunk perk residuals + shrunk pair residual + Fox profile governance
135029084,Nessa's Oblation,Shotgun,Legendary,generated-core,"776531651,1464081238",98,51,E,source-indicated,type mean + shrunk perk residuals + shrunk pair residual + Fox profile governance
135029084,Nessa's Oblation,Shotgun,Legendary,generated-core,"247725512,47981717",60,84,E,source-indicated,type mean + shrunk perk residuals + shrunk pair residual + Fox profile governance
135029084,Nessa's Oblation,Shotgun,Legendary,generated-core,"247725512,438098033",66,81,E,source-indicated,type mean + shrunk perk residuals + shrunk pair residual + Fox profile governance
135029084,Nessa's Oblation,Shotgun,Legendary,generated-fallback,,66,57,E,source-indicated,type prior minus fallback margin + Fox profile governance
522366885,Nessa's Oblation (Adept),Shotgun,Legendary,generated-core,"2848615171,2048641572",98,54,E,source-indicated,type mean + shrunk perk residuals + shrunk pair residual + Fox profile governance
522366885,Nessa's Oblation (Adept),Shotgun,Legendary,generated-core,"776531651,657025441",98,51,E,source-indicated,type mean + shrunk perk residuals + shrunk pair residual + Fox profile governance
522366885,Nessa's Oblation (Adept),Shotgun,Legendary,generated-core,"776531651,1464081238",98,51,E,source-indicated,type mean + shrunk perk residuals + shrunk pair residual + Fox profile governance
522366885,Nessa's Oblation (Adept),Shotgun,Legendary,generated-core,"247725512,47981717",60,84,E,source-indicated,type mean + shrunk perk residuals + shrunk pair residual + Fox profile governance
522366885,Nessa's Oblation (Adept),Shotgun,Legendary,generated-core,"247725512,438098033",66,81,E,source-indicated,type mean + shrunk perk residuals + shrunk pair residual + Fox profile governance
522366885,Nessa's Oblation (Adept),Shotgun,Legendary,generated-fallback,,66,57,E,source-indicated,type prior minus fallback margin + Fox profile governance
2217366863,Parcel of Stardust,Shotgun,Legendary,generated-core,"2117683199,3300816228",85,70,E,source-indicated,type mean + shrunk perk residuals + shrunk pair residual + Fox profile governance
2217366863,Parcel of Stardust,Shotgun,Legendary,generated-core,"2117683199,3425386926",84,70,E,source-indicated,type mean + shrunk perk residuals + shrunk pair residual + Fox profile governance
2217366863,Parcel of Stardust,Shotgun,Legendary,generated-core,"2117683199,1168162263",84,64,E,source-indicated,type mean + shrunk perk residuals + shrunk pair residual + Fox profile governance
2217366863,Parcel of Stardust,Shotgun,Legendary,generated-core,"47981717,588594999",58,93,E,source-indicated,type mean + shrunk perk residuals + shrunk pair residual + Fox profile governance
2217366863,Parcel of Stardust,Shotgun,Legendary,generated-core,"3161816588,588594999",64,87,E,source-indicated,type mean + shrunk perk residuals + shrunk pair residual + Fox profile governance
2217366863,Parcel of Stardust,Shotgun,Legendary,generated-fallback,,66,57,E,source-indicated,type prior minus fallback margin + Fox profile governance
367772693,Precipial,Shotgun,Legendary,generated-core,"776531651,2048641572",98,51,E,source-indicated,type mean + shrunk perk residuals + shrunk pair residual + Fox profile governance
367772693,Precipial,Shotgun,Legendary,generated-core,"2679249093,2048641572",98,51,E,source-indicated,type mean + shrunk perk residuals + shrunk pair residual + Fox profile governance
367772693,Precipial,Shotgun,Legendary,generated-core,"2679249093,3978468247",98,51,E,source-indicated,type mean + shrunk perk residuals + shrunk pair residual + Fox profile governance
367772693,Precipial,Shotgun,Legendary,generated-core,"2579169598,47981717",61,93,E,source-indicated,type mean + shrunk perk residuals + shrunk pair residual + Fox profile governance
367772693,Precipial,Shotgun,Legendary,generated-core,"588594999,47981717",58,93,E,source-indicated,type mean + shrunk perk residuals + shrunk pair residual + Fox profile governance
367772693,Precipial,Shotgun,Legendary,generated-fallback,,66,57,E,source-indicated,type prior minus fallback margin + Fox profile governance
2145441168,Prophet of Doom,Shotgun,Legendary,generated-core,"1511100135,2173046394",98,60,E,source-indicated,type mean + shrunk perk residuals + shrunk pair residual + Fox profile governance
2145441168,Prophet of Doom,Shotgun,Legendary,generated-core,"2458610193,654512643",98,57,E,source-indicated,type mean + shrunk perk residuals + shrunk pair residual + Fox profile governance
2145441168,Prophet of Doom,Shotgun,Legendary,generated-core,"1421772400,2173046394",98,55,E,source-indicated,type mean + shrunk perk residuals + shrunk pair residual + Fox profile governance
2145441168,Prophet of Doom,Shotgun,Legendary,generated-core,"2039302152,47981717",58,93,E,source-indicated,type mean + shrunk perk residuals + shrunk pair residual + Fox profile governance
2145441168,Prophet of Doom,Shotgun,Legendary,generated-core,"4071163871,47981717",58,93,E,source-indicated,type mean + shrunk perk residuals + shrunk pair residual + Fox profile governance
2145441168,Prophet of Doom,Shotgun,Legendary,generated-fallback,,66,57,E,source-indicated,type prior minus fallback margin + Fox profile governance
4020742303,Prophet of Doom,Shotgun,Legendary,generated-core,"2869569095,2679249093",90,59,E,source-indicated,type mean + shrunk perk residuals + shrunk pair residual + Fox profile governance
4020742303,Prophet of Doom,Shotgun,Legendary,generated-core,"2779035018,2679249093",89,58,E,source-indicated,type mean + shrunk perk residuals + shrunk pair residual + Fox profile governance
4020742303,Prophet of Doom,Shotgun,Legendary,generated-core,"2117683199,2679249093",88,63,E,source-indicated,type mean + shrunk perk residuals + shrunk pair residual + Fox profile governance
4020742303,Prophet of Doom,Shotgun,Legendary,generated-core,"2039302152,47981717",58,93,E,source-indicated,type mean + shrunk perk residuals + shrunk pair residual + Fox profile governance
4020742303,Prophet of Doom,Shotgun,Legendary,generated-core,"2039302152,3275789089",72,79,E,source-indicated,type mean + shrunk perk residuals + shrunk pair residual + Fox profile governance
4020742303,Prophet of Doom,Shotgun,Legendary,generated-fallback,,66,57,E,source-indicated,type prior minus fallback margin + Fox profile governance
4276696962,Python,Shotgun,Legendary,generated-core,"3182497402,1134488199",98,58,E,source-indicated,type mean + shrunk perk residuals + shrunk pair residual + Fox profile governance
4276696962,Python,Shotgun,Legendary,generated-core,"776531651,1134488199",98,57,E,source-indicated,type mean + shrunk perk residuals + shrunk pair residual + Fox profile governance
4276696962,Python,Shotgun,Legendary,generated-core,"776531651,2360754333",98,53,E,source-indicated,type mean + shrunk perk residuals + shrunk pair residual + Fox profile governance
4276696962,Python,Shotgun,Legendary,generated-core,"3161816588,47981717",59,93,E,source-indicated,type mean + shrunk perk residuals + shrunk pair residual + Fox profile governance
4276696962,Python,Shotgun,Legendary,generated-core,"4071163871,47981717",58,93,E,source-indicated,type mean + shrunk perk residuals + shrunk pair residual + Fox profile governance
4276696962,Python,Shotgun,Legendary,generated-fallback,,66,57,E,source-indicated,type prior minus fallback margin + Fox profile governance
3085559077,Reckless Endangerment,Shotgun,Legendary,generated-core,"2289534249,1226351311",98,53,E,source-indicated,type mean + shrunk perk residuals + shrunk pair residual + Fox profile governance
3085559077,Reckless Endangerment,Shotgun,Legendary,generated-core,"1631667848,2360754333",98,52,E,source-indicated,type mean + shrunk perk residuals + shrunk pair residual + Fox profile governance
3085559077,Reckless Endangerment,Shotgun,Legendary,generated-core,"2289534249,2360754333",94,57,E,source-indicated,type mean + shrunk perk residuals + shrunk pair residual + Fox profile governance
3085559077,Reckless Endangerment,Shotgun,Legendary,generated-core,"2579169598,47981717",61,93,E,source-indicated,type mean + shrunk perk residuals + shrunk pair residual + Fox profile governance
3085559077,Reckless Endangerment,Shotgun,Legendary,generated-core,"1428297954,47981717",58,93,E,source-indicated,type mean + shrunk perk residuals + shrunk pair residual + Fox profile governance
3085559077,Reckless Endangerment,Shotgun,Legendary,generated-fallback,,66,57,E,source-indicated,type prior minus fallback margin + Fox profile governance
3442151842,Retold Tale,Shotgun,Legendary,generated-core,"776531651,1134488199",98,57,E,source-indicated,type mean + shrunk perk residuals + shrunk pair residual + Fox profile governance
3442151842,Retold Tale,Shotgun,Legendary,generated-core,"776531651,2048641572",98,51,E,source-indicated,type mean + shrunk perk residuals + shrunk pair residual + Fox profile governance
3442151842,Retold Tale,Shotgun,Legendary,generated-core,"776531651,2679249093",96,56,E,source-indicated,type mean + shrunk perk residuals + shrunk pair residual + Fox profile governance
3442151842,Retold Tale,Shotgun,Legendary,generated-core,"2579169598,1015611457",58,93,E,source-indicated,type mean + shrunk perk residuals + shrunk pair residual + Fox profile governance
3442151842,Retold Tale,Shotgun,Legendary,generated-core,"2579169598,1194056669",58,93,E,source-indicated,type mean + shrunk perk residuals + shrunk pair residual + Fox profile governance
3442151842,Retold Tale,Shotgun,Legendary,generated-fallback,,66,57,E,source-indicated,type prior minus fallback margin + Fox profile governance
1402766122,Retrofuturist,Shotgun,Legendary,generated-core,"25606670,2360754333",92,60,E,source-indicated,type mean + shrunk perk residuals + shrunk pair residual + Fox profile governance
1402766122,Retrofuturist,Shotgun,Legendary,generated-core,"25606670,4049631843",90,59,E,source-indicated,type mean + shrunk perk residuals + shrunk pair residual + Fox profile governance
1402766122,Retrofuturist,Shotgun,Legendary,generated-core,"706527188,2360754333",88,66,E,source-indicated,type mean + shrunk perk residuals + shrunk pair residual + Fox profile governance
1402766122,Retrofuturist,Shotgun,Legendary,generated-core,"1866048759,2726471870",66,84,E,source-indicated,type mean + shrunk perk residuals + shrunk pair residual + Fox profile governance
1402766122,Retrofuturist,Shotgun,Legendary,generated-core,"1866048759,957782887",68,81,E,source-indicated,type mean + shrunk perk residuals + shrunk pair residual + Fox profile governance
1402766122,Retrofuturist,Shotgun,Legendary,generated-fallback,,66,57,E,source-indicated,type prior minus fallback margin + Fox profile governance
3688176697,Retrofuturist,Shotgun,Legendary,generated-core,"3300816228,2360754333",97,60,E,source-indicated,type mean + shrunk perk residuals + shrunk pair residual + Fox profile governance
3688176697,Retrofuturist,Shotgun,Legendary,generated-core,"3300816228,2048641572",95,62,E,source-indicated,type mean + shrunk perk residuals + shrunk pair residual + Fox profile governance
3688176697,Retrofuturist,Shotgun,Legendary,generated-core,"3300816228,968510818",93,63,E,source-indicated,type mean + shrunk perk residuals + shrunk pair residual + Fox profile governance
3688176697,Retrofuturist,Shotgun,Legendary,generated-core,"1866048759,2726471870",66,84,E,source-indicated,type mean + shrunk perk residuals + shrunk pair residual + Fox profile governance
3688176697,Retrofuturist,Shotgun,Legendary,generated-core,"1821614984,2726471870",66,82,E,source-indicated,type mean + shrunk perk residuals + shrunk pair residual + Fox profile governance
3688176697,Retrofuturist,Shotgun,Legendary,generated-fallback,,66,57,E,source-indicated,type prior minus fallback margin + Fox profile governance
557165046,Riiswalker,Shotgun,Legendary,generated-core,"3978468247,1546637391",89,63,E,source-indicated,type mean + shrunk perk residuals + shrunk pair residual + Fox profile governance
557165046,Riiswalker,Shotgun,Legendary,generated-core,"3978468247,591790007",86,65,E,source-indicated,type mean + shrunk perk residuals + shrunk pair residual + Fox profile governance
557165046,Riiswalker,Shotgun,Legendary,generated-core,"1126264488,591790007",80,71,E,source-indicated,type mean + shrunk perk residuals + shrunk pair residual + Fox profile governance
557165046,Riiswalker,Shotgun,Legendary,generated-core,"3161816588,47981717",59,93,E,source-indicated,type mean + shrunk perk residuals + shrunk pair residual + Fox profile governance
557165046,Riiswalker,Shotgun,Legendary,generated-core,"3161816588,2451262963",58,93,E,source-indicated,type mean + shrunk perk residuals + shrunk pair residual + Fox profile governance
557165046,Riiswalker,Shotgun,Legendary,generated-fallback,,66,57,E,source-indicated,type prior minus fallback margin + Fox profile governance
1764868900,Riiswalker,Shotgun,Legendary,generated-core,"3978468247,1546637391",89,63,E,availability-unverified,type mean + shrunk perk residuals + shrunk pair residual + Fox profile governance
1764868900,Riiswalker,Shotgun,Legendary,generated-core,"3978468247,591790007",86,65,E,availability-unverified,type mean + shrunk perk residuals + shrunk pair residual + Fox profile governance
1764868900,Riiswalker,Shotgun,Legendary,generated-core,"2586829431,591790007",80,71,E,availability-unverified,type mean + shrunk perk residuals + shrunk pair residual + Fox profile governance
1764868900,Riiswalker,Shotgun,Legendary,generated-core,"3161816588,47981717",59,93,E,availability-unverified,type mean + shrunk perk residuals + shrunk pair residual + Fox profile governance
1764868900,Riiswalker,Shotgun,Legendary,generated-core,"3161816588,2451262963",58,93,E,availability-unverified,type mean + shrunk perk residuals + shrunk pair residual + Fox profile governance
1764868900,Riiswalker,Shotgun,Legendary,generated-fallback,,66,57,E,availability-unverified,type prior minus fallback margin + Fox profile governance
3232203524,Someday,Shotgun,Legendary,generated-core,"2679249093,3751912585",97,56,E,source-indicated,type mean + shrunk perk residuals + shrunk pair residual + Fox profile governance
3232203524,Someday,Shotgun,Legendary,generated-core,"2679249093,469285294",95,60,E,source-indicated,type mean + shrunk perk residuals + shrunk pair residual + Fox profile governance
3232203524,Someday,Shotgun,Legendary,generated-core,"1119449540,3751912585",95,56,E,source-indicated,type mean + shrunk perk residuals + shrunk pair residual + Fox profile governance
3232203524,Someday,Shotgun,Legendary,generated-core,"4071163871,47981717",58,93,E,source-indicated,type mean + shrunk perk residuals + shrunk pair residual + Fox profile governance
3232203524,Someday,Shotgun,Legendary,generated-core,"4071163871,1194056669",58,93,E,source-indicated,type mean + shrunk perk residuals + shrunk pair residual + Fox profile governance
3232203524,Someday,Shotgun,Legendary,generated-fallback,,66,57,E,source-indicated,type prior minus fallback margin + Fox profile governance
3868973291,Starscape Null,Shotgun,Legendary,generated-core,"1523832109,3764420437",98,54,E,source-indicated,type mean + shrunk perk residuals + shrunk pair residual + Fox profile governance
3868973291,Starscape Null,Shotgun,Legendary,generated-core,"3987942396,3764420437",98,54,E,source-indicated,type mean + shrunk perk residuals + shrunk pair residual + Fox profile governance
3868973291,Starscape Null,Shotgun,Legendary,generated-core,"3418782618,2360754333",98,53,E,source-indicated,type mean + shrunk perk residuals + shrunk pair residual + Fox profile governance
3868973291,Starscape Null,Shotgun,Legendary,generated-core,"691659142,4082225868",66,75,E,source-indicated,type mean + shrunk perk residuals + shrunk pair residual + Fox profile governance
3868973291,Starscape Null,Shotgun,Legendary,generated-core,"1556840489,4082225868",74,70,E,source-indicated,type mean + shrunk perk residuals + shrunk pair residual + Fox profile governance
3868973291,Starscape Null,Shotgun,Legendary,generated-fallback,,66,57,E,source-indicated,type prior minus fallback margin + Fox profile governance
3163900678,Swordbreaker,Shotgun,Legendary,generated-core,"923806249,3764420437",95,56,E,source-indicated,type mean + shrunk perk residuals + shrunk pair residual + Fox profile governance
3163900678,Swordbreaker,Shotgun,Legendary,generated-core,"3215448563,3764420437",94,57,E,source-indicated,type mean + shrunk perk residuals + shrunk pair residual + Fox profile governance
3163900678,Swordbreaker,Shotgun,Legendary,generated-core,"3215448563,2679249093",94,55,E,source-indicated,type mean + shrunk perk residuals + shrunk pair residual + Fox profile governance
3163900678,Swordbreaker,Shotgun,Legendary,generated-core,"3161816588,47981717",59,93,E,source-indicated,type mean + shrunk perk residuals + shrunk pair residual + Fox profile governance
3163900678,Swordbreaker,Shotgun,Legendary,generated-core,"4071163871,47981717",58,93,E,source-indicated,type mean + shrunk perk residuals + shrunk pair residual + Fox profile governance
3163900678,Swordbreaker,Shotgun,Legendary,generated-fallback,,66,57,E,source-indicated,type prior minus fallback margin + Fox profile governance
1239700299,Swordbreaker (Adept),Shotgun,Legendary,generated-core,"923806249,3764420437",95,56,E,source-indicated,type mean + shrunk perk residuals + shrunk pair residual + Fox profile governance
1239700299,Swordbreaker (Adept),Shotgun,Legendary,generated-core,"3215448563,3764420437",94,57,E,source-indicated,type mean + shrunk perk residuals + shrunk pair residual + Fox profile governance
1239700299,Swordbreaker (Adept),Shotgun,Legendary,generated-core,"3215448563,2679249093",94,55,E,source-indicated,type mean + shrunk perk residuals + shrunk pair residual + Fox profile governance
1239700299,Swordbreaker (Adept),Shotgun,Legendary,generated-core,"3161816588,47981717",59,93,E,source-indicated,type mean + shrunk perk residuals + shrunk pair residual + Fox profile governance
1239700299,Swordbreaker (Adept),Shotgun,Legendary,generated-core,"4071163871,47981717",58,93,E,source-indicated,type mean + shrunk perk residuals + shrunk pair residual + Fox profile governance
1239700299,Swordbreaker (Adept),Shotgun,Legendary,generated-fallback,,66,57,E,source-indicated,type prior minus fallback margin + Fox profile governance
1028582252,The Comedian,Shotgun,Legendary,generated-core,"1556840489,2360754333",94,58,E,source-indicated,type mean + shrunk perk residuals + shrunk pair residual + Fox profile governance
1028582252,The Comedian,Shotgun,Legendary,generated-core,"1820235745,2360754333",91,59,E,source-indicated,type mean + shrunk perk residuals + shrunk pair residual + Fox profile governance
1028582252,The Comedian,Shotgun,Legendary,generated-core,"1820235745,4049631843",88,56,E,source-indicated,type mean + shrunk perk residuals + shrunk pair residual + Fox profile governance
1028582252,The Comedian,Shotgun,Legendary,generated-core,"1866048759,2726471870",66,84,E,source-indicated,type mean + shrunk perk residuals + shrunk pair residual + Fox profile governance
1028582252,The Comedian,Shotgun,Legendary,generated-core,"1866048759,3108830275",71,80,E,source-indicated,type mean + shrunk perk residuals + shrunk pair residual + Fox profile governance
1028582252,The Comedian,Shotgun,Legendary,generated-fallback,,66,57,E,source-indicated,type prior minus fallback margin + Fox profile governance
2443900757,The Comedian (Adept),Shotgun,Legendary,generated-core,"1556840489,2360754333",94,58,E,source-indicated,type mean + shrunk perk residuals + shrunk pair residual + Fox profile governance
2443900757,The Comedian (Adept),Shotgun,Legendary,generated-core,"1820235745,2360754333",91,59,E,source-indicated,type mean + shrunk perk residuals + shrunk pair residual + Fox profile governance
2443900757,The Comedian (Adept),Shotgun,Legendary,generated-core,"1820235745,4049631843",88,56,E,source-indicated,type mean + shrunk perk residuals + shrunk pair residual + Fox profile governance
2443900757,The Comedian (Adept),Shotgun,Legendary,generated-core,"1866048759,2726471870",66,84,E,source-indicated,type mean + shrunk perk residuals + shrunk pair residual + Fox profile governance
2443900757,The Comedian (Adept),Shotgun,Legendary,generated-core,"1866048759,3108830275",71,80,E,source-indicated,type mean + shrunk perk residuals + shrunk pair residual + Fox profile governance
2443900757,The Comedian (Adept),Shotgun,Legendary,generated-fallback,,66,57,E,source-indicated,type prior minus fallback margin + Fox profile governance
2185327324,The Inquisitor,Shotgun,Legendary,generated-core,"1354429876,2610012052",87,63,E,availability-unverified,type mean + shrunk perk residuals + shrunk pair residual + Fox profile governance
2185327324,The Inquisitor,Shotgun,Legendary,generated-core,"1354429876,1870851715",86,65,E,availability-unverified,type mean + shrunk perk residuals + shrunk pair residual + Fox profile governance
2185327324,The Inquisitor,Shotgun,Legendary,generated-core,"1820235745,1870851715",84,65,E,availability-unverified,type mean + shrunk perk residuals + shrunk pair residual + Fox profile governance
2185327324,The Inquisitor,Shotgun,Legendary,generated-core,"1428297954,47981717",58,93,E,availability-unverified,type mean + shrunk perk residuals + shrunk pair residual + Fox profile governance
2185327324,The Inquisitor,Shotgun,Legendary,generated-core,"1428297954,2451262963",58,93,E,availability-unverified,type mean + shrunk perk residuals + shrunk pair residual + Fox profile governance
2185327324,The Inquisitor,Shotgun,Legendary,generated-fallback,,66,57,E,availability-unverified,type prior minus fallback margin + Fox profile governance
2653171212,The Inquisitor,Shotgun,Legendary,generated-core,"1354429876,2610012052",87,63,E,availability-unverified,type mean + shrunk perk residuals + shrunk pair residual + Fox profile governance
2653171212,The Inquisitor,Shotgun,Legendary,generated-core,"1354429876,1870851715",86,65,E,availability-unverified,type mean + shrunk perk residuals + shrunk pair residual + Fox profile governance
2653171212,The Inquisitor,Shotgun,Legendary,generated-core,"1820235745,1870851715",84,65,E,availability-unverified,type mean + shrunk perk residuals + shrunk pair residual + Fox profile governance
2653171212,The Inquisitor,Shotgun,Legendary,generated-core,"1428297954,47981717",58,93,E,availability-unverified,type mean + shrunk perk residuals + shrunk pair residual + Fox profile governance
2653171212,The Inquisitor,Shotgun,Legendary,generated-core,"1428297954,2451262963",58,93,E,availability-unverified,type mean + shrunk perk residuals + shrunk pair residual + Fox profile governance
2653171212,The Inquisitor,Shotgun,Legendary,generated-fallback,,66,57,E,availability-unverified,type prior minus fallback margin + Fox profile governance
2307365,The Inquisitor (Adept),Shotgun,Legendary,generated-core,"1354429876,2610012052",87,63,E,availability-unverified,type mean + shrunk perk residuals + shrunk pair residual + Fox profile governance
2307365,The Inquisitor (Adept),Shotgun,Legendary,generated-core,"1354429876,1870851715",86,65,E,availability-unverified,type mean + shrunk perk residuals + shrunk pair residual + Fox profile governance
2307365,The Inquisitor (Adept),Shotgun,Legendary,generated-core,"1820235745,1870851715",84,65,E,availability-unverified,type mean + shrunk perk residuals + shrunk pair residual + Fox profile governance
2307365,The Inquisitor (Adept),Shotgun,Legendary,generated-core,"1428297954,47981717",58,93,E,availability-unverified,type mean + shrunk perk residuals + shrunk pair residual + Fox profile governance
2307365,The Inquisitor (Adept),Shotgun,Legendary,generated-core,"1428297954,2451262963",58,93,E,availability-unverified,type mean + shrunk perk residuals + shrunk pair residual + Fox profile governance
2307365,The Inquisitor (Adept),Shotgun,Legendary,generated-fallback,,66,57,E,availability-unverified,type prior minus fallback margin + Fox profile governance
825554997,The Inquisitor (Adept),Shotgun,Legendary,generated-core,"1354429876,2610012052",87,63,E,availability-unverified,type mean + shrunk perk residuals + shrunk pair residual + Fox profile governance
825554997,The Inquisitor (Adept),Shotgun,Legendary,generated-core,"1354429876,1870851715",86,65,E,availability-unverified,type mean + shrunk perk residuals + shrunk pair residual + Fox profile governance
825554997,The Inquisitor (Adept),Shotgun,Legendary,generated-core,"1820235745,1870851715",84,65,E,availability-unverified,type mean + shrunk perk residuals + shrunk pair residual + Fox profile governance
825554997,The Inquisitor (Adept),Shotgun,Legendary,generated-core,"1428297954,47981717",58,93,E,availability-unverified,type mean + shrunk perk residuals + shrunk pair residual + Fox profile governance
825554997,The Inquisitor (Adept),Shotgun,Legendary,generated-core,"1428297954,2451262963",58,93,E,availability-unverified,type mean + shrunk perk residuals + shrunk pair residual + Fox profile governance
825554997,The Inquisitor (Adept),Shotgun,Legendary,generated-fallback,,66,57,E,availability-unverified,type prior minus fallback margin + Fox profile governance
1664372054,Threat Level,Shotgun,Legendary,generated-core,"2360754333,1631667848",98,52,E,source-indicated,type mean + shrunk perk residuals + shrunk pair residual + Fox profile governance
1664372054,Threat Level,Shotgun,Legendary,generated-core,"3708227201,1631667848",93,52,E,source-indicated,type mean + shrunk perk residuals + shrunk pair residual + Fox profile governance
1664372054,Threat Level,Shotgun,Legendary,generated-core,"2360754333,706527188",88,66,E,source-indicated,type mean + shrunk perk residuals + shrunk pair residual + Fox profile governance
1664372054,Threat Level,Shotgun,Legendary,generated-core,"588594999,4071163871",64,87,E,source-indicated,type mean + shrunk perk residuals + shrunk pair residual + Fox profile governance
1664372054,Threat Level,Shotgun,Legendary,generated-core,"3161816588,4071163871",64,87,E,source-indicated,type mean + shrunk perk residuals + shrunk pair residual + Fox profile governance
1664372054,Threat Level,Shotgun,Legendary,generated-fallback,,66,57,E,source-indicated,type prior minus fallback margin + Fox profile governance
2888021252,Trachinus,Shotgun,Legendary,generated-core,"1955165503,124408337",98,50,E,availability-unverified,type mean + shrunk perk residuals + shrunk pair residual + Fox profile governance
2888021252,Trachinus,Shotgun,Legendary,generated-core,"1955165503,2978966579",90,61,E,availability-unverified,type mean + shrunk perk residuals + shrunk pair residual + Fox profile governance
2888021252,Trachinus,Shotgun,Legendary,generated-core,"1955165503,555281244",88,68,E,availability-unverified,type mean + shrunk perk residuals + shrunk pair residual + Fox profile governance
2888021252,Trachinus,Shotgun,Legendary,generated-core,"247725512,555281244",68,87,E,availability-unverified,type mean + shrunk perk residuals + shrunk pair residual + Fox profile governance
2888021252,Trachinus,Shotgun,Legendary,generated-core,"2450788523,1195158366",68,87,E,availability-unverified,type mean + shrunk perk residuals + shrunk pair residual + Fox profile governance
2888021252,Trachinus,Shotgun,Legendary,generated-fallback,,66,57,E,availability-unverified,type prior minus fallback margin + Fox profile governance
2888021253,Trachinus,Shotgun,Legendary,generated-core,"1955165503,124408337",98,50,E,availability-unverified,type mean + shrunk perk residuals + shrunk pair residual + Fox profile governance
2888021253,Trachinus,Shotgun,Legendary,generated-core,"1955165503,2978966579",90,61,E,availability-unverified,type mean + shrunk perk residuals + shrunk pair residual + Fox profile governance
2888021253,Trachinus,Shotgun,Legendary,generated-core,"1955165503,555281244",88,68,E,availability-unverified,type mean + shrunk perk residuals + shrunk pair residual + Fox profile governance
2888021253,Trachinus,Shotgun,Legendary,generated-core,"247725512,555281244",68,87,E,availability-unverified,type mean + shrunk perk residuals + shrunk pair residual + Fox profile governance
2888021253,Trachinus,Shotgun,Legendary,generated-core,"2450788523,1195158366",68,87,E,availability-unverified,type mean + shrunk perk residuals + shrunk pair residual + Fox profile governance
2888021253,Trachinus,Shotgun,Legendary,generated-fallback,,66,57,E,availability-unverified,type prior minus fallback margin + Fox profile governance
2888021254,Trachinus,Shotgun,Legendary,generated-core,"1955165503,124408337",98,50,E,availability-unverified,type mean + shrunk perk residuals + shrunk pair residual + Fox profile governance
2888021254,Trachinus,Shotgun,Legendary,generated-core,"1955165503,2978966579",90,61,E,availability-unverified,type mean + shrunk perk residuals + shrunk pair residual + Fox profile governance
2888021254,Trachinus,Shotgun,Legendary,generated-core,"1955165503,555281244",88,68,E,availability-unverified,type mean + shrunk perk residuals + shrunk pair residual + Fox profile governance
2888021254,Trachinus,Shotgun,Legendary,generated-core,"247725512,555281244",68,87,E,availability-unverified,type mean + shrunk perk residuals + shrunk pair residual + Fox profile governance
2888021254,Trachinus,Shotgun,Legendary,generated-core,"2450788523,1195158366",68,87,E,availability-unverified,type mean + shrunk perk residuals + shrunk pair residual + Fox profile governance
2888021254,Trachinus,Shotgun,Legendary,generated-fallback,,66,57,E,availability-unverified,type prior minus fallback margin + Fox profile governance
2888021255,Trachinus,Shotgun,Legendary,generated-core,"1955165503,124408337",98,50,E,availability-unverified,type mean + shrunk perk residuals + shrunk pair residual + Fox profile governance
2888021255,Trachinus,Shotgun,Legendary,generated-core,"1955165503,2978966579",90,61,E,availability-unverified,type mean + shrunk perk residuals + shrunk pair residual + Fox profile governance
2888021255,Trachinus,Shotgun,Legendary,generated-core,"1955165503,555281244",88,68,E,availability-unverified,type mean + shrunk perk residuals + shrunk pair residual + Fox profile governance
2888021255,Trachinus,Shotgun,Legendary,generated-core,"247725512,555281244",68,87,E,availability-unverified,type mean + shrunk perk residuals + shrunk pair residual + Fox profile governance
2888021255,Trachinus,Shotgun,Legendary,generated-core,"2450788523,1195158366",68,87,E,availability-unverified,type mean + shrunk perk residuals + shrunk pair residual + Fox profile governance
2888021255,Trachinus,Shotgun,Legendary,generated-fallback,,66,57,E,availability-unverified,type prior minus fallback margin + Fox profile governance
3635232671,Trachinus,Shotgun,Legendary,generated-core,"1955165503,124408337",98,50,E,source-indicated,type mean + shrunk perk residuals + shrunk pair residual + Fox profile governance
3635232671,Trachinus,Shotgun,Legendary,generated-core,"1955165503,2978966579",90,61,E,source-indicated,type mean + shrunk perk residuals + shrunk pair residual + Fox profile governance
3635232671,Trachinus,Shotgun,Legendary,generated-core,"1955165503,555281244",88,68,E,source-indicated,type mean + shrunk perk residuals + shrunk pair residual + Fox profile governance
3635232671,Trachinus,Shotgun,Legendary,generated-core,"247725512,555281244",68,87,E,source-indicated,type mean + shrunk perk residuals + shrunk pair residual + Fox profile governance
3635232671,Trachinus,Shotgun,Legendary,generated-core,"2450788523,1195158366",68,87,E,source-indicated,type mean + shrunk perk residuals + shrunk pair residual + Fox profile governance
3635232671,Trachinus,Shotgun,Legendary,generated-fallback,,66,57,E,source-indicated,type prior minus fallback margin + Fox profile governance
963732594,Xenoclast IV,Shotgun,Legendary,generated-core,"1631667848,2360754333",98,52,E,source-indicated,type mean + shrunk perk residuals + shrunk pair residual + Fox profile governance
963732594,Xenoclast IV,Shotgun,Legendary,generated-core,"1631667848,2679249093",98,51,E,source-indicated,type mean + shrunk perk residuals + shrunk pair residual + Fox profile governance
963732594,Xenoclast IV,Shotgun,Legendary,generated-core,"3300816228,2360754333",97,60,E,source-indicated,type mean + shrunk perk residuals + shrunk pair residual + Fox profile governance
963732594,Xenoclast IV,Shotgun,Legendary,generated-core,"2039302152,699525795",58,93,E,source-indicated,type mean + shrunk perk residuals + shrunk pair residual + Fox profile governance
963732594,Xenoclast IV,Shotgun,Legendary,generated-core,"3161816588,699525795",66,91,E,source-indicated,type mean + shrunk perk residuals + shrunk pair residual + Fox profile governance
963732594,Xenoclast IV,Shotgun,Legendary,generated-fallback,,66,57,E,source-indicated,type prior minus fallback margin + Fox profile governance
2707464805,Zenith of Your Kind,Shotgun,Legendary,generated-core,3300816228,85,70,E,source-indicated,type mean + shrunk perk residuals + shrunk pair residual + Fox profile governance
2707464805,Zenith of Your Kind,Shotgun,Legendary,generated-core,972757866,80,69,E,source-indicated,type mean + shrunk perk residuals + shrunk pair residual + Fox profile governance
2707464805,Zenith of Your Kind,Shotgun,Legendary,generated-fallback,,66,57,E,source-indicated,type prior minus fallback margin + Fox profile governance
1798874854,18 Kelvins,Sidearm,Legendary,generated-core,47981717,74,79,E,source-indicated,type mean + shrunk perk residuals + shrunk pair residual + Fox profile governance
1798874854,18 Kelvins,Sidearm,Legendary,generated-core,1015611457,74,79,E,source-indicated,type mean + shrunk perk residuals + shrunk pair residual + Fox profile governance
1798874854,18 Kelvins,Sidearm,Legendary,generated-fallback,,68,57,E,source-indicated,type prior minus fallback margin + Fox profile governance
1626503676,A Swift Verdict,Sidearm,Legendary,generated-core,"2946784966,1683379515",87,65,E,source-indicated,type mean + shrunk perk residuals + shrunk pair residual + Fox profile governance
1626503676,A Swift Verdict,Sidearm,Legendary,generated-core,"2946784966,3708227201",87,65,E,source-indicated,type mean + shrunk perk residuals + shrunk pair residual + Fox profile governance
1626503676,A Swift Verdict,Sidearm,Legendary,generated-core,"4267945040,1683379515",87,65,E,source-indicated,type mean + shrunk perk residuals + shrunk pair residual + Fox profile governance
1626503676,A Swift Verdict,Sidearm,Legendary,generated-core,"2450788523,1015611457",65,92,E,source-indicated,type mean + shrunk perk residuals + shrunk pair residual + Fox profile governance
1626503676,A Swift Verdict,Sidearm,Legendary,generated-core,"2450788523,2387244414",71,87,E,source-indicated,type mean + shrunk perk residuals + shrunk pair residual + Fox profile governance
1626503676,A Swift Verdict,Sidearm,Legendary,generated-fallback,,68,57,E,source-indicated,type prior minus fallback margin + Fox profile governance
3854037061,A Swift Verdict,Sidearm,Legendary,generated-core,3161816588,74,79,E,source-indicated,type mean + shrunk perk residuals + shrunk pair residual + Fox profile governance
3854037061,A Swift Verdict,Sidearm,Legendary,generated-core,4071163871,74,78,E,source-indicated,type mean + shrunk perk residuals + shrunk pair residual + Fox profile governance
3854037061,A Swift Verdict,Sidearm,Legendary,generated-fallback,,68,57,E,source-indicated,type prior minus fallback margin + Fox profile governance
1532276803,Allied Demand,Sidearm,Legendary,generated-core,"3300816228,2458213969",88,66,E,availability-unverified,type mean + shrunk perk residuals + shrunk pair residual + Fox profile governance
1532276803,Allied Demand,Sidearm,Legendary,generated-core,"1820235745,4104185692",88,56,E,availability-unverified,type mean + shrunk perk residuals + shrunk pair residual + Fox profile governance
1532276803,Allied Demand,Sidearm,Legendary,generated-core,"3300816228,591790007",87,70,E,availability-unverified,type mean + shrunk perk residuals + shrunk pair residual + Fox profile governance
1532276803,Allied Demand,Sidearm,Legendary,generated-core,"2846385770,699525795",62,87,E,availability-unverified,type mean + shrunk perk residuals + shrunk pair residual + Fox profile governance
1532276803,Allied Demand,Sidearm,Legendary,generated-core,"247725512,699525795",66,85,E,availability-unverified,type mean + shrunk perk residuals + shrunk pair residual + Fox profile governance
1532276803,Allied Demand,Sidearm,Legendary,generated-fallback,,68,57,E,availability-unverified,type prior minus fallback margin + Fox profile governance
3166250992,Allied Demand,Sidearm,Legendary,generated-core,"3300816228,2458213969",88,66,E,source-indicated,type mean + shrunk perk residuals + shrunk pair residual + Fox profile governance
3166250992,Allied Demand,Sidearm,Legendary,generated-core,"1820235745,4104185692",88,56,E,source-indicated,type mean + shrunk perk residuals + shrunk pair residual + Fox profile governance
3166250992,Allied Demand,Sidearm,Legendary,generated-core,"3300816228,591790007",87,70,E,source-indicated,type mean + shrunk perk residuals + shrunk pair residual + Fox profile governance
3166250992,Allied Demand,Sidearm,Legendary,generated-core,"2846385770,699525795",62,87,E,source-indicated,type mean + shrunk perk residuals + shrunk pair residual + Fox profile governance
3166250992,Allied Demand,Sidearm,Legendary,generated-core,"247725512,699525795",66,85,E,source-indicated,type mean + shrunk perk residuals + shrunk pair residual + Fox profile governance
3166250992,Allied Demand,Sidearm,Legendary,generated-fallback,,68,57,E,source-indicated,type prior minus fallback margin + Fox profile governance
3222518097,Anonymous Autumn,Sidearm,Legendary,generated-core,"1168162263,1631667848",91,56,E,source-indicated,type mean + shrunk perk residuals + shrunk pair residual + Fox profile governance
3222518097,Anonymous Autumn,Sidearm,Legendary,generated-core,"1168162263,3425386926",90,62,E,source-indicated,type mean + shrunk perk residuals + shrunk pair residual + Fox profile governance
3222518097,Anonymous Autumn,Sidearm,Legendary,generated-core,"706527188,1631667848",88,64,E,source-indicated,type mean + shrunk perk residuals + shrunk pair residual + Fox profile governance
3222518097,Anonymous Autumn,Sidearm,Legendary,generated-core,"588594999,47981717",60,92,E,source-indicated,type mean + shrunk perk residuals + shrunk pair residual + Fox profile governance
3222518097,Anonymous Autumn,Sidearm,Legendary,generated-core,"4071163871,47981717",60,92,E,source-indicated,type mean + shrunk perk residuals + shrunk pair residual + Fox profile governance
3222518097,Anonymous Autumn,Sidearm,Legendary,generated-fallback,,68,57,E,source-indicated,type prior minus fallback margin + Fox profile governance
1289997971,Breachlight,Sidearm,Legendary,generated-core,"1168162263,3425386926",90,62,E,source-indicated,type mean + shrunk perk residuals + shrunk pair residual + Fox profile governance
1289997971,Breachlight,Sidearm,Legendary,generated-core,"1168162263,706527188",87,65,E,source-indicated,type mean + shrunk perk residuals + shrunk pair residual + Fox profile governance
1289997971,Breachlight,Sidearm,Legendary,generated-core,"1168162263,2458213969",87,60,E,source-indicated,type mean + shrunk perk residuals + shrunk pair residual + Fox profile governance
1289997971,Breachlight,Sidearm,Legendary,generated-core,"1645158859,3511092054",66,82,E,source-indicated,type mean + shrunk perk residuals + shrunk pair residual + Fox profile governance
1289997971,Breachlight,Sidearm,Legendary,generated-core,"1866048759,3511092054",66,82,E,source-indicated,type mean + shrunk perk residuals + shrunk pair residual + Fox profile governance
1289997971,Breachlight,Sidearm,Legendary,generated-fallback,,68,57,E,source-indicated,type prior minus fallback margin + Fox profile governance
213264394,Buzzard,Sidearm,Legendary,generated-core,"1354429876,3891536761",96,56,E,source-indicated,type mean + shrunk perk residuals + shrunk pair residual + Fox profile governance
213264394,Buzzard,Sidearm,Legendary,generated-core,"3643424744,3891536761",95,59,E,source-indicated,type mean + shrunk perk residuals + shrunk pair residual + Fox profile governance
213264394,Buzzard,Sidearm,Legendary,generated-core,"671806388,3891536761",90,63,E,source-indicated,type mean + shrunk perk residuals + shrunk pair residual + Fox profile governance
213264394,Buzzard,Sidearm,Legendary,generated-core,"1195158366,2846385770",66,87,E,source-indicated,type mean + shrunk perk residuals + shrunk pair residual + Fox profile governance
213264394,Buzzard,Sidearm,Legendary,generated-core,"1428297954,2846385770",66,85,E,source-indicated,type mean + shrunk perk residuals + shrunk pair residual + Fox profile governance
213264394,Buzzard,Sidearm,Legendary,generated-fallback,,68,57,E,source-indicated,type prior minus fallback margin + Fox profile governance
805677041,Buzzard,Sidearm,Legendary,generated-core,"1354429876,1774574192",88,64,E,source-indicated,type mean + shrunk perk residuals + shrunk pair residual + Fox profile governance
805677041,Buzzard,Sidearm,Legendary,generated-core,"1168162263,1774574192",86,64,E,source-indicated,type mean + shrunk perk residuals + shrunk pair residual + Fox profile governance
805677041,Buzzard,Sidearm,Legendary,generated-core,"1354429876,4082225868",82,65,E,source-indicated,type mean + shrunk perk residuals + shrunk pair residual + Fox profile governance
805677041,Buzzard,Sidearm,Legendary,generated-core,"1168162263,4082225868",80,65,E,source-indicated,type mean + shrunk perk residuals + shrunk pair residual + Fox profile governance
805677041,Buzzard,Sidearm,Legendary,generated-fallback,,68,57,E,source-indicated,type prior minus fallback margin + Fox profile governance
4237970862,Buzzard,Sidearm,Legendary,generated-core,"1354429876,3891536761",96,56,E,source-indicated,type mean + shrunk perk residuals + shrunk pair residual + Fox profile governance
4237970862,Buzzard,Sidearm,Legendary,generated-core,"3643424744,3891536761",95,59,E,source-indicated,type mean + shrunk perk residuals + shrunk pair residual + Fox profile governance
4237970862,Buzzard,Sidearm,Legendary,generated-core,"671806388,3891536761",90,63,E,source-indicated,type mean + shrunk perk residuals + shrunk pair residual + Fox profile governance
4237970862,Buzzard,Sidearm,Legendary,generated-core,"1195158366,2846385770",66,87,E,source-indicated,type mean + shrunk perk residuals + shrunk pair residual + Fox profile governance
4237970862,Buzzard,Sidearm,Legendary,generated-core,"1428297954,2846385770",66,85,E,source-indicated,type mean + shrunk perk residuals + shrunk pair residual + Fox profile governance
4237970862,Buzzard,Sidearm,Legendary,generated-fallback,,68,57,E,source-indicated,type prior minus fallback margin + Fox profile governance
927835311,Buzzard (Adept),Sidearm,Legendary,generated-core,"1354429876,3891536761",96,56,E,source-indicated,type mean + shrunk perk residuals + shrunk pair residual + Fox profile governance
927835311,Buzzard (Adept),Sidearm,Legendary,generated-core,"3643424744,3891536761",95,59,E,source-indicated,type mean + shrunk perk residuals + shrunk pair residual + Fox profile governance
927835311,Buzzard (Adept),Sidearm,Legendary,generated-core,"671806388,3891536761",90,63,E,source-indicated,type mean + shrunk perk residuals + shrunk pair residual + Fox profile governance
927835311,Buzzard (Adept),Sidearm,Legendary,generated-core,"1195158366,2846385770",66,87,E,source-indicated,type mean + shrunk perk residuals + shrunk pair residual + Fox profile governance
927835311,Buzzard (Adept),Sidearm,Legendary,generated-core,"1428297954,2846385770",66,85,E,source-indicated,type mean + shrunk perk residuals + shrunk pair residual + Fox profile governance
927835311,Buzzard (Adept),Sidearm,Legendary,generated-fallback,,68,57,E,source-indicated,type prior minus fallback margin + Fox profile governance
3751622019,Dead Man Walking XX7463,Sidearm,Legendary,generated-core,"1168162263,1631667848",91,56,E,source-indicated,type mean + shrunk perk residuals + shrunk pair residual + Fox profile governance
3751622019,Dead Man Walking XX7463,Sidearm,Legendary,generated-core,"1168162263,3425386926",90,62,E,source-indicated,type mean + shrunk perk residuals + shrunk pair residual + Fox profile governance
3751622019,Dead Man Walking XX7463,Sidearm,Legendary,generated-core,"706527188,1631667848",88,64,E,source-indicated,type mean + shrunk perk residuals + shrunk pair residual + Fox profile governance
3751622019,Dead Man Walking XX7463,Sidearm,Legendary,generated-core,"588594999,47981717",60,92,E,source-indicated,type mean + shrunk perk residuals + shrunk pair residual + Fox profile governance
3751622019,Dead Man Walking XX7463,Sidearm,Legendary,generated-core,"4071163871,47981717",60,92,E,source-indicated,type mean + shrunk perk residuals + shrunk pair residual + Fox profile governance
3751622019,Dead Man Walking XX7463,Sidearm,Legendary,generated-fallback,,68,57,E,source-indicated,type prior minus fallback margin + Fox profile governance
3334276333,Death by Scorn,Sidearm,Legendary,generated-core,460017080,74,79,E,source-indicated,type mean + shrunk perk residuals + shrunk pair residual + Fox profile governance
3334276333,Death by Scorn,Sidearm,Legendary,generated-core,2387244414,74,79,E,source-indicated,type mean + shrunk perk residuals + shrunk pair residual + Fox profile governance
3334276333,Death by Scorn,Sidearm,Legendary,generated-fallback,,68,57,E,source-indicated,type prior minus fallback margin + Fox profile governance
79075821,Drang (Baroque),Sidearm,Legendary,generated-core,"1683379515,3425386926",91,64,E,source-indicated,type mean + shrunk perk residuals + shrunk pair residual + Fox profile governance
79075821,Drang (Baroque),Sidearm,Legendary,generated-core,"706527188,3425386926",87,71,E,source-indicated,type mean + shrunk perk residuals + shrunk pair residual + Fox profile governance
79075821,Drang (Baroque),Sidearm,Legendary,generated-core,"1683379515,205890336",87,65,E,source-indicated,type mean + shrunk perk residuals + shrunk pair residual + Fox profile governance
79075821,Drang (Baroque),Sidearm,Legendary,generated-core,"699525795,2387244414",62,90,E,source-indicated,type mean + shrunk perk residuals + shrunk pair residual + Fox profile governance
79075821,Drang (Baroque),Sidearm,Legendary,generated-core,"47981717,2387244414",66,87,E,source-indicated,type mean + shrunk perk residuals + shrunk pair residual + Fox profile governance
79075821,Drang (Baroque),Sidearm,Legendary,generated-fallback,,68,57,E,source-indicated,type prior minus fallback margin + Fox profile governance
1663482635,Faustus Decline,Sidearm,Legendary,generated-core,"1955165503,124408337",98,49,E,source-indicated,type mean + shrunk perk residuals + shrunk pair residual + Fox profile governance
1663482635,Faustus Decline,Sidearm,Legendary,generated-core,"1955165503,555281244",91,67,E,source-indicated,type mean + shrunk perk residuals + shrunk pair residual + Fox profile governance
1663482635,Faustus Decline,Sidearm,Legendary,generated-core,"3523296417,124408337",91,56,E,source-indicated,type mean + shrunk perk residuals + shrunk pair residual + Fox profile governance
1663482635,Faustus Decline,Sidearm,Legendary,generated-core,"2450788523,31345821",74,93,E,source-indicated,type mean + shrunk perk residuals + shrunk pair residual + Fox profile governance
1663482635,Faustus Decline,Sidearm,Legendary,generated-core,"2579169598,31345821",64,93,E,source-indicated,type mean + shrunk perk residuals + shrunk pair residual + Fox profile governance
1663482635,Faustus Decline,Sidearm,Legendary,generated-fallback,,68,57,E,source-indicated,type prior minus fallback margin + Fox profile governance
2405619467,Forgiveness (Adept),Sidearm,Legendary,generated-core,"1820235745,2458213969",87,61,E,source-indicated,type mean + shrunk perk residuals + shrunk pair residual + Fox profile governance
2405619467,Forgiveness (Adept),Sidearm,Legendary,generated-core,"744594675,2458213969",83,67,E,source-indicated,type mean + shrunk perk residuals + shrunk pair residual + Fox profile governance
2405619467,Forgiveness (Adept),Sidearm,Legendary,generated-core,"3722653512,2458213969",83,67,E,source-indicated,type mean + shrunk perk residuals + shrunk pair residual + Fox profile governance
2405619467,Forgiveness (Adept),Sidearm,Legendary,generated-core,"2450788523,2451262963",71,87,E,source-indicated,type mean + shrunk perk residuals + shrunk pair residual + Fox profile governance
2405619467,Forgiveness (Adept),Sidearm,Legendary,generated-core,"588594999,2451262963",66,87,E,source-indicated,type mean + shrunk perk residuals + shrunk pair residual + Fox profile governance
2405619467,Forgiveness (Adept),Sidearm,Legendary,generated-fallback,,68,57,E,source-indicated,type prior minus fallback margin + Fox profile governance
3622137132,Last Hope,Sidearm,Legendary,generated-core,"1631667848,3425386926",91,61,E,source-indicated,type mean + shrunk perk residuals + shrunk pair residual + Fox profile governance
3622137132,Last Hope,Sidearm,Legendary,generated-core,"1631667848,2848615171",91,58,E,source-indicated,type mean + shrunk perk residuals + shrunk pair residual + Fox profile governance
3622137132,Last Hope,Sidearm,Legendary,generated-core,"2869569095,2848615171",89,61,E,source-indicated,type mean + shrunk perk residuals + shrunk pair residual + Fox profile governance
3622137132,Last Hope,Sidearm,Legendary,generated-core,"2846385770,1866048759",66,87,E,source-indicated,type mean + shrunk perk residuals + shrunk pair residual + Fox profile governance
3622137132,Last Hope,Sidearm,Legendary,generated-core,"2846385770,1890422124",66,87,E,source-indicated,type mean + shrunk perk residuals + shrunk pair residual + Fox profile governance
3622137132,Last Hope,Sidearm,Legendary,generated-fallback,,68,57,E,source-indicated,type prior minus fallback margin + Fox profile governance
2084611899,Last of the Legion,Sidearm,Legendary,generated-core,2010801679,83,66,E,source-indicated,type mean + shrunk perk residuals + shrunk pair residual + Fox profile governance
2084611899,Last of the Legion,Sidearm,Legendary,generated-core,2387244414,74,79,E,source-indicated,type mean + shrunk perk residuals + shrunk pair residual + Fox profile governance
2084611899,Last of the Legion,Sidearm,Legendary,generated-fallback,,68,57,E,source-indicated,type prior minus fallback margin + Fox profile governance
355893876,Liminal Vigil,Sidearm,Legendary,generated-core,"243981275,1955165503",98,52,E,source-indicated,type mean + shrunk perk residuals + shrunk pair residual + Fox profile governance
355893876,Liminal Vigil,Sidearm,Legendary,generated-core,"2922950962,1955165503",98,50,E,source-indicated,type mean + shrunk perk residuals + shrunk pair residual + Fox profile governance
355893876,Liminal Vigil,Sidearm,Legendary,generated-core,"124408337,1955165503",98,49,E,source-indicated,type mean + shrunk perk residuals + shrunk pair residual + Fox profile governance
355893876,Liminal Vigil,Sidearm,Legendary,generated-core,"2387244414,460017080",60,93,E,source-indicated,type mean + shrunk perk residuals + shrunk pair residual + Fox profile governance
355893876,Liminal Vigil,Sidearm,Legendary,generated-core,"2387244414,1015611457",60,93,E,source-indicated,type mean + shrunk perk residuals + shrunk pair residual + Fox profile governance
355893876,Liminal Vigil,Sidearm,Legendary,generated-fallback,,68,57,E,source-indicated,type prior minus fallback margin + Fox profile governance
843171043,Lonesome,Sidearm,Legendary,generated-core,"1631667848,2458213969",88,59,E,source-indicated,type mean + shrunk perk residuals + shrunk pair residual + Fox profile governance
843171043,Lonesome,Sidearm,Legendary,generated-core,"1168162263,3523296417",87,63,E,source-indicated,type mean + shrunk perk residuals + shrunk pair residual + Fox profile governance
843171043,Lonesome,Sidearm,Legendary,generated-core,"1631667848,3523296417",87,62,E,source-indicated,type mean + shrunk perk residuals + shrunk pair residual + Fox profile governance
843171043,Lonesome,Sidearm,Legendary,generated-core,"2387244414,1015611457",60,93,E,source-indicated,type mean + shrunk perk residuals + shrunk pair residual + Fox profile governance
843171043,Lonesome,Sidearm,Legendary,generated-core,"247725512,1015611457",60,90,E,source-indicated,type mean + shrunk perk residuals + shrunk pair residual + Fox profile governance
843171043,Lonesome,Sidearm,Legendary,generated-fallback,,68,57,E,source-indicated,type prior minus fallback margin + Fox profile governance
2199171672,Lonesome,Sidearm,Legendary,generated-core,"3643424744,3523296417",89,65,E,source-indicated,type mean + shrunk perk residuals + shrunk pair residual + Fox profile governance
2199171672,Lonesome,Sidearm,Legendary,generated-core,"3643424744,2458213969",89,63,E,source-indicated,type mean + shrunk perk residuals + shrunk pair residual + Fox profile governance
2199171672,Lonesome,Sidearm,Legendary,generated-core,"1631667848,2458213969",88,59,E,source-indicated,type mean + shrunk perk residuals + shrunk pair residual + Fox profile governance
2199171672,Lonesome,Sidearm,Legendary,generated-core,"2387244414,1015611457",60,93,E,source-indicated,type mean + shrunk perk residuals + shrunk pair residual + Fox profile governance
2199171672,Lonesome,Sidearm,Legendary,generated-core,"247725512,1015611457",60,90,E,source-indicated,type mean + shrunk perk residuals + shrunk pair residual + Fox profile governance
2199171672,Lonesome,Sidearm,Legendary,generated-fallback,,68,57,E,source-indicated,type prior minus fallback margin + Fox profile governance
231031173,Mykel's Reverence,Sidearm,Legendary,generated-core,"4019266109,3081867624",98,56,E,source-indicated,type mean + shrunk perk residuals + shrunk pair residual + Fox profile governance
231031173,Mykel's Reverence,Sidearm,Legendary,generated-core,"4019266109,831391274",96,57,E,source-indicated,type mean + shrunk perk residuals + shrunk pair residual + Fox profile governance
231031173,Mykel's Reverence,Sidearm,Legendary,generated-core,"4019266109,3215448563",96,57,E,source-indicated,type mean + shrunk perk residuals + shrunk pair residual + Fox profile governance
231031173,Mykel's Reverence,Sidearm,Legendary,generated-core,"1428297954,1890422124",66,87,E,source-indicated,type mean + shrunk perk residuals + shrunk pair residual + Fox profile governance
231031173,Mykel's Reverence,Sidearm,Legendary,generated-core,"1428297954,2416023159",66,87,E,source-indicated,type mean + shrunk perk residuals + shrunk pair residual + Fox profile governance
231031173,Mykel's Reverence,Sidearm,Legendary,generated-fallback,,68,57,E,source-indicated,type prior minus fallback margin + Fox profile governance
1986287028,Mykel's Reverence (Adept),Sidearm,Legendary,generated-core,"4019266109,3081867624",98,56,E,source-indicated,type mean + shrunk perk residuals + shrunk pair residual + Fox profile governance
1986287028,Mykel's Reverence (Adept),Sidearm,Legendary,generated-core,"4019266109,831391274",96,57,E,source-indicated,type mean + shrunk perk residuals + shrunk pair residual + Fox profile governance
1986287028,Mykel's Reverence (Adept),Sidearm,Legendary,generated-core,"4019266109,3215448563",96,57,E,source-indicated,type mean + shrunk perk residuals + shrunk pair residual + Fox profile governance
1986287028,Mykel's Reverence (Adept),Sidearm,Legendary,generated-core,"1428297954,1890422124",66,87,E,source-indicated,type mean + shrunk perk residuals + shrunk pair residual + Fox profile governance
1986287028,Mykel's Reverence (Adept),Sidearm,Legendary,generated-core,"1428297954,2416023159",66,87,E,source-indicated,type mean + shrunk perk residuals + shrunk pair residual + Fox profile governance
1986287028,Mykel's Reverence (Adept),Sidearm,Legendary,generated-fallback,,68,57,E,source-indicated,type prior minus fallback margin + Fox profile governance
3937866388,Seventh Seraph SI-2,Sidearm,Legendary,generated-core,"3300816228,3708227201",96,62,E,source-indicated,type mean + shrunk perk residuals + shrunk pair residual + Fox profile governance
3937866388,Seventh Seraph SI-2,Sidearm,Legendary,generated-core,"2869569095,3708227201",92,55,E,source-indicated,type mean + shrunk perk residuals + shrunk pair residual + Fox profile governance
3937866388,Seventh Seraph SI-2,Sidearm,Legendary,generated-core,"3300816228,2848615171",91,65,E,source-indicated,type mean + shrunk perk residuals + shrunk pair residual + Fox profile governance
3937866388,Seventh Seraph SI-2,Sidearm,Legendary,generated-core,"1866048759,2387244414",66,87,E,source-indicated,type mean + shrunk perk residuals + shrunk pair residual + Fox profile governance
3937866388,Seventh Seraph SI-2,Sidearm,Legendary,generated-core,"4071163871,2387244414",66,86,E,source-indicated,type mean + shrunk perk residuals + shrunk pair residual + Fox profile governance
3937866388,Seventh Seraph SI-2,Sidearm,Legendary,generated-fallback,,68,57,E,source-indicated,type prior minus fallback margin + Fox profile governance
1843044399,Smuggler's Word,Sidearm,Legendary,generated-core,"1168162263,3425386926",90,62,E,source-indicated,type mean + shrunk perk residuals + shrunk pair residual + Fox profile governance
1843044399,Smuggler's Word,Sidearm,Legendary,generated-core,"706527188,3425386926",87,71,E,source-indicated,type mean + shrunk perk residuals + shrunk pair residual + Fox profile governance
1843044399,Smuggler's Word,Sidearm,Legendary,generated-core,"4267945040,3425386926",86,69,E,source-indicated,type mean + shrunk perk residuals + shrunk pair residual + Fox profile governance
1843044399,Smuggler's Word,Sidearm,Legendary,generated-core,"3161816588,47981717",61,93,E,source-indicated,type mean + shrunk perk residuals + shrunk pair residual + Fox profile governance
1843044399,Smuggler's Word,Sidearm,Legendary,generated-core,"588594999,47981717",60,92,E,source-indicated,type mean + shrunk perk residuals + shrunk pair residual + Fox profile governance
1843044399,Smuggler's Word,Sidearm,Legendary,generated-fallback,,68,57,E,source-indicated,type prior minus fallback margin + Fox profile governance
4045298482,Spoiler Alert,Sidearm,Legendary,generated-core,"2946784966,3523296417",83,70,E,source-indicated,type mean + shrunk perk residuals + shrunk pair residual + Fox profile governance
4045298482,Spoiler Alert,Sidearm,Legendary,generated-core,"2946784966,4104185692",83,67,E,source-indicated,type mean + shrunk perk residuals + shrunk pair residual + Fox profile governance
4045298482,Spoiler Alert,Sidearm,Legendary,generated-core,"2779035018,1774574192",83,66,E,source-indicated,type mean + shrunk perk residuals + shrunk pair residual + Fox profile governance
4045298482,Spoiler Alert,Sidearm,Legendary,generated-core,"2450788523,2213355989",71,87,E,source-indicated,type mean + shrunk perk residuals + shrunk pair residual + Fox profile governance
4045298482,Spoiler Alert,Sidearm,Legendary,generated-core,"1645158859,2213355989",66,87,E,source-indicated,type mean + shrunk perk residuals + shrunk pair residual + Fox profile governance
4045298482,Spoiler Alert,Sidearm,Legendary,generated-fallback,,68,57,E,source-indicated,type prior minus fallback margin + Fox profile governance
2009277538,The Last Dance,Sidearm,Legendary,generated-core,"1168162263,2848615171",90,59,E,source-indicated,type mean + shrunk perk residuals + shrunk pair residual + Fox profile governance
2009277538,The Last Dance,Sidearm,Legendary,generated-core,"706527188,2848615171",88,68,E,source-indicated,type mean + shrunk perk residuals + shrunk pair residual + Fox profile governance
2009277538,The Last Dance,Sidearm,Legendary,generated-core,"4267945040,2848615171",86,66,E,source-indicated,type mean + shrunk perk residuals + shrunk pair residual + Fox profile governance
2009277538,The Last Dance,Sidearm,Legendary,generated-core,"588594999,47981717",60,92,E,source-indicated,type mean + shrunk perk residuals + shrunk pair residual + Fox profile governance
2009277538,The Last Dance,Sidearm,Legendary,generated-core,"4071163871,47981717",60,92,E,source-indicated,type mean + shrunk perk residuals + shrunk pair residual + Fox profile governance
2009277538,The Last Dance,Sidearm,Legendary,generated-fallback,,68,57,E,source-indicated,type prior minus fallback margin + Fox profile governance
4045298483,The Last Dance,Sidearm,Legendary,generated-core,"1168162263,2848615171",90,59,E,source-indicated,type mean + shrunk perk residuals + shrunk pair residual + Fox profile governance
4045298483,The Last Dance,Sidearm,Legendary,generated-core,"706527188,2848615171",88,68,E,source-indicated,type mean + shrunk perk residuals + shrunk pair residual + Fox profile governance
4045298483,The Last Dance,Sidearm,Legendary,generated-core,"4267945040,2848615171",86,66,E,source-indicated,type mean + shrunk perk residuals + shrunk pair residual + Fox profile governance
4045298483,The Last Dance,Sidearm,Legendary,generated-core,"588594999,47981717",60,92,E,source-indicated,type mean + shrunk perk residuals + shrunk pair residual + Fox profile governance
4045298483,The Last Dance,Sidearm,Legendary,generated-core,"4071163871,47981717",60,92,E,source-indicated,type mean + shrunk perk residuals + shrunk pair residual + Fox profile governance
4045298483,The Last Dance,Sidearm,Legendary,generated-fallback,,68,57,E,source-indicated,type prior minus fallback margin + Fox profile governance
1843044398,Translation Theory,Sidearm,Legendary,generated-core,"1168162263,1631667848",91,56,E,source-indicated,type mean + shrunk perk residuals + shrunk pair residual + Fox profile governance
1843044398,Translation Theory,Sidearm,Legendary,generated-core,"1168162263,3425386926",90,62,E,source-indicated,type mean + shrunk perk residuals + shrunk pair residual + Fox profile governance
1843044398,Translation Theory,Sidearm,Legendary,generated-core,"4267945040,1631667848",87,63,E,source-indicated,type mean + shrunk perk residuals + shrunk pair residual + Fox profile governance
1843044398,Translation Theory,Sidearm,Legendary,generated-core,"1015611457,1890422124",60,93,E,source-indicated,type mean + shrunk perk residuals + shrunk pair residual + Fox profile governance
1843044398,Translation Theory,Sidearm,Legendary,generated-core,"1015611457,2387244414",60,93,E,source-indicated,type mean + shrunk perk residuals + shrunk pair residual + Fox profile governance
1843044398,Translation Theory,Sidearm,Legendary,generated-fallback,,68,57,E,source-indicated,type prior minus fallback margin + Fox profile governance
4164201232,1000 Yard Stare,Sniper Rifle,Legendary,generated-core,"3400784728,2848615171",89,59,E,availability-unverified,type mean + shrunk perk residuals + shrunk pair residual + Fox profile governance
4164201232,1000 Yard Stare,Sniper Rifle,Legendary,generated-core,"1570042021,2848615171",88,66,E,availability-unverified,type mean + shrunk perk residuals + shrunk pair residual + Fox profile governance
4164201232,1000 Yard Stare,Sniper Rifle,Legendary,generated-core,"706527188,2848615171",87,66,E,availability-unverified,type mean + shrunk perk residuals + shrunk pair residual + Fox profile governance
4164201232,1000 Yard Stare,Sniper Rifle,Legendary,generated-core,"1428297954,588594999",66,85,E,availability-unverified,type mean + shrunk perk residuals + shrunk pair residual + Fox profile governance
4164201232,1000 Yard Stare,Sniper Rifle,Legendary,generated-core,"2866798147,588594999",69,81,E,availability-unverified,type mean + shrunk perk residuals + shrunk pair residual + Fox profile governance
4164201232,1000 Yard Stare,Sniper Rifle,Legendary,generated-fallback,,68,55,E,availability-unverified,type prior minus fallback margin + Fox profile governance
423677697,ALLEN 05,Sniper Rifle,Legendary,generated-core,"3700496672,831391274",98,49,E,source-indicated,type mean + shrunk perk residuals + shrunk pair residual + Fox profile governance
423677697,ALLEN 05,Sniper Rifle,Legendary,generated-core,"960997401,831391274",98,47,E,source-indicated,type mean + shrunk perk residuals + shrunk pair residual + Fox profile governance
423677697,ALLEN 05,Sniper Rifle,Legendary,generated-core,"3700496672,2305480722",97,56,E,source-indicated,type mean + shrunk perk residuals + shrunk pair residual + Fox profile governance
423677697,ALLEN 05,Sniper Rifle,Legendary,generated-core,"2579169598,588594999",60,91,E,source-indicated,type mean + shrunk perk residuals + shrunk pair residual + Fox profile governance
423677697,ALLEN 05,Sniper Rifle,Legendary,generated-core,"2579169598,3938834702",60,91,E,source-indicated,type mean + shrunk perk residuals + shrunk pair residual + Fox profile governance
423677697,ALLEN 05,Sniper Rifle,Legendary,generated-fallback,,68,55,E,source-indicated,type prior minus fallback margin + Fox profile governance
353884603,Alone as a god,Sniper Rifle,Legendary,generated-core,"1517798362,3764420437",98,54,E,source-indicated,type mean + shrunk perk residuals + shrunk pair residual + Fox profile governance
353884603,Alone as a god,Sniper Rifle,Legendary,generated-core,"3418782618,3764420437",98,53,E,source-indicated,type mean + shrunk perk residuals + shrunk pair residual + Fox profile governance
353884603,Alone as a god,Sniper Rifle,Legendary,generated-core,"2289534249,1226351311",98,51,E,source-indicated,type mean + shrunk perk residuals + shrunk pair residual + Fox profile governance
353884603,Alone as a god,Sniper Rifle,Legendary,generated-core,"2579169598,1194056669",60,91,E,source-indicated,type mean + shrunk perk residuals + shrunk pair residual + Fox profile governance
353884603,Alone as a god,Sniper Rifle,Legendary,generated-core,"2054520291,1194056669",74,77,E,source-indicated,type mean + shrunk perk residuals + shrunk pair residual + Fox profile governance
353884603,Alone as a god,Sniper Rifle,Legendary,generated-fallback,,68,55,E,source-indicated,type prior minus fallback margin + Fox profile governance
3380742308,Alone as a god,Sniper Rifle,Legendary,generated-core,3400784728,85,65,E,source-indicated,type mean + shrunk perk residuals + shrunk pair residual + Fox profile governance
3380742308,Alone as a god,Sniper Rifle,Legendary,generated-core,2010801679,82,65,E,source-indicated,type mean + shrunk perk residuals + shrunk pair residual + Fox profile governance
3380742308,Alone as a god,Sniper Rifle,Legendary,generated-fallback,,68,55,E,source-indicated,type prior minus fallback margin + Fox profile governance
4278664152,Alone as a god,Sniper Rifle,Legendary,generated-core,"1517798362,3764420437",98,54,E,availability-unverified,type mean + shrunk perk residuals + shrunk pair residual + Fox profile governance
4278664152,Alone as a god,Sniper Rifle,Legendary,generated-core,"3418782618,3764420437",98,53,E,availability-unverified,type mean + shrunk perk residuals + shrunk pair residual + Fox profile governance
4278664152,Alone as a god,Sniper Rifle,Legendary,generated-core,"2289534249,1226351311",98,51,E,availability-unverified,type mean + shrunk perk residuals + shrunk pair residual + Fox profile governance
4278664152,Alone as a god,Sniper Rifle,Legendary,generated-core,"2579169598,1194056669",60,91,E,availability-unverified,type mean + shrunk perk residuals + shrunk pair residual + Fox profile governance
4278664152,Alone as a god,Sniper Rifle,Legendary,generated-core,"2054520291,1194056669",74,77,E,availability-unverified,type mean + shrunk perk residuals + shrunk pair residual + Fox profile governance
4278664152,Alone as a god,Sniper Rifle,Legendary,generated-fallback,,68,55,E,availability-unverified,type prior minus fallback margin + Fox profile governance
4190932264,Beloved,Sniper Rifle,Legendary,generated-core,"2869569095,1354429876",90,57,E,source-indicated,type mean + shrunk perk residuals + shrunk pair residual + Fox profile governance
4190932264,Beloved,Sniper Rifle,Legendary,generated-core,"2869569095,3425386926",88,63,E,source-indicated,type mean + shrunk perk residuals + shrunk pair residual + Fox profile governance
4190932264,Beloved,Sniper Rifle,Legendary,generated-core,"280464955,1354429876",88,62,E,source-indicated,type mean + shrunk perk residuals + shrunk pair residual + Fox profile governance
4190932264,Beloved,Sniper Rifle,Legendary,generated-core,"957782887,588594999",64,84,E,source-indicated,type mean + shrunk perk residuals + shrunk pair residual + Fox profile governance
4190932264,Beloved,Sniper Rifle,Legendary,generated-core,"2866798147,588594999",69,81,E,source-indicated,type mean + shrunk perk residuals + shrunk pair residual + Fox profile governance
4190932264,Beloved,Sniper Rifle,Legendary,generated-fallback,,68,55,E,source-indicated,type prior minus fallback margin + Fox profile governance
3169616514,Bite of the Fox,Sniper Rifle,Legendary,generated-core,"280464955,3425386926",86,67,E,availability-unverified,type mean + shrunk perk residuals + shrunk pair residual + Fox profile governance
3169616514,Bite of the Fox,Sniper Rifle,Legendary,generated-core,"280464955,3038247973",86,65,E,availability-unverified,type mean + shrunk perk residuals + shrunk pair residual + Fox profile governance
3169616514,Bite of the Fox,Sniper Rifle,Legendary,generated-core,"280464955,2869569095",84,64,E,availability-unverified,type mean + shrunk perk residuals + shrunk pair residual + Fox profile governance
3169616514,Bite of the Fox,Sniper Rifle,Legendary,generated-core,"4071163871,47981717",60,90,E,availability-unverified,type mean + shrunk perk residuals + shrunk pair residual + Fox profile governance
3169616514,Bite of the Fox,Sniper Rifle,Legendary,generated-core,"1866048759,47981717",66,85,E,availability-unverified,type mean + shrunk perk residuals + shrunk pair residual + Fox profile governance
3169616514,Bite of the Fox,Sniper Rifle,Legendary,generated-fallback,,68,55,E,availability-unverified,type prior minus fallback margin + Fox profile governance
3228096719,Defiance of Yasmin,Sniper Rifle,Legendary,generated-core,"1517798362,3764420437",98,54,E,source-indicated,type mean + shrunk perk residuals + shrunk pair residual + Fox profile governance
3228096719,Defiance of Yasmin,Sniper Rifle,Legendary,generated-core,"3700496672,3764420437",98,54,E,source-indicated,type mean + shrunk perk residuals + shrunk pair residual + Fox profile governance
3228096719,Defiance of Yasmin,Sniper Rifle,Legendary,generated-core,"3418782618,3764420437",98,53,E,source-indicated,type mean + shrunk perk residuals + shrunk pair residual + Fox profile governance
3228096719,Defiance of Yasmin,Sniper Rifle,Legendary,generated-core,"2866798147,47981717",63,87,E,source-indicated,type mean + shrunk perk residuals + shrunk pair residual + Fox profile governance
3228096719,Defiance of Yasmin,Sniper Rifle,Legendary,generated-core,"957782887,47981717",64,84,E,source-indicated,type mean + shrunk perk residuals + shrunk pair residual + Fox profile governance
3228096719,Defiance of Yasmin,Sniper Rifle,Legendary,generated-fallback,,68,55,E,source-indicated,type prior minus fallback margin + Fox profile governance
3503019618,Defiance of Yasmin (Harrowed),Sniper Rifle,Legendary,generated-core,"1517798362,3764420437",98,54,E,source-indicated,type mean + shrunk perk residuals + shrunk pair residual + Fox profile governance
3503019618,Defiance of Yasmin (Harrowed),Sniper Rifle,Legendary,generated-core,"3700496672,3764420437",98,54,E,source-indicated,type mean + shrunk perk residuals + shrunk pair residual + Fox profile governance
3503019618,Defiance of Yasmin (Harrowed),Sniper Rifle,Legendary,generated-core,"3418782618,3764420437",98,53,E,source-indicated,type mean + shrunk perk residuals + shrunk pair residual + Fox profile governance
3503019618,Defiance of Yasmin (Harrowed),Sniper Rifle,Legendary,generated-core,"2866798147,47981717",63,87,E,source-indicated,type mean + shrunk perk residuals + shrunk pair residual + Fox profile governance
3503019618,Defiance of Yasmin (Harrowed),Sniper Rifle,Legendary,generated-core,"957782887,47981717",64,84,E,source-indicated,type mean + shrunk perk residuals + shrunk pair residual + Fox profile governance
3503019618,Defiance of Yasmin (Harrowed),Sniper Rifle,Legendary,generated-fallback,,68,55,E,source-indicated,type prior minus fallback margin + Fox profile governance
2807687156,Distant Tumulus,Sniper Rifle,Legendary,generated-core,"2848615171,1771339417",90,62,E,source-indicated,type mean + shrunk perk residuals + shrunk pair residual + Fox profile governance
2807687156,Distant Tumulus,Sniper Rifle,Legendary,generated-core,"2284787283,1771339417",90,61,E,source-indicated,type mean + shrunk perk residuals + shrunk pair residual + Fox profile governance
2807687156,Distant Tumulus,Sniper Rifle,Legendary,generated-core,"2848615171,1168162263",90,58,E,source-indicated,type mean + shrunk perk residuals + shrunk pair residual + Fox profile governance
2807687156,Distant Tumulus,Sniper Rifle,Legendary,generated-core,"3096702027,47981717",74,77,E,source-indicated,type mean + shrunk perk residuals + shrunk pair residual + Fox profile governance
2807687156,Distant Tumulus,Sniper Rifle,Legendary,generated-core,"1556840489,47981717",75,75,E,source-indicated,type mean + shrunk perk residuals + shrunk pair residual + Fox profile governance
2807687156,Distant Tumulus,Sniper Rifle,Legendary,generated-fallback,,68,55,E,source-indicated,type prior minus fallback margin + Fox profile governance
3100452337,Dreaded Venture,Sniper Rifle,Legendary,generated-core,"1168162263,3300816228",91,61,E,source-indicated,type mean + shrunk perk residuals + shrunk pair residual + Fox profile governance
3100452337,Dreaded Venture,Sniper Rifle,Legendary,generated-core,"3425386926,3300816228",90,66,E,source-indicated,type mean + shrunk perk residuals + shrunk pair residual + Fox profile governance
3100452337,Dreaded Venture,Sniper Rifle,Legendary,generated-core,"3038247973,3300816228",90,64,E,source-indicated,type mean + shrunk perk residuals + shrunk pair residual + Fox profile governance
3100452337,Dreaded Venture,Sniper Rifle,Legendary,generated-core,"3038247973,1866048759",72,79,E,source-indicated,type mean + shrunk perk residuals + shrunk pair residual + Fox profile governance
3100452337,Dreaded Venture,Sniper Rifle,Legendary,generated-core,"3038247973,247725512",72,77,E,source-indicated,type mean + shrunk perk residuals + shrunk pair residual + Fox profile governance
3100452337,Dreaded Venture,Sniper Rifle,Legendary,generated-fallback,,68,55,E,source-indicated,type prior minus fallback margin + Fox profile governance
1873270090,Elegy-49,Sniper Rifle,Legendary,generated-core,"2869569095,3425386926",88,63,E,source-indicated,type mean + shrunk perk residuals + shrunk pair residual + Fox profile governance
1873270090,Elegy-49,Sniper Rifle,Legendary,generated-core,"2869569095,3038247973",88,60,E,source-indicated,type mean + shrunk perk residuals + shrunk pair residual + Fox profile governance
1873270090,Elegy-49,Sniper Rifle,Legendary,generated-core,"2869569095,1168162263",88,57,E,source-indicated,type mean + shrunk perk residuals + shrunk pair residual + Fox profile governance
1873270090,Elegy-49,Sniper Rifle,Legendary,generated-core,"1866048759,588594999",66,85,E,source-indicated,type mean + shrunk perk residuals + shrunk pair residual + Fox profile governance
1873270090,Elegy-49,Sniper Rifle,Legendary,generated-core,"957782887,588594999",64,84,E,source-indicated,type mean + shrunk perk residuals + shrunk pair residual + Fox profile governance
1873270090,Elegy-49,Sniper Rifle,Legendary,generated-fallback,,68,55,E,source-indicated,type prior minus fallback margin + Fox profile governance
627188188,Eye of Sol,Sniper Rifle,Legendary,generated-core,"1421772400,555281244",96,73,E,source-indicated,type mean + shrunk perk residuals + shrunk pair residual + Fox profile governance
627188188,Eye of Sol,Sniper Rifle,Legendary,generated-core,"1421772400,1164602481",95,58,E,source-indicated,type mean + shrunk perk residuals + shrunk pair residual + Fox profile governance
627188188,Eye of Sol,Sniper Rifle,Legendary,generated-core,"1421772400,3993379141",95,58,E,source-indicated,type mean + shrunk perk residuals + shrunk pair residual + Fox profile governance
627188188,Eye of Sol,Sniper Rifle,Legendary,generated-core,"588594999,47981717",60,91,E,source-indicated,type mean + shrunk perk residuals + shrunk pair residual + Fox profile governance
627188188,Eye of Sol,Sniper Rifle,Legendary,generated-core,"1428297954,47981717",60,91,E,source-indicated,type mean + shrunk perk residuals + shrunk pair residual + Fox profile governance
627188188,Eye of Sol,Sniper Rifle,Legendary,generated-fallback,,68,55,E,source-indicated,type prior minus fallback margin + Fox profile governance
1401300690,Eye of Sol,Sniper Rifle,Legendary,generated-core,"2586829431,1164602481",87,64,E,availability-unverified,type mean + shrunk perk residuals + shrunk pair residual + Fox profile governance
1401300690,Eye of Sol,Sniper Rifle,Legendary,generated-core,"2586829431,3993379141",87,64,E,availability-unverified,type mean + shrunk perk residuals + shrunk pair residual + Fox profile governance
1401300690,Eye of Sol,Sniper Rifle,Legendary,generated-core,"2586829431,1771339417",86,66,E,availability-unverified,type mean + shrunk perk residuals + shrunk pair residual + Fox profile governance
1401300690,Eye of Sol,Sniper Rifle,Legendary,generated-core,"588594999,47981717",60,91,E,availability-unverified,type mean + shrunk perk residuals + shrunk pair residual + Fox profile governance
1401300690,Eye of Sol,Sniper Rifle,Legendary,generated-core,"1428297954,47981717",60,91,E,availability-unverified,type mean + shrunk perk residuals + shrunk pair residual + Fox profile governance
1401300690,Eye of Sol,Sniper Rifle,Legendary,generated-fallback,,68,55,E,availability-unverified,type prior minus fallback margin + Fox profile governance
3164743584,Eye of Sol,Sniper Rifle,Legendary,generated-core,"1168162263,2896038713",87,58,E,source-indicated,type mean + shrunk perk residuals + shrunk pair residual + Fox profile governance
3164743584,Eye of Sol,Sniper Rifle,Legendary,generated-core,"1168162263,1264398905",86,62,E,source-indicated,type mean + shrunk perk residuals + shrunk pair residual + Fox profile governance
3164743584,Eye of Sol,Sniper Rifle,Legendary,generated-core,"1168162263,3592538738",86,57,E,source-indicated,type mean + shrunk perk residuals + shrunk pair residual + Fox profile governance
3164743584,Eye of Sol,Sniper Rifle,Legendary,generated-core,"588594999,47981717",60,91,E,source-indicated,type mean + shrunk perk residuals + shrunk pair residual + Fox profile governance
3164743584,Eye of Sol,Sniper Rifle,Legendary,generated-core,"1428297954,47981717",60,91,E,source-indicated,type mean + shrunk perk residuals + shrunk pair residual + Fox profile governance
3164743584,Eye of Sol,Sniper Rifle,Legendary,generated-fallback,,68,55,E,source-indicated,type prior minus fallback margin + Fox profile governance
1321626661,Eye of Sol (Adept),Sniper Rifle,Legendary,generated-core,"1421772400,555281244",96,73,E,source-indicated,type mean + shrunk perk residuals + shrunk pair residual + Fox profile governance
1321626661,Eye of Sol (Adept),Sniper Rifle,Legendary,generated-core,"1421772400,1164602481",95,58,E,source-indicated,type mean + shrunk perk residuals + shrunk pair residual + Fox profile governance
1321626661,Eye of Sol (Adept),Sniper Rifle,Legendary,generated-core,"1421772400,3993379141",95,58,E,source-indicated,type mean + shrunk perk residuals + shrunk pair residual + Fox profile governance
1321626661,Eye of Sol (Adept),Sniper Rifle,Legendary,generated-core,"588594999,47981717",60,91,E,source-indicated,type mean + shrunk perk residuals + shrunk pair residual + Fox profile governance
1321626661,Eye of Sol (Adept),Sniper Rifle,Legendary,generated-core,"1428297954,47981717",60,91,E,source-indicated,type mean + shrunk perk residuals + shrunk pair residual + Fox profile governance
1321626661,Eye of Sol (Adept),Sniper Rifle,Legendary,generated-fallback,,68,55,E,source-indicated,type prior minus fallback margin + Fox profile governance
2059255495,Eye of Sol (Adept),Sniper Rifle,Legendary,generated-core,"2586829431,1164602481",87,64,E,availability-unverified,type mean + shrunk perk residuals + shrunk pair residual + Fox profile governance
2059255495,Eye of Sol (Adept),Sniper Rifle,Legendary,generated-core,"2586829431,3993379141",87,64,E,availability-unverified,type mean + shrunk perk residuals + shrunk pair residual + Fox profile governance
2059255495,Eye of Sol (Adept),Sniper Rifle,Legendary,generated-core,"2586829431,1771339417",86,66,E,availability-unverified,type mean + shrunk perk residuals + shrunk pair residual + Fox profile governance
2059255495,Eye of Sol (Adept),Sniper Rifle,Legendary,generated-core,"588594999,47981717",60,91,E,availability-unverified,type mean + shrunk perk residuals + shrunk pair residual + Fox profile governance
2059255495,Eye of Sol (Adept),Sniper Rifle,Legendary,generated-core,"1428297954,47981717",60,91,E,availability-unverified,type mean + shrunk perk residuals + shrunk pair residual + Fox profile governance
2059255495,Eye of Sol (Adept),Sniper Rifle,Legendary,generated-fallback,,68,55,E,availability-unverified,type prior minus fallback margin + Fox profile governance
3637570176,Eye of Sol (Adept),Sniper Rifle,Legendary,generated-core,"1168162263,2896038713",87,58,E,source-indicated,type mean + shrunk perk residuals + shrunk pair residual + Fox profile governance
3637570176,Eye of Sol (Adept),Sniper Rifle,Legendary,generated-core,"1168162263,1264398905",86,62,E,source-indicated,type mean + shrunk perk residuals + shrunk pair residual + Fox profile governance
3637570176,Eye of Sol (Adept),Sniper Rifle,Legendary,generated-core,"1168162263,3592538738",86,57,E,source-indicated,type mean + shrunk perk residuals + shrunk pair residual + Fox profile governance
3637570176,Eye of Sol (Adept),Sniper Rifle,Legendary,generated-core,"588594999,47981717",60,91,E,source-indicated,type mean + shrunk perk residuals + shrunk pair residual + Fox profile governance
3637570176,Eye of Sol (Adept),Sniper Rifle,Legendary,generated-core,"1428297954,47981717",60,91,E,source-indicated,type mean + shrunk perk residuals + shrunk pair residual + Fox profile governance
3637570176,Eye of Sol (Adept),Sniper Rifle,Legendary,generated-fallback,,68,55,E,source-indicated,type prior minus fallback margin + Fox profile governance
1684914716,Fate Cries Foul,Sniper Rifle,Legendary,generated-core,"2869569095,3425386926",88,63,E,source-indicated,type mean + shrunk perk residuals + shrunk pair residual + Fox profile governance
1684914716,Fate Cries Foul,Sniper Rifle,Legendary,generated-core,"2869569095,2848615171",88,60,E,source-indicated,type mean + shrunk perk residuals + shrunk pair residual + Fox profile governance
1684914716,Fate Cries Foul,Sniper Rifle,Legendary,generated-core,"2869569095,1168162263",88,57,E,source-indicated,type mean + shrunk perk residuals + shrunk pair residual + Fox profile governance
1684914716,Fate Cries Foul,Sniper Rifle,Legendary,generated-core,"1866048759,588594999",66,85,E,source-indicated,type mean + shrunk perk residuals + shrunk pair residual + Fox profile governance
1684914716,Fate Cries Foul,Sniper Rifle,Legendary,generated-core,"957782887,588594999",64,84,E,source-indicated,type mean + shrunk perk residuals + shrunk pair residual + Fox profile governance
1684914716,Fate Cries Foul,Sniper Rifle,Legendary,generated-fallback,,68,55,E,source-indicated,type prior minus fallback margin + Fox profile governance
232119851,Frozen Orbit,Sniper Rifle,Legendary,generated-core,"1556840489,3751912585",93,60,E,availability-unverified,type mean + shrunk perk residuals + shrunk pair residual + Fox profile governance
232119851,Frozen Orbit,Sniper Rifle,Legendary,generated-core,"3400784728,3751912585",93,59,E,availability-unverified,type mean + shrunk perk residuals + shrunk pair residual + Fox profile governance
232119851,Frozen Orbit,Sniper Rifle,Legendary,generated-core,"2450788523,3751912585",86,72,E,availability-unverified,type mean + shrunk perk residuals + shrunk pair residual + Fox profile governance
232119851,Frozen Orbit,Sniper Rifle,Legendary,generated-core,"2579169598,47981717",63,91,E,availability-unverified,type mean + shrunk perk residuals + shrunk pair residual + Fox profile governance
232119851,Frozen Orbit,Sniper Rifle,Legendary,generated-core,"588594999,47981717",60,91,E,availability-unverified,type mean + shrunk perk residuals + shrunk pair residual + Fox profile governance
232119851,Frozen Orbit,Sniper Rifle,Legendary,generated-fallback,,68,55,E,availability-unverified,type prior minus fallback margin + Fox profile governance
1516542120,Frozen Orbit,Sniper Rifle,Legendary,generated-core,"1556840489,3751912585",93,60,E,source-indicated,type mean + shrunk perk residuals + shrunk pair residual + Fox profile governance
1516542120,Frozen Orbit,Sniper Rifle,Legendary,generated-core,"3400784728,3751912585",93,59,E,source-indicated,type mean + shrunk perk residuals + shrunk pair residual + Fox profile governance
1516542120,Frozen Orbit,Sniper Rifle,Legendary,generated-core,"2450788523,3751912585",86,72,E,source-indicated,type mean + shrunk perk residuals + shrunk pair residual + Fox profile governance
1516542120,Frozen Orbit,Sniper Rifle,Legendary,generated-core,"2579169598,47981717",63,91,E,source-indicated,type mean + shrunk perk residuals + shrunk pair residual + Fox profile governance
1516542120,Frozen Orbit,Sniper Rifle,Legendary,generated-core,"588594999,47981717",60,91,E,source-indicated,type mean + shrunk perk residuals + shrunk pair residual + Fox profile governance
1516542120,Frozen Orbit,Sniper Rifle,Legendary,generated-fallback,,68,55,E,source-indicated,type prior minus fallback margin + Fox profile governance
617501162,Gallu RR3,Sniper Rifle,Legendary,generated-core,"3700496672,2848615171",96,54,E,source-indicated,type mean + shrunk perk residuals + shrunk pair residual + Fox profile governance
617501162,Gallu RR3,Sniper Rifle,Legendary,generated-core,"3700496672,2896038713",93,57,E,source-indicated,type mean + shrunk perk residuals + shrunk pair residual + Fox profile governance
617501162,Gallu RR3,Sniper Rifle,Legendary,generated-core,"3643424744,2848615171",92,61,E,source-indicated,type mean + shrunk perk residuals + shrunk pair residual + Fox profile governance
617501162,Gallu RR3,Sniper Rifle,Legendary,generated-core,"2866798147,438098033",71,76,E,source-indicated,type mean + shrunk perk residuals + shrunk pair residual + Fox profile governance
617501162,Gallu RR3,Sniper Rifle,Legendary,generated-core,"509074078,438098033",68,76,E,source-indicated,type mean + shrunk perk residuals + shrunk pair residual + Fox profile governance
617501162,Gallu RR3,Sniper Rifle,Legendary,generated-fallback,,68,55,E,source-indicated,type prior minus fallback margin + Fox profile governance
1253087083,IKELOS_SR_v1.0.2,Sniper Rifle,Legendary,generated-core,"1354429876,1683379515",93,57,E,source-indicated,type mean + shrunk perk residuals + shrunk pair residual + Fox profile governance
1253087083,IKELOS_SR_v1.0.2,Sniper Rifle,Legendary,generated-core,"3400784728,1683379515",90,59,E,source-indicated,type mean + shrunk perk residuals + shrunk pair residual + Fox profile governance
1253087083,IKELOS_SR_v1.0.2,Sniper Rifle,Legendary,generated-core,"1354429876,706527188",89,64,E,source-indicated,type mean + shrunk perk residuals + shrunk pair residual + Fox profile governance
1253087083,IKELOS_SR_v1.0.2,Sniper Rifle,Legendary,generated-core,"588594999,2213355989",66,85,E,source-indicated,type mean + shrunk perk residuals + shrunk pair residual + Fox profile governance
1253087083,IKELOS_SR_v1.0.2,Sniper Rifle,Legendary,generated-core,"588594999,2551157718",68,82,E,source-indicated,type mean + shrunk perk residuals + shrunk pair residual + Fox profile governance
1253087083,IKELOS_SR_v1.0.2,Sniper Rifle,Legendary,generated-fallback,,68,55,E,source-indicated,type prior minus fallback margin + Fox profile governance
2302346155,IKELOS_SR_v1.0.3,Sniper Rifle,Legendary,generated-core,"1354429876,4293542123",96,55,E,source-indicated,type mean + shrunk perk residuals + shrunk pair residual + Fox profile governance
2302346155,IKELOS_SR_v1.0.3,Sniper Rifle,Legendary,generated-core,"3643424744,4293542123",95,58,E,source-indicated,type mean + shrunk perk residuals + shrunk pair residual + Fox profile governance
2302346155,IKELOS_SR_v1.0.3,Sniper Rifle,Legendary,generated-core,"3643424744,1870851715",88,65,E,source-indicated,type mean + shrunk perk residuals + shrunk pair residual + Fox profile governance
2302346155,IKELOS_SR_v1.0.3,Sniper Rifle,Legendary,generated-core,"588594999,1821614984",60,89,E,source-indicated,type mean + shrunk perk residuals + shrunk pair residual + Fox profile governance
2302346155,IKELOS_SR_v1.0.3,Sniper Rifle,Legendary,generated-core,"588594999,2213355989",66,85,E,source-indicated,type mean + shrunk perk residuals + shrunk pair residual + Fox profile governance
2302346155,IKELOS_SR_v1.0.3,Sniper Rifle,Legendary,generated-fallback,,68,55,E,source-indicated,type prior minus fallback margin + Fox profile governance
3023280734,Mechabre,Sniper Rifle,Legendary,generated-core,"1421772400,2173046394",98,53,E,availability-unverified,type mean + shrunk perk residuals + shrunk pair residual + Fox profile governance
3023280734,Mechabre,Sniper Rifle,Legendary,generated-core,"1421772400,3978468247",96,56,E,availability-unverified,type mean + shrunk perk residuals + shrunk pair residual + Fox profile governance
3023280734,Mechabre,Sniper Rifle,Legendary,generated-core,"1421772400,1771339417",94,60,E,availability-unverified,type mean + shrunk perk residuals + shrunk pair residual + Fox profile governance
3023280734,Mechabre,Sniper Rifle,Legendary,generated-core,"3619207468,47981717",68,91,E,availability-unverified,type mean + shrunk perk residuals + shrunk pair residual + Fox profile governance
3023280734,Mechabre,Sniper Rifle,Legendary,generated-core,"2579169598,47981717",63,91,E,availability-unverified,type mean + shrunk perk residuals + shrunk pair residual + Fox profile governance
3023280734,Mechabre,Sniper Rifle,Legendary,generated-fallback,,68,55,E,availability-unverified,type prior minus fallback margin + Fox profile governance
3871226707,Mechabre,Sniper Rifle,Legendary,generated-core,"3300816228,2173046394",96,58,E,source-indicated,type mean + shrunk perk residuals + shrunk pair residual + Fox profile governance
3871226707,Mechabre,Sniper Rifle,Legendary,generated-core,"3300816228,3978468247",93,61,E,source-indicated,type mean + shrunk perk residuals + shrunk pair residual + Fox profile governance
3871226707,Mechabre,Sniper Rifle,Legendary,generated-core,"2284787283,2173046394",93,56,E,source-indicated,type mean + shrunk perk residuals + shrunk pair residual + Fox profile governance
3871226707,Mechabre,Sniper Rifle,Legendary,generated-core,"3619207468,47981717",68,91,E,source-indicated,type mean + shrunk perk residuals + shrunk pair residual + Fox profile governance
3871226707,Mechabre,Sniper Rifle,Legendary,generated-core,"3619207468,2213355989",66,85,E,source-indicated,type mean + shrunk perk residuals + shrunk pair residual + Fox profile governance
3871226707,Mechabre,Sniper Rifle,Legendary,generated-fallback,,68,55,E,source-indicated,type prior minus fallback margin + Fox profile governance
4119503981,Naeem's Lance,Sniper Rifle,Legendary,generated-core,"1523832109,3751912585",98,58,E,source-indicated,type mean + shrunk perk residuals + shrunk pair residual + Fox profile governance
4119503981,Naeem's Lance,Sniper Rifle,Legendary,generated-core,"1164602481,243981275",98,55,E,source-indicated,type mean + shrunk perk residuals + shrunk pair residual + Fox profile governance
4119503981,Naeem's Lance,Sniper Rifle,Legendary,generated-core,"3993379141,243981275",98,55,E,source-indicated,type mean + shrunk perk residuals + shrunk pair residual + Fox profile governance
4119503981,Naeem's Lance,Sniper Rifle,Legendary,generated-core,"3511092054,47981717",60,85,E,source-indicated,type mean + shrunk perk residuals + shrunk pair residual + Fox profile governance
4119503981,Naeem's Lance,Sniper Rifle,Legendary,generated-core,"3511092054,555281244",76,77,E,source-indicated,type mean + shrunk perk residuals + shrunk pair residual + Fox profile governance
4119503981,Naeem's Lance,Sniper Rifle,Legendary,generated-fallback,,68,55,E,source-indicated,type prior minus fallback margin + Fox profile governance
852551895,Occluded Finality,Sniper Rifle,Legendary,generated-core,"3300816228,1771339417",90,65,E,source-indicated,type mean + shrunk perk residuals + shrunk pair residual + Fox profile governance
852551895,Occluded Finality,Sniper Rifle,Legendary,generated-core,"3300816228,3523296417",89,64,E,source-indicated,type mean + shrunk perk residuals + shrunk pair residual + Fox profile governance
852551895,Occluded Finality,Sniper Rifle,Legendary,generated-core,"3300816228,591790007",87,68,E,source-indicated,type mean + shrunk perk residuals + shrunk pair residual + Fox profile governance
852551895,Occluded Finality,Sniper Rifle,Legendary,generated-core,"3436462433,699525795",61,88,E,source-indicated,type mean + shrunk perk residuals + shrunk pair residual + Fox profile governance
852551895,Occluded Finality,Sniper Rifle,Legendary,generated-core,"2866798147,47981717",63,87,E,source-indicated,type mean + shrunk perk residuals + shrunk pair residual + Fox profile governance
852551895,Occluded Finality,Sniper Rifle,Legendary,generated-fallback,,68,55,E,source-indicated,type prior minus fallback margin + Fox profile governance
3454326177,Omniscient Eye,Sniper Rifle,Legendary,generated-core,"1168162263,3425386926",90,61,E,source-indicated,type mean + shrunk perk residuals + shrunk pair residual + Fox profile governance
3454326177,Omniscient Eye,Sniper Rifle,Legendary,generated-core,"1168162263,2848615171",90,58,E,source-indicated,type mean + shrunk perk residuals + shrunk pair residual + Fox profile governance
3454326177,Omniscient Eye,Sniper Rifle,Legendary,generated-core,"1168162263,2458213969",87,58,E,source-indicated,type mean + shrunk perk residuals + shrunk pair residual + Fox profile governance
3454326177,Omniscient Eye,Sniper Rifle,Legendary,generated-core,"2866798147,957782887",73,74,E,source-indicated,type mean + shrunk perk residuals + shrunk pair residual + Fox profile governance
3454326177,Omniscient Eye,Sniper Rifle,Legendary,generated-core,"2866798147,3425386926",81,71,E,source-indicated,type mean + shrunk perk residuals + shrunk pair residual + Fox profile governance
3454326177,Omniscient Eye,Sniper Rifle,Legendary,generated-fallback,,68,55,E,source-indicated,type prior minus fallback margin + Fox profile governance
781498181,Persuader,Sniper Rifle,Legendary,generated-core,"3978468247,2048641572",98,49,E,source-indicated,type mean + shrunk perk residuals + shrunk pair residual + Fox profile governance
781498181,Persuader,Sniper Rifle,Legendary,generated-core,"776531651,2048641572",98,48,E,source-indicated,type mean + shrunk perk residuals + shrunk pair residual + Fox profile governance
781498181,Persuader,Sniper Rifle,Legendary,generated-core,"3978468247,555281244",96,63,E,source-indicated,type mean + shrunk perk residuals + shrunk pair residual + Fox profile governance
781498181,Persuader,Sniper Rifle,Legendary,generated-core,"3619207468,47981717",68,91,E,source-indicated,type mean + shrunk perk residuals + shrunk pair residual + Fox profile governance
781498181,Persuader,Sniper Rifle,Legendary,generated-core,"3619207468,555281244",78,87,E,source-indicated,type mean + shrunk perk residuals + shrunk pair residual + Fox profile governance
781498181,Persuader,Sniper Rifle,Legendary,generated-fallback,,68,55,E,source-indicated,type prior minus fallback margin + Fox profile governance
4083045006,Persuader,Sniper Rifle,Legendary,generated-core,"2869569095,3425386926",88,63,E,source-indicated,type mean + shrunk perk residuals + shrunk pair residual + Fox profile governance
4083045006,Persuader,Sniper Rifle,Legendary,generated-core,"2869569095,3038247973",88,60,E,source-indicated,type mean + shrunk perk residuals + shrunk pair residual + Fox profile governance
4083045006,Persuader,Sniper Rifle,Legendary,generated-core,"2869569095,1168162263",88,57,E,source-indicated,type mean + shrunk perk residuals + shrunk pair residual + Fox profile governance
4083045006,Persuader,Sniper Rifle,Legendary,generated-core,"1866048759,588594999",66,85,E,source-indicated,type mean + shrunk perk residuals + shrunk pair residual + Fox profile governance
4083045006,Persuader,Sniper Rifle,Legendary,generated-core,"957782887,588594999",64,84,E,source-indicated,type mean + shrunk perk residuals + shrunk pair residual + Fox profile governance
4083045006,Persuader,Sniper Rifle,Legendary,generated-fallback,,68,55,E,source-indicated,type prior minus fallback margin + Fox profile governance
1987769101,Praedyth's Revenge (Timelost),Sniper Rifle,Legendary,generated-core,"3418782618,3824105627",97,48,E,source-indicated,type mean + shrunk perk residuals + shrunk pair residual + Fox profile governance
1987769101,Praedyth's Revenge (Timelost),Sniper Rifle,Legendary,generated-core,"3418782618,4104185692",92,51,E,source-indicated,type mean + shrunk perk residuals + shrunk pair residual + Fox profile governance
1987769101,Praedyth's Revenge (Timelost),Sniper Rifle,Legendary,generated-core,"706527188,3824105627",90,63,E,source-indicated,type mean + shrunk perk residuals + shrunk pair residual + Fox profile governance
1987769101,Praedyth's Revenge (Timelost),Sniper Rifle,Legendary,generated-core,"588594999,47981717",60,91,E,source-indicated,type mean + shrunk perk residuals + shrunk pair residual + Fox profile governance
1987769101,Praedyth's Revenge (Timelost),Sniper Rifle,Legendary,generated-core,"2866798147,47981717",63,87,E,source-indicated,type mean + shrunk perk residuals + shrunk pair residual + Fox profile governance
1987769101,Praedyth's Revenge (Timelost),Sniper Rifle,Legendary,generated-fallback,,68,55,E,source-indicated,type prior minus fallback margin + Fox profile governance
3743729616,Shepherd's Watch,Sniper Rifle,Legendary,generated-core,"1168162263,1771339417",90,59,E,source-indicated,type mean + shrunk perk residuals + shrunk pair residual + Fox profile governance
3743729616,Shepherd's Watch,Sniper Rifle,Legendary,generated-core,"1556840489,1771339417",87,65,E,source-indicated,type mean + shrunk perk residuals + shrunk pair residual + Fox profile governance
3743729616,Shepherd's Watch,Sniper Rifle,Legendary,generated-core,"2946784966,1771339417",86,66,E,source-indicated,type mean + shrunk perk residuals + shrunk pair residual + Fox profile governance
3743729616,Shepherd's Watch,Sniper Rifle,Legendary,generated-core,"588594999,47981717",60,91,E,source-indicated,type mean + shrunk perk residuals + shrunk pair residual + Fox profile governance
3743729616,Shepherd's Watch,Sniper Rifle,Legendary,generated-core,"2866798147,47981717",63,87,E,source-indicated,type mean + shrunk perk residuals + shrunk pair residual + Fox profile governance
3743729616,Shepherd's Watch,Sniper Rifle,Legendary,generated-fallback,,68,55,E,source-indicated,type prior minus fallback margin + Fox profile governance
1193318082,Shoreline Dissident,Sniper Rifle,Legendary,generated-core,"3700496672,1464081238",98,48,E,source-indicated,type mean + shrunk perk residuals + shrunk pair residual + Fox profile governance
1193318082,Shoreline Dissident,Sniper Rifle,Legendary,generated-core,"3700496672,2048641572",98,48,E,source-indicated,type mean + shrunk perk residuals + shrunk pair residual + Fox profile governance
1193318082,Shoreline Dissident,Sniper Rifle,Legendary,generated-core,"3700496672,555281244",94,63,E,source-indicated,type mean + shrunk perk residuals + shrunk pair residual + Fox profile governance
1193318082,Shoreline Dissident,Sniper Rifle,Legendary,generated-core,"2579169598,1194056669",60,91,E,source-indicated,type mean + shrunk perk residuals + shrunk pair residual + Fox profile governance
1193318082,Shoreline Dissident,Sniper Rifle,Legendary,generated-core,"2579169598,3673922083",60,91,E,source-indicated,type mean + shrunk perk residuals + shrunk pair residual + Fox profile governance
1193318082,Shoreline Dissident,Sniper Rifle,Legendary,generated-fallback,,68,55,E,source-indicated,type prior minus fallback margin + Fox profile governance
4148143418,Show of Force XF4865,Sniper Rifle,Legendary,generated-core,"1168162263,3425386926",90,61,E,source-indicated,type mean + shrunk perk residuals + shrunk pair residual + Fox profile governance
4148143418,Show of Force XF4865,Sniper Rifle,Legendary,generated-core,"1168162263,3038247973",89,58,E,source-indicated,type mean + shrunk perk residuals + shrunk pair residual + Fox profile governance
4148143418,Show of Force XF4865,Sniper Rifle,Legendary,generated-core,"1168162263,3400784728",89,58,E,source-indicated,type mean + shrunk perk residuals + shrunk pair residual + Fox profile governance
4148143418,Show of Force XF4865,Sniper Rifle,Legendary,generated-core,"4071163871,588594999",66,84,E,source-indicated,type mean + shrunk perk residuals + shrunk pair residual + Fox profile governance
4148143418,Show of Force XF4865,Sniper Rifle,Legendary,generated-core,"957782887,588594999",64,84,E,source-indicated,type mean + shrunk perk residuals + shrunk pair residual + Fox profile governance
4148143418,Show of Force XF4865,Sniper Rifle,Legendary,generated-fallback,,68,55,E,source-indicated,type prior minus fallback margin + Fox profile governance
990416096,Silicon Neuroma,Sniper Rifle,Legendary,generated-core,957782887,78,70,E,source-indicated,type mean + shrunk perk residuals + shrunk pair residual + Fox profile governance
990416096,Silicon Neuroma,Sniper Rifle,Legendary,generated-core,47981717,74,77,E,source-indicated,type mean + shrunk perk residuals + shrunk pair residual + Fox profile governance
990416096,Silicon Neuroma,Sniper Rifle,Legendary,generated-fallback,,68,55,E,source-indicated,type prior minus fallback margin + Fox profile governance
1387987271,Silicon Neuroma (Adept),Sniper Rifle,Legendary,generated-core,"3400784728,1771339417",92,59,E,source-indicated,type mean + shrunk perk residuals + shrunk pair residual + Fox profile governance
1387987271,Silicon Neuroma (Adept),Sniper Rifle,Legendary,generated-core,"3400784728,2896038713",89,58,E,source-indicated,type mean + shrunk perk residuals + shrunk pair residual + Fox profile governance
1387987271,Silicon Neuroma (Adept),Sniper Rifle,Legendary,generated-core,"280464955,1771339417",86,66,E,source-indicated,type mean + shrunk perk residuals + shrunk pair residual + Fox profile governance
1387987271,Silicon Neuroma (Adept),Sniper Rifle,Legendary,generated-core,"1428297954,47981717",60,91,E,source-indicated,type mean + shrunk perk residuals + shrunk pair residual + Fox profile governance
1387987271,Silicon Neuroma (Adept),Sniper Rifle,Legendary,generated-core,"957782887,47981717",64,84,E,source-indicated,type mean + shrunk perk residuals + shrunk pair residual + Fox profile governance
1387987271,Silicon Neuroma (Adept),Sniper Rifle,Legendary,generated-fallback,,68,55,E,source-indicated,type prior minus fallback margin + Fox profile governance
1115104187,Sole Survivor,Sniper Rifle,Legendary,generated-core,"1354429876,3300816228",93,61,E,source-indicated,type mean + shrunk perk residuals + shrunk pair residual + Fox profile governance
1115104187,Sole Survivor,Sniper Rifle,Legendary,generated-core,"1354429876,1771339417",92,60,E,source-indicated,type mean + shrunk perk residuals + shrunk pair residual + Fox profile governance
1115104187,Sole Survivor,Sniper Rifle,Legendary,generated-core,"3400784728,1771339417",92,59,E,source-indicated,type mean + shrunk perk residuals + shrunk pair residual + Fox profile governance
1115104187,Sole Survivor,Sniper Rifle,Legendary,generated-core,"957782887,47981717",64,84,E,source-indicated,type mean + shrunk perk residuals + shrunk pair residual + Fox profile governance
1115104187,Sole Survivor,Sniper Rifle,Legendary,generated-core,"247725512,3161816588",66,83,E,source-indicated,type mean + shrunk perk residuals + shrunk pair residual + Fox profile governance
1115104187,Sole Survivor,Sniper Rifle,Legendary,generated-fallback,,68,55,E,source-indicated,type prior minus fallback margin + Fox profile governance
2920648677,Sole Survivor,Sniper Rifle,Legendary,generated-core,"2458610193,1089671869",98,57,E,source-indicated,type mean + shrunk perk residuals + shrunk pair residual + Fox profile governance
2920648677,Sole Survivor,Sniper Rifle,Legendary,generated-core,"2458610193,654512643",98,54,E,source-indicated,type mean + shrunk perk residuals + shrunk pair residual + Fox profile governance
2920648677,Sole Survivor,Sniper Rifle,Legendary,generated-core,"3987942396,1089671869",98,53,E,source-indicated,type mean + shrunk perk residuals + shrunk pair residual + Fox profile governance
2920648677,Sole Survivor,Sniper Rifle,Legendary,generated-core,"247725512,699525795",66,83,E,source-indicated,type mean + shrunk perk residuals + shrunk pair residual + Fox profile governance
2920648677,Sole Survivor,Sniper Rifle,Legendary,generated-core,"3511092054,699525795",66,81,E,source-indicated,type mean + shrunk perk residuals + shrunk pair residual + Fox profile governance
2920648677,Sole Survivor,Sniper Rifle,Legendary,generated-fallback,,68,55,E,source-indicated,type prior minus fallback margin + Fox profile governance
1449922174,Tatara Gaze,Sniper Rifle,Legendary,generated-core,"1168162263,3425386926",90,61,E,source-indicated,type mean + shrunk perk residuals + shrunk pair residual + Fox profile governance
1449922174,Tatara Gaze,Sniper Rifle,Legendary,generated-core,"1168162263,2848615171",90,58,E,source-indicated,type mean + shrunk perk residuals + shrunk pair residual + Fox profile governance
1449922174,Tatara Gaze,Sniper Rifle,Legendary,generated-core,"706527188,3425386926",87,69,E,source-indicated,type mean + shrunk perk residuals + shrunk pair residual + Fox profile governance
1449922174,Tatara Gaze,Sniper Rifle,Legendary,generated-core,"2846385770,1015611457",60,91,E,source-indicated,type mean + shrunk perk residuals + shrunk pair residual + Fox profile governance
1449922174,Tatara Gaze,Sniper Rifle,Legendary,generated-core,"247725512,1015611457",60,88,E,source-indicated,type mean + shrunk perk residuals + shrunk pair residual + Fox profile governance
1449922174,Tatara Gaze,Sniper Rifle,Legendary,generated-fallback,,68,55,E,source-indicated,type prior minus fallback margin + Fox profile governance
2531614757,Tatara Gaze,Sniper Rifle,Legendary,generated-core,"2458610193,1089671869",98,57,E,source-indicated,type mean + shrunk perk residuals + shrunk pair residual + Fox profile governance
2531614757,Tatara Gaze,Sniper Rifle,Legendary,generated-core,"3643424744,1089671869",98,57,E,source-indicated,type mean + shrunk perk residuals + shrunk pair residual + Fox profile governance
2531614757,Tatara Gaze,Sniper Rifle,Legendary,generated-core,"3643424744,3201496230",98,55,E,source-indicated,type mean + shrunk perk residuals + shrunk pair residual + Fox profile governance
2531614757,Tatara Gaze,Sniper Rifle,Legendary,generated-core,"957782887,1194056669",64,84,E,source-indicated,type mean + shrunk perk residuals + shrunk pair residual + Fox profile governance
2531614757,Tatara Gaze,Sniper Rifle,Legendary,generated-core,"706527188,1194056669",75,79,E,source-indicated,type mean + shrunk perk residuals + shrunk pair residual + Fox profile governance
2531614757,Tatara Gaze,Sniper Rifle,Legendary,generated-fallback,,68,55,E,source-indicated,type prior minus fallback margin + Fox profile governance
3595694326,Tatara Gaze,Sniper Rifle,Legendary,generated-core,"2458610193,1089671869",98,57,E,availability-unverified,type mean + shrunk perk residuals + shrunk pair residual + Fox profile governance
3595694326,Tatara Gaze,Sniper Rifle,Legendary,generated-core,"3643424744,1089671869",98,57,E,availability-unverified,type mean + shrunk perk residuals + shrunk pair residual + Fox profile governance
3595694326,Tatara Gaze,Sniper Rifle,Legendary,generated-core,"3643424744,3201496230",98,55,E,availability-unverified,type mean + shrunk perk residuals + shrunk pair residual + Fox profile governance
3595694326,Tatara Gaze,Sniper Rifle,Legendary,generated-core,"957782887,1194056669",64,84,E,availability-unverified,type mean + shrunk perk residuals + shrunk pair residual + Fox profile governance
3595694326,Tatara Gaze,Sniper Rifle,Legendary,generated-core,"706527188,1194056669",75,79,E,availability-unverified,type mean + shrunk perk residuals + shrunk pair residual + Fox profile governance
3595694326,Tatara Gaze,Sniper Rifle,Legendary,generated-fallback,,68,55,E,availability-unverified,type prior minus fallback margin + Fox profile governance
689453941,The Frigid Jackal,Sniper Rifle,Legendary,generated-core,1168162263,86,62,E,source-indicated,type mean + shrunk perk residuals + shrunk pair residual + Fox profile governance
689453941,The Frigid Jackal,Sniper Rifle,Legendary,generated-core,706527188,83,71,E,source-indicated,type mean + shrunk perk residuals + shrunk pair residual + Fox profile governance
689453941,The Frigid Jackal,Sniper Rifle,Legendary,generated-fallback,,68,55,E,source-indicated,type prior minus fallback margin + Fox profile governance
2154059444,The Long Goodbye,Sniper Rifle,Legendary,generated-core,"1168162263,1354429876",92,55,E,source-indicated,type mean + shrunk perk residuals + shrunk pair residual + Fox profile governance
2154059444,The Long Goodbye,Sniper Rifle,Legendary,generated-core,"1168162263,3425386926",90,61,E,source-indicated,type mean + shrunk perk residuals + shrunk pair residual + Fox profile governance
2154059444,The Long Goodbye,Sniper Rifle,Legendary,generated-core,"1168162263,2848615171",90,58,E,source-indicated,type mean + shrunk perk residuals + shrunk pair residual + Fox profile governance
2154059444,The Long Goodbye,Sniper Rifle,Legendary,generated-core,"2213355989,247725512",66,83,E,source-indicated,type mean + shrunk perk residuals + shrunk pair residual + Fox profile governance
2154059444,The Long Goodbye,Sniper Rifle,Legendary,generated-core,"2846385770,247725512",66,83,E,source-indicated,type mean + shrunk perk residuals + shrunk pair residual + Fox profile governance
2154059444,The Long Goodbye,Sniper Rifle,Legendary,generated-fallback,,68,55,E,source-indicated,type prior minus fallback margin + Fox profile governance
174804902,The Long Walk,Sniper Rifle,Legendary,generated-core,1168162263,86,62,E,source-indicated,type mean + shrunk perk residuals + shrunk pair residual + Fox profile governance
174804902,The Long Walk,Sniper Rifle,Legendary,generated-core,3161816588,74,77,E,source-indicated,type mean + shrunk perk residuals + shrunk pair residual + Fox profile governance
174804902,The Long Walk,Sniper Rifle,Legendary,generated-fallback,,68,55,E,source-indicated,type prior minus fallback margin + Fox profile governance
3326850591,The Long Walk,Sniper Rifle,Legendary,generated-core,"3643424744,1771339417",91,63,E,source-indicated,type mean + shrunk perk residuals + shrunk pair residual + Fox profile governance
3326850591,The Long Walk,Sniper Rifle,Legendary,generated-core,"2284787283,1771339417",90,61,E,source-indicated,type mean + shrunk perk residuals + shrunk pair residual + Fox profile governance
3326850591,The Long Walk,Sniper Rifle,Legendary,generated-core,"1168162263,1771339417",90,59,E,source-indicated,type mean + shrunk perk residuals + shrunk pair residual + Fox profile governance
3326850591,The Long Walk,Sniper Rifle,Legendary,generated-core,"2450788523,588594999",70,85,E,source-indicated,type mean + shrunk perk residuals + shrunk pair residual + Fox profile governance
3326850591,The Long Walk,Sniper Rifle,Legendary,generated-core,"3161816588,588594999",66,85,E,source-indicated,type mean + shrunk perk residuals + shrunk pair residual + Fox profile governance
3326850591,The Long Walk,Sniper Rifle,Legendary,generated-fallback,,68,55,E,source-indicated,type prior minus fallback margin + Fox profile governance
686951703,The Supremacy,Sniper Rifle,Legendary,generated-core,"1168162263,3425386926",90,61,E,source-indicated,type mean + shrunk perk residuals + shrunk pair residual + Fox profile governance
686951703,The Supremacy,Sniper Rifle,Legendary,generated-core,"1168162263,3400784728",89,58,E,source-indicated,type mean + shrunk perk residuals + shrunk pair residual + Fox profile governance
686951703,The Supremacy,Sniper Rifle,Legendary,generated-core,"3096702027,3425386926",86,67,E,source-indicated,type mean + shrunk perk residuals + shrunk pair residual + Fox profile governance
686951703,The Supremacy,Sniper Rifle,Legendary,generated-core,"1015611457,247725512",60,88,E,source-indicated,type mean + shrunk perk residuals + shrunk pair residual + Fox profile governance
686951703,The Supremacy,Sniper Rifle,Legendary,generated-core,"957782887,1015611457",70,78,E,source-indicated,type mean + shrunk perk residuals + shrunk pair residual + Fox profile governance
686951703,The Supremacy,Sniper Rifle,Legendary,generated-fallback,,68,55,E,source-indicated,type prior minus fallback margin + Fox profile governance
2884596447,The Supremacy,Sniper Rifle,Legendary,generated-core,"3978468247,2289534249",96,54,E,availability-unverified,type mean + shrunk perk residuals + shrunk pair residual + Fox profile governance
2884596447,The Supremacy,Sniper Rifle,Legendary,generated-core,"3978468247,3891536761",96,54,E,availability-unverified,type mean + shrunk perk residuals + shrunk pair residual + Fox profile governance
2884596447,The Supremacy,Sniper Rifle,Legendary,generated-core,"3418782618,3078487919",96,53,E,availability-unverified,type mean + shrunk perk residuals + shrunk pair residual + Fox profile governance
2884596447,The Supremacy,Sniper Rifle,Legendary,generated-core,"3619207468,47981717",68,91,E,availability-unverified,type mean + shrunk perk residuals + shrunk pair residual + Fox profile governance
2884596447,The Supremacy,Sniper Rifle,Legendary,generated-core,"2579169598,47981717",63,91,E,availability-unverified,type mean + shrunk perk residuals + shrunk pair residual + Fox profile governance
2884596447,The Supremacy,Sniper Rifle,Legendary,generated-fallback,,68,55,E,availability-unverified,type prior minus fallback margin + Fox profile governance
4166221755,Trophy Hunter,Sniper Rifle,Legendary,generated-core,"3400784728,1683379515",90,59,E,source-indicated,type mean + shrunk perk residuals + shrunk pair residual + Fox profile governance
4166221755,Trophy Hunter,Sniper Rifle,Legendary,generated-core,"3400784728,2848615171",89,59,E,source-indicated,type mean + shrunk perk residuals + shrunk pair residual + Fox profile governance
4166221755,Trophy Hunter,Sniper Rifle,Legendary,generated-core,"1556840489,1683379515",88,62,E,source-indicated,type mean + shrunk perk residuals + shrunk pair residual + Fox profile governance
4166221755,Trophy Hunter,Sniper Rifle,Legendary,generated-core,"3096702027,1546637391",79,70,E,source-indicated,type mean + shrunk perk residuals + shrunk pair residual + Fox profile governance
4166221755,Trophy Hunter,Sniper Rifle,Legendary,generated-core,"3096702027,957782887",78,70,E,source-indicated,type mean + shrunk perk residuals + shrunk pair residual + Fox profile governance
4166221755,Trophy Hunter,Sniper Rifle,Legendary,generated-fallback,,68,55,E,source-indicated,type prior minus fallback margin + Fox profile governance
268357178,Twilight Oath,Sniper Rifle,Legendary,generated-core,"968510818,4293542123",98,55,E,source-indicated,type mean + shrunk perk residuals + shrunk pair residual + Fox profile governance
268357178,Twilight Oath,Sniper Rifle,Legendary,generated-core,"968510818,3078487919",98,52,E,source-indicated,type mean + shrunk perk residuals + shrunk pair residual + Fox profile governance
268357178,Twilight Oath,Sniper Rifle,Legendary,generated-core,"3017780555,4293542123",98,49,E,source-indicated,type mean + shrunk perk residuals + shrunk pair residual + Fox profile governance
268357178,Twilight Oath,Sniper Rifle,Legendary,generated-core,"2579169598,1015611457",60,91,E,source-indicated,type mean + shrunk perk residuals + shrunk pair residual + Fox profile governance
268357178,Twilight Oath,Sniper Rifle,Legendary,generated-core,"2579169598,555281244",73,87,E,source-indicated,type mean + shrunk perk residuals + shrunk pair residual + Fox profile governance
268357178,Twilight Oath,Sniper Rifle,Legendary,generated-fallback,,68,55,E,source-indicated,type prior minus fallback margin + Fox profile governance
3297863558,Twilight Oath,Sniper Rifle,Legendary,generated-core,"1556840489,2848615171",87,63,E,source-indicated,type mean + shrunk perk residuals + shrunk pair residual + Fox profile governance
3297863558,Twilight Oath,Sniper Rifle,Legendary,generated-core,"1556840489,1168162263",87,60,E,source-indicated,type mean + shrunk perk residuals + shrunk pair residual + Fox profile governance
3297863558,Twilight Oath,Sniper Rifle,Legendary,generated-core,"2779035018,1168162263",87,57,E,source-indicated,type mean + shrunk perk residuals + shrunk pair residual + Fox profile governance
3297863558,Twilight Oath,Sniper Rifle,Legendary,generated-core,"1866048759,1015611457",60,91,E,source-indicated,type mean + shrunk perk residuals + shrunk pair residual + Fox profile governance
3297863558,Twilight Oath,Sniper Rifle,Legendary,generated-core,"2450788523,1015611457",64,90,E,source-indicated,type mean + shrunk perk residuals + shrunk pair residual + Fox profile governance
3297863558,Twilight Oath,Sniper Rifle,Legendary,generated-fallback,,68,55,E,source-indicated,type prior minus fallback margin + Fox profile governance
42874240,Uzume RR4,Sniper Rifle,Legendary,generated-core,"243981275,1164602481",98,55,E,source-indicated,type mean + shrunk perk residuals + shrunk pair residual + Fox profile governance
42874240,Uzume RR4,Sniper Rifle,Legendary,generated-core,"243981275,3993379141",98,55,E,source-indicated,type mean + shrunk perk residuals + shrunk pair residual + Fox profile governance
42874240,Uzume RR4,Sniper Rifle,Legendary,generated-core,"3978468247,4293542123",98,54,E,source-indicated,type mean + shrunk perk residuals + shrunk pair residual + Fox profile governance
42874240,Uzume RR4,Sniper Rifle,Legendary,generated-core,"957782887,555281244",80,75,E,source-indicated,type mean + shrunk perk residuals + shrunk pair residual + Fox profile governance
42874240,Uzume RR4,Sniper Rifle,Legendary,generated-core,"957782887,3038247973",76,71,E,source-indicated,type mean + shrunk perk residuals + shrunk pair residual + Fox profile governance
42874240,Uzume RR4,Sniper Rifle,Legendary,generated-fallback,,68,55,E,source-indicated,type prior minus fallback margin + Fox profile governance
2450917538,Uzume RR4,Sniper Rifle,Legendary,generated-core,"243981275,1164602481",98,55,E,availability-unverified,type mean + shrunk perk residuals + shrunk pair residual + Fox profile governance
2450917538,Uzume RR4,Sniper Rifle,Legendary,generated-core,"243981275,3993379141",98,55,E,availability-unverified,type mean + shrunk perk residuals + shrunk pair residual + Fox profile governance
2450917538,Uzume RR4,Sniper Rifle,Legendary,generated-core,"3978468247,4293542123",98,54,E,availability-unverified,type mean + shrunk perk residuals + shrunk pair residual + Fox profile governance
2450917538,Uzume RR4,Sniper Rifle,Legendary,generated-core,"957782887,555281244",80,75,E,availability-unverified,type mean + shrunk perk residuals + shrunk pair residual + Fox profile governance
2450917538,Uzume RR4,Sniper Rifle,Legendary,generated-core,"957782887,3038247973",76,71,E,availability-unverified,type mean + shrunk perk residuals + shrunk pair residual + Fox profile governance
2450917538,Uzume RR4,Sniper Rifle,Legendary,generated-fallback,,68,55,E,availability-unverified,type prior minus fallback margin + Fox profile governance
4037675261,Uzume RR4,Sniper Rifle,Legendary,generated-core,"243981275,1164602481",98,55,E,source-indicated,type mean + shrunk perk residuals + shrunk pair residual + Fox profile governance
4037675261,Uzume RR4,Sniper Rifle,Legendary,generated-core,"243981275,3993379141",98,55,E,source-indicated,type mean + shrunk perk residuals + shrunk pair residual + Fox profile governance
4037675261,Uzume RR4,Sniper Rifle,Legendary,generated-core,"3978468247,4293542123",98,54,E,source-indicated,type mean + shrunk perk residuals + shrunk pair residual + Fox profile governance
4037675261,Uzume RR4,Sniper Rifle,Legendary,generated-core,"957782887,555281244",80,75,E,source-indicated,type mean + shrunk perk residuals + shrunk pair residual + Fox profile governance
4037675261,Uzume RR4,Sniper Rifle,Legendary,generated-core,"957782887,3038247973",76,71,E,source-indicated,type mean + shrunk perk residuals + shrunk pair residual + Fox profile governance
4037675261,Uzume RR4,Sniper Rifle,Legendary,generated-fallback,,68,55,E,source-indicated,type prior minus fallback margin + Fox profile governance
852228780,Uzume RR4 (Adept),Sniper Rifle,Legendary,generated-core,"2284787283,2848615171",90,59,E,availability-unverified,type mean + shrunk perk residuals + shrunk pair residual + Fox profile governance
852228780,Uzume RR4 (Adept),Sniper Rifle,Legendary,generated-core,"3400784728,3038247973",90,58,E,availability-unverified,type mean + shrunk perk residuals + shrunk pair residual + Fox profile governance
852228780,Uzume RR4 (Adept),Sniper Rifle,Legendary,generated-core,"1556840489,3038247973",89,60,E,availability-unverified,type mean + shrunk perk residuals + shrunk pair residual + Fox profile governance
852228780,Uzume RR4 (Adept),Sniper Rifle,Legendary,generated-core,"2450788523,2213355989",70,85,E,availability-unverified,type mean + shrunk perk residuals + shrunk pair residual + Fox profile governance
852228780,Uzume RR4 (Adept),Sniper Rifle,Legendary,generated-core,"2450788523,2726471870",72,82,E,availability-unverified,type mean + shrunk perk residuals + shrunk pair residual + Fox profile governance
852228780,Uzume RR4 (Adept),Sniper Rifle,Legendary,generated-fallback,,68,55,E,availability-unverified,type prior minus fallback margin + Fox profile governance
1891996599,Uzume RR4 (Adept),Sniper Rifle,Legendary,generated-core,"243981275,1164602481",98,55,E,availability-unverified,type mean + shrunk perk residuals + shrunk pair residual + Fox profile governance
1891996599,Uzume RR4 (Adept),Sniper Rifle,Legendary,generated-core,"243981275,3993379141",98,55,E,availability-unverified,type mean + shrunk perk residuals + shrunk pair residual + Fox profile governance
1891996599,Uzume RR4 (Adept),Sniper Rifle,Legendary,generated-core,"3978468247,4293542123",98,54,E,availability-unverified,type mean + shrunk perk residuals + shrunk pair residual + Fox profile governance
1891996599,Uzume RR4 (Adept),Sniper Rifle,Legendary,generated-core,"957782887,555281244",80,75,E,availability-unverified,type mean + shrunk perk residuals + shrunk pair residual + Fox profile governance
1891996599,Uzume RR4 (Adept),Sniper Rifle,Legendary,generated-core,"957782887,3038247973",76,71,E,availability-unverified,type mean + shrunk perk residuals + shrunk pair residual + Fox profile governance
1891996599,Uzume RR4 (Adept),Sniper Rifle,Legendary,generated-fallback,,68,55,E,availability-unverified,type prior minus fallback margin + Fox profile governance
3610521673,Uzume RR4 (Adept),Sniper Rifle,Legendary,generated-core,"243981275,1164602481",98,55,E,source-indicated,type mean + shrunk perk residuals + shrunk pair residual + Fox profile governance
3610521673,Uzume RR4 (Adept),Sniper Rifle,Legendary,generated-core,"243981275,3993379141",98,55,E,source-indicated,type mean + shrunk perk residuals + shrunk pair residual + Fox profile governance
3610521673,Uzume RR4 (Adept),Sniper Rifle,Legendary,generated-core,"3978468247,4293542123",98,54,E,source-indicated,type mean + shrunk perk residuals + shrunk pair residual + Fox profile governance
3610521673,Uzume RR4 (Adept),Sniper Rifle,Legendary,generated-core,"957782887,555281244",80,75,E,source-indicated,type mean + shrunk perk residuals + shrunk pair residual + Fox profile governance
3610521673,Uzume RR4 (Adept),Sniper Rifle,Legendary,generated-core,"957782887,3038247973",76,71,E,source-indicated,type mean + shrunk perk residuals + shrunk pair residual + Fox profile governance
3610521673,Uzume RR4 (Adept),Sniper Rifle,Legendary,generated-fallback,,68,55,E,source-indicated,type prior minus fallback margin + Fox profile governance
1271343896,Widow's Bite,Sniper Rifle,Legendary,generated-core,"1556840489,1683379515",88,62,E,source-indicated,type mean + shrunk perk residuals + shrunk pair residual + Fox profile governance
1271343896,Widow's Bite,Sniper Rifle,Legendary,generated-core,"2779035018,1683379515",88,58,E,source-indicated,type mean + shrunk perk residuals + shrunk pair residual + Fox profile governance
1271343896,Widow's Bite,Sniper Rifle,Legendary,generated-core,"280464955,1683379515",87,63,E,source-indicated,type mean + shrunk perk residuals + shrunk pair residual + Fox profile governance
1271343896,Widow's Bite,Sniper Rifle,Legendary,generated-core,"3161816588,47981717",61,91,E,source-indicated,type mean + shrunk perk residuals + shrunk pair residual + Fox profile governance
1271343896,Widow's Bite,Sniper Rifle,Legendary,generated-core,"3161816588,699525795",68,89,E,source-indicated,type mean + shrunk perk residuals + shrunk pair residual + Fox profile governance
1271343896,Widow's Bite,Sniper Rifle,Legendary,generated-fallback,,68,55,E,source-indicated,type prior minus fallback margin + Fox profile governance
1013434963,Adjudicator,Submachine Gun,Legendary,generated-core,"1820235745,3891536761",93,60,E,availability-unverified,type mean + shrunk perk residuals + shrunk pair residual + Fox profile governance
1013434963,Adjudicator,Submachine Gun,Legendary,generated-core,"2779035018,3891536761",91,60,E,availability-unverified,type mean + shrunk perk residuals + shrunk pair residual + Fox profile governance
1013434963,Adjudicator,Submachine Gun,Legendary,generated-core,"1820235745,3425386926",90,67,E,availability-unverified,type mean + shrunk perk residuals + shrunk pair residual + Fox profile governance
1013434963,Adjudicator,Submachine Gun,Legendary,generated-core,"1359896290,365154968",59,96,E,availability-unverified,type mean + shrunk perk residuals + shrunk pair residual + Fox profile governance
1013434963,Adjudicator,Submachine Gun,Legendary,generated-core,"1428297954,2451262963",59,96,E,availability-unverified,type mean + shrunk perk residuals + shrunk pair residual + Fox profile governance
1013434963,Adjudicator,Submachine Gun,Legendary,generated-fallback,,67,59,E,availability-unverified,type prior minus fallback margin + Fox profile governance
2094938673,Adjudicator,Submachine Gun,Legendary,generated-core,1866048759,73,82,E,source-indicated,type mean + shrunk perk residuals + shrunk pair residual + Fox profile governance
2094938673,Adjudicator,Submachine Gun,Legendary,generated-core,2039302152,73,82,E,source-indicated,type mean + shrunk perk residuals + shrunk pair residual + Fox profile governance
2094938673,Adjudicator,Submachine Gun,Legendary,generated-fallback,,67,59,E,source-indicated,type prior minus fallback margin + Fox profile governance
1435808083,Antedate,Submachine Gun,Legendary,generated-core,"2848615171,3081867624",96,60,E,source-indicated,type mean + shrunk perk residuals + shrunk pair residual + Fox profile governance
1435808083,Antedate,Submachine Gun,Legendary,generated-core,"3218042543,3966416502",95,63,E,source-indicated,type mean + shrunk perk residuals + shrunk pair residual + Fox profile governance
1435808083,Antedate,Submachine Gun,Legendary,generated-core,"3418782618,3215448563",95,57,E,source-indicated,type mean + shrunk perk residuals + shrunk pair residual + Fox profile governance
1435808083,Antedate,Submachine Gun,Legendary,generated-core,"2387244414,365154968",59,96,E,source-indicated,type mean + shrunk perk residuals + shrunk pair residual + Fox profile governance
1435808083,Antedate,Submachine Gun,Legendary,generated-core,"2846385770,365154968",59,96,E,source-indicated,type mean + shrunk perk residuals + shrunk pair residual + Fox profile governance
1435808083,Antedate,Submachine Gun,Legendary,generated-fallback,,67,59,E,source-indicated,type prior minus fallback margin + Fox profile governance
2561659919,Antiope-D,Submachine Gun,Legendary,generated-core,"2869569095,3300816228",90,68,E,source-indicated,type mean + shrunk perk residuals + shrunk pair residual + Fox profile governance
2561659919,Antiope-D,Submachine Gun,Legendary,generated-core,"2869569095,1631667848",89,60,E,source-indicated,type mean + shrunk perk residuals + shrunk pair residual + Fox profile governance
2561659919,Antiope-D,Submachine Gun,Legendary,generated-core,"972757866,3300816228",87,68,E,source-indicated,type mean + shrunk perk residuals + shrunk pair residual + Fox profile governance
2561659919,Antiope-D,Submachine Gun,Legendary,generated-core,"1890422124,1359896290",69,96,E,source-indicated,type mean + shrunk perk residuals + shrunk pair residual + Fox profile governance
2561659919,Antiope-D,Submachine Gun,Legendary,generated-core,"1015611457,1890422124",59,96,E,source-indicated,type mean + shrunk perk residuals + shrunk pair residual + Fox profile governance
2561659919,Antiope-D,Submachine Gun,Legendary,generated-fallback,,67,59,E,source-indicated,type prior minus fallback margin + Fox profile governance
2422664927,Atalanta-D XG1992,Submachine Gun,Legendary,generated-core,"2869569095,3300816228",90,68,E,source-indicated,type mean + shrunk perk residuals + shrunk pair residual + Fox profile governance
2422664927,Atalanta-D XG1992,Submachine Gun,Legendary,generated-core,"2869569095,1631667848",89,60,E,source-indicated,type mean + shrunk perk residuals + shrunk pair residual + Fox profile governance
2422664927,Atalanta-D XG1992,Submachine Gun,Legendary,generated-core,"972757866,3300816228",87,68,E,source-indicated,type mean + shrunk perk residuals + shrunk pair residual + Fox profile governance
2422664927,Atalanta-D XG1992,Submachine Gun,Legendary,generated-core,"1890422124,1359896290",69,96,E,source-indicated,type mean + shrunk perk residuals + shrunk pair residual + Fox profile governance
2422664927,Atalanta-D XG1992,Submachine Gun,Legendary,generated-core,"1015611457,1890422124",59,96,E,source-indicated,type mean + shrunk perk residuals + shrunk pair residual + Fox profile governance
2422664927,Atalanta-D XG1992,Submachine Gun,Legendary,generated-fallback,,67,59,E,source-indicated,type prior minus fallback margin + Fox profile governance
2105827099,Bad Reputation,Submachine Gun,Legendary,generated-core,"1631667848,1168162263",91,58,E,source-indicated,type mean + shrunk perk residuals + shrunk pair residual + Fox profile governance
2105827099,Bad Reputation,Submachine Gun,Legendary,generated-core,"3096702027,1168162263",86,66,E,source-indicated,type mean + shrunk perk residuals + shrunk pair residual + Fox profile governance
2105827099,Bad Reputation,Submachine Gun,Legendary,generated-core,"972757866,1168162263",86,64,E,source-indicated,type mean + shrunk perk residuals + shrunk pair residual + Fox profile governance
2105827099,Bad Reputation,Submachine Gun,Legendary,generated-core,"1890422124,1359896290",69,96,E,source-indicated,type mean + shrunk perk residuals + shrunk pair residual + Fox profile governance
2105827099,Bad Reputation,Submachine Gun,Legendary,generated-core,"1890422124,1015611457",59,96,E,source-indicated,type mean + shrunk perk residuals + shrunk pair residual + Fox profile governance
2105827099,Bad Reputation,Submachine Gun,Legendary,generated-fallback,,67,59,E,source-indicated,type prior minus fallback margin + Fox profile governance
1357080535,Breath of the Dragon,Submachine Gun,Legendary,generated-core,"1631667848,3425386926",91,64,E,source-indicated,type mean + shrunk perk residuals + shrunk pair residual + Fox profile governance
1357080535,Breath of the Dragon,Submachine Gun,Legendary,generated-core,"957782887,3425386926",81,74,E,source-indicated,type mean + shrunk perk residuals + shrunk pair residual + Fox profile governance
1357080535,Breath of the Dragon,Submachine Gun,Legendary,generated-core,"1631667848,1015611457",78,73,E,source-indicated,type mean + shrunk perk residuals + shrunk pair residual + Fox profile governance
1357080535,Breath of the Dragon,Submachine Gun,Legendary,generated-core,"2387244414,1015611457",59,96,E,source-indicated,type mean + shrunk perk residuals + shrunk pair residual + Fox profile governance
1357080535,Breath of the Dragon,Submachine Gun,Legendary,generated-core,"2387244414,1890422124",59,96,E,source-indicated,type mean + shrunk perk residuals + shrunk pair residual + Fox profile governance
1357080535,Breath of the Dragon,Submachine Gun,Legendary,generated-fallback,,67,59,E,source-indicated,type prior minus fallback margin + Fox profile governance
2744715540,Bug-Out Bag,Submachine Gun,Legendary,generated-core,"3300816228,3523296417",90,70,E,source-indicated,type mean + shrunk perk residuals + shrunk pair residual + Fox profile governance
2744715540,Bug-Out Bag,Submachine Gun,Legendary,generated-core,"3300816228,2458213969",88,70,E,source-indicated,type mean + shrunk perk residuals + shrunk pair residual + Fox profile governance
2744715540,Bug-Out Bag,Submachine Gun,Legendary,generated-core,"1631667848,2458213969",88,62,E,source-indicated,type mean + shrunk perk residuals + shrunk pair residual + Fox profile governance
2744715540,Bug-Out Bag,Submachine Gun,Legendary,generated-core,"2039302152,588594999",65,90,E,source-indicated,type mean + shrunk perk residuals + shrunk pair residual + Fox profile governance
2744715540,Bug-Out Bag,Submachine Gun,Legendary,generated-core,"2039302152,2213355989",65,90,E,source-indicated,type mean + shrunk perk residuals + shrunk pair residual + Fox profile governance
2744715540,Bug-Out Bag,Submachine Gun,Legendary,generated-fallback,,67,59,E,source-indicated,type prior minus fallback margin + Fox profile governance
2832639510,Bug-Out Bag,Submachine Gun,Legendary,generated-core,"1820235745,4293542123",95,59,E,source-indicated,type mean + shrunk perk residuals + shrunk pair residual + Fox profile governance
2832639510,Bug-Out Bag,Submachine Gun,Legendary,generated-core,"1820235745,3324494224",92,65,E,source-indicated,type mean + shrunk perk residuals + shrunk pair residual + Fox profile governance
2832639510,Bug-Out Bag,Submachine Gun,Legendary,generated-core,"3722653512,4293542123",90,66,E,source-indicated,type mean + shrunk perk residuals + shrunk pair residual + Fox profile governance
2832639510,Bug-Out Bag,Submachine Gun,Legendary,generated-core,"1428297954,2451262963",59,96,E,source-indicated,type mean + shrunk perk residuals + shrunk pair residual + Fox profile governance
2832639510,Bug-Out Bag,Submachine Gun,Legendary,generated-core,"1428297954,2450788523",69,90,E,source-indicated,type mean + shrunk perk residuals + shrunk pair residual + Fox profile governance
2832639510,Bug-Out Bag,Submachine Gun,Legendary,generated-fallback,,67,59,E,source-indicated,type prior minus fallback margin + Fox profile governance
174192097,CALUS Mini-Tool,Submachine Gun,Legendary,generated-core,"1631667848,3708227201",96,54,E,source-indicated,type mean + shrunk perk residuals + shrunk pair residual + Fox profile governance
174192097,CALUS Mini-Tool,Submachine Gun,Legendary,generated-core,"1631667848,1683379515",92,60,E,source-indicated,type mean + shrunk perk residuals + shrunk pair residual + Fox profile governance
174192097,CALUS Mini-Tool,Submachine Gun,Legendary,generated-core,"1631667848,2779035018",88,60,E,source-indicated,type mean + shrunk perk residuals + shrunk pair residual + Fox profile governance
174192097,CALUS Mini-Tool,Submachine Gun,Legendary,generated-core,"1359896290,1890422124",69,96,E,source-indicated,type mean + shrunk perk residuals + shrunk pair residual + Fox profile governance
174192097,CALUS Mini-Tool,Submachine Gun,Legendary,generated-core,"1359896290,2213355989",59,96,E,source-indicated,type mean + shrunk perk residuals + shrunk pair residual + Fox profile governance
174192097,CALUS Mini-Tool,Submachine Gun,Legendary,generated-fallback,,67,59,E,source-indicated,type prior minus fallback margin + Fox profile governance
1506719573,Cold Front,Submachine Gun,Legendary,generated-core,"3300816228,3708227201",96,66,E,source-indicated,type mean + shrunk perk residuals + shrunk pair residual + Fox profile governance
1506719573,Cold Front,Submachine Gun,Legendary,generated-core,"3300816228,4049631843",94,64,E,source-indicated,type mean + shrunk perk residuals + shrunk pair residual + Fox profile governance
1506719573,Cold Front,Submachine Gun,Legendary,generated-core,"3300816228,3425386926",91,72,E,source-indicated,type mean + shrunk perk residuals + shrunk pair residual + Fox profile governance
1506719573,Cold Front,Submachine Gun,Legendary,generated-core,"1428297954,1015611457",59,96,E,source-indicated,type mean + shrunk perk residuals + shrunk pair residual + Fox profile governance
1506719573,Cold Front,Submachine Gun,Legendary,generated-core,"2387244414,1015611457",59,96,E,source-indicated,type mean + shrunk perk residuals + shrunk pair residual + Fox profile governance
1506719573,Cold Front,Submachine Gun,Legendary,generated-fallback,,67,59,E,source-indicated,type prior minus fallback margin + Fox profile governance
2814093983,Cold Front,Submachine Gun,Legendary,generated-core,"1820235745,3751912585",94,63,E,availability-unverified,type mean + shrunk perk residuals + shrunk pair residual + Fox profile governance
2814093983,Cold Front,Submachine Gun,Legendary,generated-core,"3108830275,3751912585",92,66,E,availability-unverified,type mean + shrunk perk residuals + shrunk pair residual + Fox profile governance
2814093983,Cold Front,Submachine Gun,Legendary,generated-core,"1820235745,4049631843",91,59,E,availability-unverified,type mean + shrunk perk residuals + shrunk pair residual + Fox profile governance
2814093983,Cold Front,Submachine Gun,Legendary,generated-core,"1890422124,2846385770",65,90,E,availability-unverified,type mean + shrunk perk residuals + shrunk pair residual + Fox profile governance
2814093983,Cold Front,Submachine Gun,Legendary,generated-core,"1428297954,2846385770",65,89,E,availability-unverified,type mean + shrunk perk residuals + shrunk pair residual + Fox profile governance
2814093983,Cold Front,Submachine Gun,Legendary,generated-fallback,,67,59,E,availability-unverified,type prior minus fallback margin + Fox profile governance
3206190066,Cold Front,Submachine Gun,Legendary,generated-core,"3418782618,3751912585",98,61,E,source-indicated,type mean + shrunk perk residuals + shrunk pair residual + Fox profile governance
3206190066,Cold Front,Submachine Gun,Legendary,generated-core,"3418782618,243981275",95,61,E,source-indicated,type mean + shrunk perk residuals + shrunk pair residual + Fox profile governance
3206190066,Cold Front,Submachine Gun,Legendary,generated-core,"1820235745,3751912585",94,63,E,source-indicated,type mean + shrunk perk residuals + shrunk pair residual + Fox profile governance
3206190066,Cold Front,Submachine Gun,Legendary,generated-core,"1890422124,2846385770",65,90,E,source-indicated,type mean + shrunk perk residuals + shrunk pair residual + Fox profile governance
3206190066,Cold Front,Submachine Gun,Legendary,generated-core,"1428297954,2846385770",65,89,E,source-indicated,type mean + shrunk perk residuals + shrunk pair residual + Fox profile governance
3206190066,Cold Front,Submachine Gun,Legendary,generated-fallback,,67,59,E,source-indicated,type prior minus fallback margin + Fox profile governance
2130249527,Death Adder,Submachine Gun,Legendary,generated-core,"3017780555,2890807135",98,52,E,source-indicated,type mean + shrunk perk residuals + shrunk pair residual + Fox profile governance
2130249527,Death Adder,Submachine Gun,Legendary,generated-core,"1820235745,2848615171",95,60,E,source-indicated,type mean + shrunk perk residuals + shrunk pair residual + Fox profile governance
2130249527,Death Adder,Submachine Gun,Legendary,generated-core,"3017780555,2848615171",94,62,E,source-indicated,type mean + shrunk perk residuals + shrunk pair residual + Fox profile governance
2130249527,Death Adder,Submachine Gun,Legendary,generated-core,"1359896290,588594999",65,90,E,source-indicated,type mean + shrunk perk residuals + shrunk pair residual + Fox profile governance
2130249527,Death Adder,Submachine Gun,Legendary,generated-core,"1359896290,2846385770",65,90,E,source-indicated,type mean + shrunk perk residuals + shrunk pair residual + Fox profile governance
2130249527,Death Adder,Submachine Gun,Legendary,generated-fallback,,67,59,E,source-indicated,type prior minus fallback margin + Fox profile governance
1786797708,Escape Velocity,Submachine Gun,Legendary,generated-core,"3643424744,3708227201",98,60,E,source-indicated,type mean + shrunk perk residuals + shrunk pair residual + Fox profile governance
1786797708,Escape Velocity,Submachine Gun,Legendary,generated-core,"1631667848,3708227201",96,54,E,source-indicated,type mean + shrunk perk residuals + shrunk pair residual + Fox profile governance
1786797708,Escape Velocity,Submachine Gun,Legendary,generated-core,"3643424744,706527188",89,72,E,source-indicated,type mean + shrunk perk residuals + shrunk pair residual + Fox profile governance
1786797708,Escape Velocity,Submachine Gun,Legendary,generated-core,"1866048759,3511092054",65,86,E,source-indicated,type mean + shrunk perk residuals + shrunk pair residual + Fox profile governance
1786797708,Escape Velocity,Submachine Gun,Legendary,generated-core,"2387244414,3511092054",65,86,E,source-indicated,type mean + shrunk perk residuals + shrunk pair residual + Fox profile governance
1786797708,Escape Velocity,Submachine Gun,Legendary,generated-fallback,,67,59,E,source-indicated,type prior minus fallback margin + Fox profile governance
4277547616,Every Waking Moment,Submachine Gun,Legendary,generated-core,"1820235745,2848615171",95,60,E,source-indicated,type mean + shrunk perk residuals + shrunk pair residual + Fox profile governance
4277547616,Every Waking Moment,Submachine Gun,Legendary,generated-core,"1820235745,1683379515",91,63,E,source-indicated,type mean + shrunk perk residuals + shrunk pair residual + Fox profile governance
4277547616,Every Waking Moment,Submachine Gun,Legendary,generated-core,"1168162263,1683379515",91,61,E,source-indicated,type mean + shrunk perk residuals + shrunk pair residual + Fox profile governance
4277547616,Every Waking Moment,Submachine Gun,Legendary,generated-core,"2450788523,1015611457",63,96,E,source-indicated,type mean + shrunk perk residuals + shrunk pair residual + Fox profile governance
4277547616,Every Waking Moment,Submachine Gun,Legendary,generated-core,"1866048759,1015611457",59,96,E,source-indicated,type mean + shrunk perk residuals + shrunk pair residual + Fox profile governance
4277547616,Every Waking Moment,Submachine Gun,Legendary,generated-fallback,,67,59,E,source-indicated,type prior minus fallback margin + Fox profile governance
4227181568,Exit Strategy,Submachine Gun,Legendary,generated-core,"205890336,3708227201",87,68,E,source-indicated,type mean + shrunk perk residuals + shrunk pair residual + Fox profile governance
4227181568,Exit Strategy,Submachine Gun,Legendary,generated-core,"4071163871,3708227201",78,76,E,source-indicated,type mean + shrunk perk residuals + shrunk pair residual + Fox profile governance
4227181568,Exit Strategy,Submachine Gun,Legendary,generated-core,"205890336,4082225868",75,75,E,source-indicated,type mean + shrunk perk residuals + shrunk pair residual + Fox profile governance
4227181568,Exit Strategy,Submachine Gun,Legendary,generated-core,"4071163871,4082225868",67,83,E,source-indicated,type mean + shrunk perk residuals + shrunk pair residual + Fox profile governance
4227181568,Exit Strategy,Submachine Gun,Legendary,generated-fallback,,67,59,E,source-indicated,type prior minus fallback margin + Fox profile governance
1513993763,Friction Fire,Submachine Gun,Legendary,generated-core,"3300816228,3425386926",91,72,E,source-indicated,type mean + shrunk perk residuals + shrunk pair residual + Fox profile governance
1513993763,Friction Fire,Submachine Gun,Legendary,generated-core,"1820235745,3425386926",90,67,E,source-indicated,type mean + shrunk perk residuals + shrunk pair residual + Fox profile governance
1513993763,Friction Fire,Submachine Gun,Legendary,generated-core,"2869569095,3425386926",88,67,E,source-indicated,type mean + shrunk perk residuals + shrunk pair residual + Fox profile governance
1513993763,Friction Fire,Submachine Gun,Legendary,generated-core,"2450788523,2039302152",69,90,E,source-indicated,type mean + shrunk perk residuals + shrunk pair residual + Fox profile governance
1513993763,Friction Fire,Submachine Gun,Legendary,generated-core,"2387244414,2039302152",65,90,E,source-indicated,type mean + shrunk perk residuals + shrunk pair residual + Fox profile governance
1513993763,Friction Fire,Submachine Gun,Legendary,generated-fallback,,67,59,E,source-indicated,type prior minus fallback margin + Fox profile governance
105567493,Hard Truths,Submachine Gun,Legendary,generated-core,"2869569095,3300816228",90,68,E,source-indicated,type mean + shrunk perk residuals + shrunk pair residual + Fox profile governance
105567493,Hard Truths,Submachine Gun,Legendary,generated-core,"2869569095,1631667848",89,60,E,source-indicated,type mean + shrunk perk residuals + shrunk pair residual + Fox profile governance
105567493,Hard Truths,Submachine Gun,Legendary,generated-core,"972757866,3300816228",87,68,E,source-indicated,type mean + shrunk perk residuals + shrunk pair residual + Fox profile governance
105567493,Hard Truths,Submachine Gun,Legendary,generated-core,"1890422124,1359896290",69,96,E,source-indicated,type mean + shrunk perk residuals + shrunk pair residual + Fox profile governance
105567493,Hard Truths,Submachine Gun,Legendary,generated-core,"1015611457,1890422124",59,96,E,source-indicated,type mean + shrunk perk residuals + shrunk pair residual + Fox profile governance
105567493,Hard Truths,Submachine Gun,Legendary,generated-fallback,,67,59,E,source-indicated,type prior minus fallback margin + Fox profile governance
1723472487,IKELOS_SMG_v1.0.1,Submachine Gun,Legendary,generated-core,1631667848,87,65,E,source-indicated,type mean + shrunk perk residuals + shrunk pair residual + Fox profile governance
1723472487,IKELOS_SMG_v1.0.1,Submachine Gun,Legendary,generated-core,4071163871,73,82,E,source-indicated,type mean + shrunk perk residuals + shrunk pair residual + Fox profile governance
1723472487,IKELOS_SMG_v1.0.1,Submachine Gun,Legendary,generated-fallback,,67,59,E,source-indicated,type prior minus fallback margin + Fox profile governance
3954531357,Mob Justice,Submachine Gun,Legendary,generated-core,2010801679,83,69,E,source-indicated,type mean + shrunk perk residuals + shrunk pair residual + Fox profile governance
3954531357,Mob Justice,Submachine Gun,Legendary,generated-core,972757866,81,71,E,source-indicated,type mean + shrunk perk residuals + shrunk pair residual + Fox profile governance
3954531357,Mob Justice,Submachine Gun,Legendary,generated-fallback,,67,59,E,source-indicated,type prior minus fallback margin + Fox profile governance
3950088638,Motion to Suppress,Submachine Gun,Legendary,generated-core,1359896290,73,82,E,source-indicated,type mean + shrunk perk residuals + shrunk pair residual + Fox profile governance
3950088638,Motion to Suppress,Submachine Gun,Legendary,generated-core,2039302152,73,82,E,source-indicated,type mean + shrunk perk residuals + shrunk pair residual + Fox profile governance
3950088638,Motion to Suppress,Submachine Gun,Legendary,generated-fallback,,67,59,E,source-indicated,type prior minus fallback margin + Fox profile governance
2653316158,Pillager,Submachine Gun,Legendary,generated-core,"1631667848,3425386926",91,64,E,source-indicated,type mean + shrunk perk residuals + shrunk pair residual + Fox profile governance
2653316158,Pillager,Submachine Gun,Legendary,generated-core,"1168162263,3425386926",90,65,E,source-indicated,type mean + shrunk perk residuals + shrunk pair residual + Fox profile governance
2653316158,Pillager,Submachine Gun,Legendary,generated-core,"1631667848,588594999",78,73,E,source-indicated,type mean + shrunk perk residuals + shrunk pair residual + Fox profile governance
2653316158,Pillager,Submachine Gun,Legendary,generated-core,"1890422124,1015611457",59,96,E,source-indicated,type mean + shrunk perk residuals + shrunk pair residual + Fox profile governance
2653316158,Pillager,Submachine Gun,Legendary,generated-core,"2387244414,1015611457",59,96,E,source-indicated,type mean + shrunk perk residuals + shrunk pair residual + Fox profile governance
2653316158,Pillager,Submachine Gun,Legendary,generated-fallback,,67,59,E,source-indicated,type prior minus fallback margin + Fox profile governance
1066772626,Prolonged Engagement,Submachine Gun,Legendary,generated-core,"1168162263,2109543898",92,59,E,availability-unverified,type mean + shrunk perk residuals + shrunk pair residual + Fox profile governance
1066772626,Prolonged Engagement,Submachine Gun,Legendary,generated-core,"1168162263,124408337",92,58,E,availability-unverified,type mean + shrunk perk residuals + shrunk pair residual + Fox profile governance
1066772626,Prolonged Engagement,Submachine Gun,Legendary,generated-core,"1820235745,124408337",91,59,E,availability-unverified,type mean + shrunk perk residuals + shrunk pair residual + Fox profile governance
1066772626,Prolonged Engagement,Submachine Gun,Legendary,generated-core,"1359896290,1890422124",69,96,E,availability-unverified,type mean + shrunk perk residuals + shrunk pair residual + Fox profile governance
1066772626,Prolonged Engagement,Submachine Gun,Legendary,generated-core,"1359896290,365154968",59,96,E,availability-unverified,type mean + shrunk perk residuals + shrunk pair residual + Fox profile governance
1066772626,Prolonged Engagement,Submachine Gun,Legendary,generated-fallback,,67,59,E,availability-unverified,type prior minus fallback margin + Fox profile governance
2349907931,Prolonged Engagement,Submachine Gun,Legendary,generated-core,"1354429876,3708227201",97,57,E,source-indicated,type mean + shrunk perk residuals + shrunk pair residual + Fox profile governance
2349907931,Prolonged Engagement,Submachine Gun,Legendary,generated-core,"1631667848,3708227201",96,54,E,source-indicated,type mean + shrunk perk residuals + shrunk pair residual + Fox profile governance
2349907931,Prolonged Engagement,Submachine Gun,Legendary,generated-core,"1354429876,124408337",94,59,E,source-indicated,type mean + shrunk perk residuals + shrunk pair residual + Fox profile governance
2349907931,Prolonged Engagement,Submachine Gun,Legendary,generated-core,"2450788523,365154968",73,96,E,source-indicated,type mean + shrunk perk residuals + shrunk pair residual + Fox profile governance
2349907931,Prolonged Engagement,Submachine Gun,Legendary,generated-core,"1359896290,365154968",59,96,E,source-indicated,type mean + shrunk perk residuals + shrunk pair residual + Fox profile governance
2349907931,Prolonged Engagement,Submachine Gun,Legendary,generated-fallback,,67,59,E,source-indicated,type prior minus fallback margin + Fox profile governance
2624561525,Prolonged Engagement,Submachine Gun,Legendary,generated-core,"1168162263,2109543898",92,59,E,source-indicated,type mean + shrunk perk residuals + shrunk pair residual + Fox profile governance
2624561525,Prolonged Engagement,Submachine Gun,Legendary,generated-core,"1168162263,124408337",92,58,E,source-indicated,type mean + shrunk perk residuals + shrunk pair residual + Fox profile governance
2624561525,Prolonged Engagement,Submachine Gun,Legendary,generated-core,"1820235745,124408337",91,59,E,source-indicated,type mean + shrunk perk residuals + shrunk pair residual + Fox profile governance
2624561525,Prolonged Engagement,Submachine Gun,Legendary,generated-core,"1359896290,1890422124",69,96,E,source-indicated,type mean + shrunk perk residuals + shrunk pair residual + Fox profile governance
2624561525,Prolonged Engagement,Submachine Gun,Legendary,generated-core,"1359896290,365154968",59,96,E,source-indicated,type mean + shrunk perk residuals + shrunk pair residual + Fox profile governance
2624561525,Prolonged Engagement,Submachine Gun,Legendary,generated-fallback,,67,59,E,source-indicated,type prior minus fallback margin + Fox profile governance
4023807721,Shayura's Wrath (Adept),Submachine Gun,Legendary,generated-core,"706527188,1264398905",84,76,E,availability-unverified,type mean + shrunk perk residuals + shrunk pair residual + Fox profile governance
4023807721,Shayura's Wrath (Adept),Submachine Gun,Legendary,generated-core,"1570042021,1264398905",84,76,E,availability-unverified,type mean + shrunk perk residuals + shrunk pair residual + Fox profile governance
4023807721,Shayura's Wrath (Adept),Submachine Gun,Legendary,generated-core,"706527188,2610012052",84,75,E,availability-unverified,type mean + shrunk perk residuals + shrunk pair residual + Fox profile governance
4023807721,Shayura's Wrath (Adept),Submachine Gun,Legendary,generated-core,"2450788523,1890422124",73,96,E,availability-unverified,type mean + shrunk perk residuals + shrunk pair residual + Fox profile governance
4023807721,Shayura's Wrath (Adept),Submachine Gun,Legendary,generated-core,"1359896290,1890422124",69,96,E,availability-unverified,type mean + shrunk perk residuals + shrunk pair residual + Fox profile governance
4023807721,Shayura's Wrath (Adept),Submachine Gun,Legendary,generated-fallback,,67,59,E,availability-unverified,type prior minus fallback margin + Fox profile governance
2663204025,Subjunctive,Submachine Gun,Legendary,generated-core,"1168162263,3708227201",91,61,E,source-indicated,type mean + shrunk perk residuals + shrunk pair residual + Fox profile governance
2663204025,Subjunctive,Submachine Gun,Legendary,generated-core,"1168162263,3425386926",90,65,E,source-indicated,type mean + shrunk perk residuals + shrunk pair residual + Fox profile governance
2663204025,Subjunctive,Submachine Gun,Legendary,generated-core,"706527188,3708227201",88,70,E,source-indicated,type mean + shrunk perk residuals + shrunk pair residual + Fox profile governance
2663204025,Subjunctive,Submachine Gun,Legendary,generated-core,"1866048759,2213355989",65,90,E,source-indicated,type mean + shrunk perk residuals + shrunk pair residual + Fox profile governance
2663204025,Subjunctive,Submachine Gun,Legendary,generated-core,"4071163871,2213355989",65,90,E,source-indicated,type mean + shrunk perk residuals + shrunk pair residual + Fox profile governance
2663204025,Subjunctive,Submachine Gun,Legendary,generated-fallback,,67,59,E,source-indicated,type prior minus fallback margin + Fox profile governance
811403305,Synchronic Roulette,Submachine Gun,Legendary,generated-core,"968510818,3751912585",98,58,E,source-indicated,type mean + shrunk perk residuals + shrunk pair residual + Fox profile governance
811403305,Synchronic Roulette,Submachine Gun,Legendary,generated-core,"968510818,831391274",96,60,E,source-indicated,type mean + shrunk perk residuals + shrunk pair residual + Fox profile governance
811403305,Synchronic Roulette,Submachine Gun,Legendary,generated-core,"972757866,3751912585",90,66,E,source-indicated,type mean + shrunk perk residuals + shrunk pair residual + Fox profile governance
811403305,Synchronic Roulette,Submachine Gun,Legendary,generated-core,"3619207468,365154968",59,96,E,source-indicated,type mean + shrunk perk residuals + shrunk pair residual + Fox profile governance
811403305,Synchronic Roulette,Submachine Gun,Legendary,generated-core,"3619207468,1015611457",59,96,E,source-indicated,type mean + shrunk perk residuals + shrunk pair residual + Fox profile governance
811403305,Synchronic Roulette,Submachine Gun,Legendary,generated-fallback,,67,59,E,source-indicated,type prior minus fallback margin + Fox profile governance
1028124540,The Hero's Burden,Submachine Gun,Legendary,generated-core,"2779035018,2048641572",92,58,E,source-indicated,type mean + shrunk perk residuals + shrunk pair residual + Fox profile governance
1028124540,The Hero's Burden,Submachine Gun,Legendary,generated-core,"2946784966,2048641572",90,66,E,source-indicated,type mean + shrunk perk residuals + shrunk pair residual + Fox profile governance
1028124540,The Hero's Burden,Submachine Gun,Legendary,generated-core,"2779035018,11551321",83,68,E,source-indicated,type mean + shrunk perk residuals + shrunk pair residual + Fox profile governance
1028124540,The Hero's Burden,Submachine Gun,Legendary,generated-core,"2387244414,1015611457",59,96,E,source-indicated,type mean + shrunk perk residuals + shrunk pair residual + Fox profile governance
1028124540,The Hero's Burden,Submachine Gun,Legendary,generated-core,"2387244414,1359896290",60,94,E,source-indicated,type mean + shrunk perk residuals + shrunk pair residual + Fox profile governance
1028124540,The Hero's Burden,Submachine Gun,Legendary,generated-fallback,,67,59,E,source-indicated,type prior minus fallback margin + Fox profile governance
1865351684,The Hero's Burden,Submachine Gun,Legendary,generated-core,"2869569095,1631667848",89,60,E,source-indicated,type mean + shrunk perk residuals + shrunk pair residual + Fox profile governance
1865351684,The Hero's Burden,Submachine Gun,Legendary,generated-core,"972757866,1631667848",87,63,E,source-indicated,type mean + shrunk perk residuals + shrunk pair residual + Fox profile governance
1865351684,The Hero's Burden,Submachine Gun,Legendary,generated-core,"2869569095,3096702027",85,68,E,source-indicated,type mean + shrunk perk residuals + shrunk pair residual + Fox profile governance
1865351684,The Hero's Burden,Submachine Gun,Legendary,generated-core,"1890422124,1359896290",69,96,E,source-indicated,type mean + shrunk perk residuals + shrunk pair residual + Fox profile governance
1865351684,The Hero's Burden,Submachine Gun,Legendary,generated-core,"1015611457,1890422124",59,96,E,source-indicated,type mean + shrunk perk residuals + shrunk pair residual + Fox profile governance
1865351684,The Hero's Burden,Submachine Gun,Legendary,generated-fallback,,67,59,E,source-indicated,type prior minus fallback margin + Fox profile governance
3193598749,The Immortal (Adept),Submachine Gun,Legendary,generated-core,"1359896290,831391274",79,75,E,source-indicated,type mean + shrunk perk residuals + shrunk pair residual + Fox profile governance
3193598749,The Immortal (Adept),Submachine Gun,Legendary,generated-core,"1428297954,831391274",79,75,E,source-indicated,type mean + shrunk perk residuals + shrunk pair residual + Fox profile governance
3193598749,The Immortal (Adept),Submachine Gun,Legendary,generated-core,"2846385770,831391274",79,75,E,source-indicated,type mean + shrunk perk residuals + shrunk pair residual + Fox profile governance
3193598749,The Immortal (Adept),Submachine Gun,Legendary,generated-core,"1359896290,1890422124",69,96,E,source-indicated,type mean + shrunk perk residuals + shrunk pair residual + Fox profile governance
3193598749,The Immortal (Adept),Submachine Gun,Legendary,generated-core,"1195158366,1015611457",59,96,E,source-indicated,type mean + shrunk perk residuals + shrunk pair residual + Fox profile governance
3193598749,The Immortal (Adept),Submachine Gun,Legendary,generated-fallback,,67,59,E,source-indicated,type prior minus fallback margin + Fox profile governance
294129361,The Title,Submachine Gun,Legendary,generated-core,"1631667848,3708227201",96,54,E,source-indicated,type mean + shrunk perk residuals + shrunk pair residual + Fox profile governance
294129361,The Title,Submachine Gun,Legendary,generated-core,"1631667848,4049631843",93,57,E,source-indicated,type mean + shrunk perk residuals + shrunk pair residual + Fox profile governance
294129361,The Title,Submachine Gun,Legendary,generated-core,"1631667848,2896038713",88,62,E,source-indicated,type mean + shrunk perk residuals + shrunk pair residual + Fox profile governance
294129361,The Title,Submachine Gun,Legendary,generated-core,"1359896290,588594999",65,90,E,source-indicated,type mean + shrunk perk residuals + shrunk pair residual + Fox profile governance
294129361,The Title,Submachine Gun,Legendary,generated-core,"1428297954,588594999",65,90,E,source-indicated,type mean + shrunk perk residuals + shrunk pair residual + Fox profile governance
294129361,The Title,Submachine Gun,Legendary,generated-fallback,,67,59,E,source-indicated,type prior minus fallback margin + Fox profile governance
2681395357,Trackless Waste,Submachine Gun,Legendary,generated-core,"1631667848,1168162263",91,58,E,source-indicated,type mean + shrunk perk residuals + shrunk pair residual + Fox profile governance
2681395357,Trackless Waste,Submachine Gun,Legendary,generated-core,"3425386926,1168162263",90,65,E,source-indicated,type mean + shrunk perk residuals + shrunk pair residual + Fox profile governance
2681395357,Trackless Waste,Submachine Gun,Legendary,generated-core,"706527188,1168162263",87,68,E,source-indicated,type mean + shrunk perk residuals + shrunk pair residual + Fox profile governance
2681395357,Trackless Waste,Submachine Gun,Legendary,generated-core,"1890422124,1359896290",69,96,E,source-indicated,type mean + shrunk perk residuals + shrunk pair residual + Fox profile governance
2681395357,Trackless Waste,Submachine Gun,Legendary,generated-core,"1890422124,1015611457",59,96,E,source-indicated,type mean + shrunk perk residuals + shrunk pair residual + Fox profile governance
2681395357,Trackless Waste,Submachine Gun,Legendary,generated-fallback,,67,59,E,source-indicated,type prior minus fallback margin + Fox profile governance
3000847393,Unforgiven,Submachine Gun,Legendary,generated-core,"3523296417,776531651",91,65,E,availability-unverified,type mean + shrunk perk residuals + shrunk pair residual + Fox profile governance
3000847393,Unforgiven,Submachine Gun,Legendary,generated-core,"2779035018,776531651",91,61,E,availability-unverified,type mean + shrunk perk residuals + shrunk pair residual + Fox profile governance
3000847393,Unforgiven,Submachine Gun,Legendary,generated-core,"744594675,776531651",90,66,E,availability-unverified,type mean + shrunk perk residuals + shrunk pair residual + Fox profile governance
3000847393,Unforgiven,Submachine Gun,Legendary,generated-core,"2451262963,11612903",70,83,E,availability-unverified,type mean + shrunk perk residuals + shrunk pair residual + Fox profile governance
3000847393,Unforgiven,Submachine Gun,Legendary,generated-core,"2451262963,3425386926",77,81,E,availability-unverified,type mean + shrunk perk residuals + shrunk pair residual + Fox profile governance
3000847393,Unforgiven,Submachine Gun,Legendary,generated-fallback,,67,59,E,availability-unverified,type prior minus fallback margin + Fox profile governance
149110926,Whatchamacallit,Submachine Gun,Legendary,generated-core,"2458610193,654512643",98,59,E,availability-unverified,type mean + shrunk perk residuals + shrunk pair residual + Fox profile governance
149110926,Whatchamacallit,Submachine Gun,Legendary,generated-core,"2458610193,3966416502",94,65,E,availability-unverified,type mean + shrunk perk residuals + shrunk pair residual + Fox profile governance
149110926,Whatchamacallit,Submachine Gun,Legendary,generated-core,"2458610193,2848615171",93,65,E,availability-unverified,type mean + shrunk perk residuals + shrunk pair residual + Fox profile governance
149110926,Whatchamacallit,Submachine Gun,Legendary,generated-core,"3619207468,31345821",59,96,E,availability-unverified,type mean + shrunk perk residuals + shrunk pair residual + Fox profile governance
149110926,Whatchamacallit,Submachine Gun,Legendary,generated-core,"460017080,31345821",61,95,E,availability-unverified,type mean + shrunk perk residuals + shrunk pair residual + Fox profile governance
149110926,Whatchamacallit,Submachine Gun,Legendary,generated-fallback,,67,59,E,availability-unverified,type prior minus fallback margin + Fox profile governance
357669417,Whatchamacallit,Submachine Gun,Legendary,generated-core,"2458610193,654512643",98,59,E,source-indicated,type mean + shrunk perk residuals + shrunk pair residual + Fox profile governance
357669417,Whatchamacallit,Submachine Gun,Legendary,generated-core,"2458610193,3966416502",94,65,E,source-indicated,type mean + shrunk perk residuals + shrunk pair residual + Fox profile governance
357669417,Whatchamacallit,Submachine Gun,Legendary,generated-core,"2458610193,2848615171",93,65,E,source-indicated,type mean + shrunk perk residuals + shrunk pair residual + Fox profile governance
357669417,Whatchamacallit,Submachine Gun,Legendary,generated-core,"3619207468,31345821",59,96,E,source-indicated,type mean + shrunk perk residuals + shrunk pair residual + Fox profile governance
357669417,Whatchamacallit,Submachine Gun,Legendary,generated-core,"460017080,31345821",61,95,E,source-indicated,type mean + shrunk perk residuals + shrunk pair residual + Fox profile governance
357669417,Whatchamacallit,Submachine Gun,Legendary,generated-fallback,,67,59,E,source-indicated,type prior minus fallback margin + Fox profile governance
250721843,Abide the Return,Sword,Legendary,generated-core,"1749209109,243981275",98,53,E,source-indicated,type mean + shrunk perk residuals + shrunk pair residual + Fox profile governance
250721843,Abide the Return,Sword,Legendary,generated-core,"1749209109,4293542123",98,53,E,source-indicated,type mean + shrunk perk residuals + shrunk pair residual + Fox profile governance
250721843,Abide the Return,Sword,Legendary,generated-core,"2209918983,4293542123",96,52,E,source-indicated,type mean + shrunk perk residuals + shrunk pair residual + Fox profile governance
250721843,Abide the Return,Sword,Legendary,generated-core,"2590710093,4274614370",72,84,E,source-indicated,type mean + shrunk perk residuals + shrunk pair residual + Fox profile governance
250721843,Abide the Return,Sword,Legendary,generated-core,"2590710093,1685431615",67,84,E,source-indicated,type mean + shrunk perk residuals + shrunk pair residual + Fox profile governance
250721843,Abide the Return,Sword,Legendary,generated-fallback,,69,48,E,source-indicated,type prior minus fallback margin + Fox profile governance
1644160541,Abide the Return,Sword,Legendary,generated-core,"1749209109,1683379515",95,55,E,source-indicated,type mean + shrunk perk residuals + shrunk pair residual + Fox profile governance
1644160541,Abide the Return,Sword,Legendary,generated-core,"1749209109,3913600130",93,57,E,source-indicated,type mean + shrunk perk residuals + shrunk pair residual + Fox profile governance
1644160541,Abide the Return,Sword,Legendary,generated-core,"2030760728,1683379515",91,61,E,source-indicated,type mean + shrunk perk residuals + shrunk pair residual + Fox profile governance
1644160541,Abide the Return,Sword,Legendary,generated-core,"354401740,2590710093",67,84,E,source-indicated,type mean + shrunk perk residuals + shrunk pair residual + Fox profile governance
1644160541,Abide the Return,Sword,Legendary,generated-core,"2590710093,354401740",67,84,E,source-indicated,type mean + shrunk perk residuals + shrunk pair residual + Fox profile governance
1644160541,Abide the Return,Sword,Legendary,generated-fallback,,69,48,E,source-indicated,type prior minus fallback margin + Fox profile governance
1479562935,Aurora Dawn,Sword,Legendary,generated-core,"1955165503,1089671869",98,49,E,availability-unverified,type mean + shrunk perk residuals + shrunk pair residual + Fox profile governance
1479562935,Aurora Dawn,Sword,Legendary,generated-core,"1955165503,4049631843",98,45,E,availability-unverified,type mean + shrunk perk residuals + shrunk pair residual + Fox profile governance
1479562935,Aurora Dawn,Sword,Legendary,generated-core,"1955165503,3913600130",96,52,E,availability-unverified,type mean + shrunk perk residuals + shrunk pair residual + Fox profile governance
1479562935,Aurora Dawn,Sword,Legendary,generated-core,"2590710093,1546637391",78,71,E,availability-unverified,type mean + shrunk perk residuals + shrunk pair residual + Fox profile governance
1479562935,Aurora Dawn,Sword,Legendary,generated-core,"2590710093,1546142478",81,70,E,availability-unverified,type mean + shrunk perk residuals + shrunk pair residual + Fox profile governance
1479562935,Aurora Dawn,Sword,Legendary,generated-fallback,,69,48,E,availability-unverified,type prior minus fallback margin + Fox profile governance
2508948099,Caretaker,Sword,Legendary,generated-core,"1749209109,4293542123",98,53,E,source-indicated,type mean + shrunk perk residuals + shrunk pair residual + Fox profile governance
2508948099,Caretaker,Sword,Legendary,generated-core,"1749209109,3708227201",96,53,E,source-indicated,type mean + shrunk perk residuals + shrunk pair residual + Fox profile governance
2508948099,Caretaker,Sword,Legendary,generated-core,"1749209109,4049631843",96,52,E,source-indicated,type mean + shrunk perk residuals + shrunk pair residual + Fox profile governance
2508948099,Caretaker,Sword,Legendary,generated-core,"2590710093,4274614370",72,84,E,source-indicated,type mean + shrunk perk residuals + shrunk pair residual + Fox profile governance
2508948099,Caretaker,Sword,Legendary,generated-core,"2590710093,354401740",67,84,E,source-indicated,type mean + shrunk perk residuals + shrunk pair residual + Fox profile governance
2508948099,Caretaker,Sword,Legendary,generated-fallback,,69,48,E,source-indicated,type prior minus fallback margin + Fox profile governance
569799274,Death's Razor,Sword,Legendary,generated-core,"1749209109,3913600130",93,57,E,source-indicated,type mean + shrunk perk residuals + shrunk pair residual + Fox profile governance
569799274,Death's Razor,Sword,Legendary,generated-core,"1749209109,3016987351",91,59,E,source-indicated,type mean + shrunk perk residuals + shrunk pair residual + Fox profile governance
569799274,Death's Razor,Sword,Legendary,generated-core,"2030760728,3913600130",89,63,E,source-indicated,type mean + shrunk perk residuals + shrunk pair residual + Fox profile governance
569799274,Death's Razor,Sword,Legendary,generated-core,"2590710093,354401740",67,84,E,source-indicated,type mean + shrunk perk residuals + shrunk pair residual + Fox profile governance
569799274,Death's Razor,Sword,Legendary,generated-core,"2030760728,354401740",72,80,E,source-indicated,type mean + shrunk perk residuals + shrunk pair residual + Fox profile governance
569799274,Death's Razor,Sword,Legendary,generated-fallback,,69,48,E,source-indicated,type prior minus fallback margin + Fox profile governance
3371413056,Death's Razor,Sword,Legendary,generated-core,"3016987351,2048641572",98,54,E,source-indicated,type mean + shrunk perk residuals + shrunk pair residual + Fox profile governance
3371413056,Death's Razor,Sword,Legendary,generated-core,"1749209109,2048641572",98,52,E,source-indicated,type mean + shrunk perk residuals + shrunk pair residual + Fox profile governance
3371413056,Death's Razor,Sword,Legendary,generated-core,"1749209109,3708227201",96,53,E,source-indicated,type mean + shrunk perk residuals + shrunk pair residual + Fox profile governance
3371413056,Death's Razor,Sword,Legendary,generated-core,"2590710093,4274614370",72,84,E,source-indicated,type mean + shrunk perk residuals + shrunk pair residual + Fox profile governance
3371413056,Death's Razor,Sword,Legendary,generated-core,"2030760728,4274614370",72,80,E,source-indicated,type mean + shrunk perk residuals + shrunk pair residual + Fox profile governance
3371413056,Death's Razor,Sword,Legendary,generated-fallback,,69,48,E,source-indicated,type prior minus fallback margin + Fox profile governance
2525261820,Dragoncult Sickle,Sword,Legendary,generated-core,"2077819806,2396489472",98,55,E,source-indicated,type mean + shrunk perk residuals + shrunk pair residual + Fox profile governance
2525261820,Dragoncult Sickle,Sword,Legendary,generated-core,"2077819806,1089671869",98,54,E,source-indicated,type mean + shrunk perk residuals + shrunk pair residual + Fox profile governance
2525261820,Dragoncult Sickle,Sword,Legendary,generated-core,"2077819806,243981275",98,52,E,source-indicated,type mean + shrunk perk residuals + shrunk pair residual + Fox profile governance
2525261820,Dragoncult Sickle,Sword,Legendary,generated-core,"2590710093,31345821",73,78,E,source-indicated,type mean + shrunk perk residuals + shrunk pair residual + Fox profile governance
2525261820,Dragoncult Sickle,Sword,Legendary,generated-core,"3523296417,31345821",75,74,E,source-indicated,type mean + shrunk perk residuals + shrunk pair residual + Fox profile governance
2525261820,Dragoncult Sickle,Sword,Legendary,generated-fallback,,69,48,E,source-indicated,type prior minus fallback margin + Fox profile governance
569799275,Goldtusk,Sword,Legendary,generated-core,"1749209109,3708227201",96,53,E,source-indicated,type mean + shrunk perk residuals + shrunk pair residual + Fox profile governance
569799275,Goldtusk,Sword,Legendary,generated-core,"2030760728,3708227201",93,59,E,source-indicated,type mean + shrunk perk residuals + shrunk pair residual + Fox profile governance
569799275,Goldtusk,Sword,Legendary,generated-core,"1749209109,3913600130",93,57,E,source-indicated,type mean + shrunk perk residuals + shrunk pair residual + Fox profile governance
569799275,Goldtusk,Sword,Legendary,generated-core,"2590710093,354401740",67,84,E,source-indicated,type mean + shrunk perk residuals + shrunk pair residual + Fox profile governance
569799275,Goldtusk,Sword,Legendary,generated-core,"2030760728,354401740",72,80,E,source-indicated,type mean + shrunk perk residuals + shrunk pair residual + Fox profile governance
569799275,Goldtusk,Sword,Legendary,generated-fallback,,69,48,E,source-indicated,type prior minus fallback margin + Fox profile governance
2857348871,Honor's Edge,Sword,Legendary,generated-core,"1749209109,3708227201",96,53,E,source-indicated,type mean + shrunk perk residuals + shrunk pair residual + Fox profile governance
2857348871,Honor's Edge,Sword,Legendary,generated-core,"2030760728,3708227201",93,59,E,source-indicated,type mean + shrunk perk residuals + shrunk pair residual + Fox profile governance
2857348871,Honor's Edge,Sword,Legendary,generated-core,"1749209109,3016987351",91,59,E,source-indicated,type mean + shrunk perk residuals + shrunk pair residual + Fox profile governance
2857348871,Honor's Edge,Sword,Legendary,generated-core,"2590710093,1685431615",67,84,E,source-indicated,type mean + shrunk perk residuals + shrunk pair residual + Fox profile governance
2857348871,Honor's Edge,Sword,Legendary,generated-core,"2030760728,1685431615",72,80,E,source-indicated,type mean + shrunk perk residuals + shrunk pair residual + Fox profile governance
2857348871,Honor's Edge,Sword,Legendary,generated-fallback,,69,48,E,source-indicated,type prior minus fallback margin + Fox profile governance
715338174,Just in Case,Sword,Legendary,generated-core,"1749209109,3913600130",93,57,E,source-indicated,type mean + shrunk perk residuals + shrunk pair residual + Fox profile governance
715338174,Just in Case,Sword,Legendary,generated-core,"1749209109,818211479",90,60,E,source-indicated,type mean + shrunk perk residuals + shrunk pair residual + Fox profile governance
715338174,Just in Case,Sword,Legendary,generated-core,"354401740,3913600130",82,68,E,source-indicated,type mean + shrunk perk residuals + shrunk pair residual + Fox profile governance
715338174,Just in Case,Sword,Legendary,generated-core,"2590710093,354401740",67,84,E,source-indicated,type mean + shrunk perk residuals + shrunk pair residual + Fox profile governance
715338174,Just in Case,Sword,Legendary,generated-core,"2590710093,1685431615",67,84,E,source-indicated,type mean + shrunk perk residuals + shrunk pair residual + Fox profile governance
715338174,Just in Case,Sword,Legendary,generated-fallback,,69,48,E,source-indicated,type prior minus fallback margin + Fox profile governance
3629968765,Negative Space,Sword,Legendary,generated-core,"1749209109,3708227201",96,53,E,source-indicated,type mean + shrunk perk residuals + shrunk pair residual + Fox profile governance
3629968765,Negative Space,Sword,Legendary,generated-core,"1749209109,1683379515",95,55,E,source-indicated,type mean + shrunk perk residuals + shrunk pair residual + Fox profile governance
3629968765,Negative Space,Sword,Legendary,generated-core,"2030760728,3708227201",93,59,E,source-indicated,type mean + shrunk perk residuals + shrunk pair residual + Fox profile governance
3629968765,Negative Space,Sword,Legendary,generated-core,"2590710093,2244851822",79,70,E,source-indicated,type mean + shrunk perk residuals + shrunk pair residual + Fox profile governance
3629968765,Negative Space,Sword,Legendary,generated-core,"2590710093,3016987351",82,69,E,source-indicated,type mean + shrunk perk residuals + shrunk pair residual + Fox profile governance
3629968765,Negative Space,Sword,Legendary,generated-fallback,,69,48,E,source-indicated,type prior minus fallback margin + Fox profile governance
1796949035,Razor's Edge,Sword,Legendary,generated-core,"3108830275,2396489472",97,55,E,source-indicated,type mean + shrunk perk residuals + shrunk pair residual + Fox profile governance
1796949035,Razor's Edge,Sword,Legendary,generated-core,"1749209109,2396489472",96,54,E,source-indicated,type mean + shrunk perk residuals + shrunk pair residual + Fox profile governance
1796949035,Razor's Edge,Sword,Legendary,generated-core,"1749209109,4049631843",96,52,E,source-indicated,type mean + shrunk perk residuals + shrunk pair residual + Fox profile governance
1796949035,Razor's Edge,Sword,Legendary,generated-core,"2590710093,354401740",67,84,E,source-indicated,type mean + shrunk perk residuals + shrunk pair residual + Fox profile governance
1796949035,Razor's Edge,Sword,Legendary,generated-core,"2030760728,354401740",72,80,E,source-indicated,type mean + shrunk perk residuals + shrunk pair residual + Fox profile governance
1796949035,Razor's Edge,Sword,Legendary,generated-fallback,,69,48,E,source-indicated,type prior minus fallback margin + Fox profile governance
4230993599,Steel Sybil Z-14,Sword,Legendary,generated-core,"1749209109,3913600130",93,57,E,source-indicated,type mean + shrunk perk residuals + shrunk pair residual + Fox profile governance
4230993599,Steel Sybil Z-14,Sword,Legendary,generated-core,"354401740,3913600130",82,68,E,source-indicated,type mean + shrunk perk residuals + shrunk pair residual + Fox profile governance
4230993599,Steel Sybil Z-14,Sword,Legendary,generated-core,"1749209109,354401740",82,68,E,source-indicated,type mean + shrunk perk residuals + shrunk pair residual + Fox profile governance
4230993599,Steel Sybil Z-14,Sword,Legendary,generated-core,"2590710093,354401740",67,84,E,source-indicated,type mean + shrunk perk residuals + shrunk pair residual + Fox profile governance
4230993599,Steel Sybil Z-14,Sword,Legendary,generated-core,"2590710093,1685431615",67,84,E,source-indicated,type mean + shrunk perk residuals + shrunk pair residual + Fox profile governance
4230993599,Steel Sybil Z-14,Sword,Legendary,generated-fallback,,69,48,E,source-indicated,type prior minus fallback margin + Fox profile governance
3569407878,Summum Bonum,Sword,Legendary,generated-core,"1749209109,1089671869",98,53,E,source-indicated,type mean + shrunk perk residuals + shrunk pair residual + Fox profile governance
3569407878,Summum Bonum,Sword,Legendary,generated-core,"1164602481,3966416502",98,52,E,source-indicated,type mean + shrunk perk residuals + shrunk pair residual + Fox profile governance
3569407878,Summum Bonum,Sword,Legendary,generated-core,"1749209109,3640170453",98,52,E,source-indicated,type mean + shrunk perk residuals + shrunk pair residual + Fox profile governance
3569407878,Summum Bonum,Sword,Legendary,generated-core,"2590710093,1546637391",78,71,E,source-indicated,type mean + shrunk perk residuals + shrunk pair residual + Fox profile governance
3569407878,Summum Bonum,Sword,Legendary,generated-core,"2590710093,3913600130",82,68,E,source-indicated,type mean + shrunk perk residuals + shrunk pair residual + Fox profile governance
3569407878,Summum Bonum,Sword,Legendary,generated-fallback,,69,48,E,source-indicated,type prior minus fallback margin + Fox profile governance
2001697739,Summum Bonum (Adept),Sword,Legendary,generated-core,"1749209109,1089671869",98,53,E,source-indicated,type mean + shrunk perk residuals + shrunk pair residual + Fox profile governance
2001697739,Summum Bonum (Adept),Sword,Legendary,generated-core,"1164602481,3966416502",98,52,E,source-indicated,type mean + shrunk perk residuals + shrunk pair residual + Fox profile governance
2001697739,Summum Bonum (Adept),Sword,Legendary,generated-core,"1749209109,3640170453",98,52,E,source-indicated,type mean + shrunk perk residuals + shrunk pair residual + Fox profile governance
2001697739,Summum Bonum (Adept),Sword,Legendary,generated-core,"2590710093,1546637391",78,71,E,source-indicated,type mean + shrunk perk residuals + shrunk pair residual + Fox profile governance
2001697739,Summum Bonum (Adept),Sword,Legendary,generated-core,"2590710093,3913600130",82,68,E,source-indicated,type mean + shrunk perk residuals + shrunk pair residual + Fox profile governance
2001697739,Summum Bonum (Adept),Sword,Legendary,generated-fallback,,69,48,E,source-indicated,type prior minus fallback margin + Fox profile governance
1823308496,Synanceia,Sword,Legendary,generated-core,"1749209109,1089671869",98,53,E,source-indicated,type mean + shrunk perk residuals + shrunk pair residual + Fox profile governance
1823308496,Synanceia,Sword,Legendary,generated-core,"243981275,2077819806",98,52,E,source-indicated,type mean + shrunk perk residuals + shrunk pair residual + Fox profile governance
1823308496,Synanceia,Sword,Legendary,generated-core,"1749209109,2890807135",98,52,E,source-indicated,type mean + shrunk perk residuals + shrunk pair residual + Fox profile governance
1823308496,Synanceia,Sword,Legendary,generated-core,"354401740,1546142478",81,70,E,source-indicated,type mean + shrunk perk residuals + shrunk pair residual + Fox profile governance
1823308496,Synanceia,Sword,Legendary,generated-core,"354401740,2077819806",85,68,E,source-indicated,type mean + shrunk perk residuals + shrunk pair residual + Fox profile governance
1823308496,Synanceia,Sword,Legendary,generated-fallback,,69,48,E,source-indicated,type prior minus fallback margin + Fox profile governance
2765451288,Synanceia,Sword,Legendary,generated-core,"1749209109,1089671869",98,53,E,availability-unverified,type mean + shrunk perk residuals + shrunk pair residual + Fox profile governance
2765451288,Synanceia,Sword,Legendary,generated-core,"243981275,2077819806",98,52,E,availability-unverified,type mean + shrunk perk residuals + shrunk pair residual + Fox profile governance
2765451288,Synanceia,Sword,Legendary,generated-core,"1749209109,2890807135",98,52,E,availability-unverified,type mean + shrunk perk residuals + shrunk pair residual + Fox profile governance
2765451288,Synanceia,Sword,Legendary,generated-core,"354401740,1546142478",81,70,E,availability-unverified,type mean + shrunk perk residuals + shrunk pair residual + Fox profile governance
2765451288,Synanceia,Sword,Legendary,generated-core,"354401740,2077819806",85,68,E,availability-unverified,type mean + shrunk perk residuals + shrunk pair residual + Fox profile governance
2765451288,Synanceia,Sword,Legendary,generated-fallback,,69,48,E,availability-unverified,type prior minus fallback margin + Fox profile governance
2765451289,Synanceia,Sword,Legendary,generated-core,"1749209109,1089671869",98,53,E,availability-unverified,type mean + shrunk perk residuals + shrunk pair residual + Fox profile governance
2765451289,Synanceia,Sword,Legendary,generated-core,"243981275,2077819806",98,52,E,availability-unverified,type mean + shrunk perk residuals + shrunk pair residual + Fox profile governance
2765451289,Synanceia,Sword,Legendary,generated-core,"1749209109,2890807135",98,52,E,availability-unverified,type mean + shrunk perk residuals + shrunk pair residual + Fox profile governance
2765451289,Synanceia,Sword,Legendary,generated-core,"354401740,1546142478",81,70,E,availability-unverified,type mean + shrunk perk residuals + shrunk pair residual + Fox profile governance
2765451289,Synanceia,Sword,Legendary,generated-core,"354401740,2077819806",85,68,E,availability-unverified,type mean + shrunk perk residuals + shrunk pair residual + Fox profile governance
2765451289,Synanceia,Sword,Legendary,generated-fallback,,69,48,E,availability-unverified,type prior minus fallback margin + Fox profile governance
2765451290,Synanceia,Sword,Legendary,generated-core,"1749209109,1089671869",98,53,E,availability-unverified,type mean + shrunk perk residuals + shrunk pair residual + Fox profile governance
2765451290,Synanceia,Sword,Legendary,generated-core,"243981275,2077819806",98,52,E,availability-unverified,type mean + shrunk perk residuals + shrunk pair residual + Fox profile governance
2765451290,Synanceia,Sword,Legendary,generated-core,"1749209109,2890807135",98,52,E,availability-unverified,type mean + shrunk perk residuals + shrunk pair residual + Fox profile governance
2765451290,Synanceia,Sword,Legendary,generated-core,"354401740,1546142478",81,70,E,availability-unverified,type mean + shrunk perk residuals + shrunk pair residual + Fox profile governance
2765451290,Synanceia,Sword,Legendary,generated-core,"354401740,2077819806",85,68,E,availability-unverified,type mean + shrunk perk residuals + shrunk pair residual + Fox profile governance
2765451290,Synanceia,Sword,Legendary,generated-fallback,,69,48,E,availability-unverified,type prior minus fallback margin + Fox profile governance
2765451291,Synanceia,Sword,Legendary,generated-core,"1749209109,1089671869",98,53,E,availability-unverified,type mean + shrunk perk residuals + shrunk pair residual + Fox profile governance
2765451291,Synanceia,Sword,Legendary,generated-core,"243981275,2077819806",98,52,E,availability-unverified,type mean + shrunk perk residuals + shrunk pair residual + Fox profile governance
2765451291,Synanceia,Sword,Legendary,generated-core,"1749209109,2890807135",98,52,E,availability-unverified,type mean + shrunk perk residuals + shrunk pair residual + Fox profile governance
2765451291,Synanceia,Sword,Legendary,generated-core,"354401740,1546142478",81,70,E,availability-unverified,type mean + shrunk perk residuals + shrunk pair residual + Fox profile governance
2765451291,Synanceia,Sword,Legendary,generated-core,"354401740,2077819806",85,68,E,availability-unverified,type mean + shrunk perk residuals + shrunk pair residual + Fox profile governance
2765451291,Synanceia,Sword,Legendary,generated-fallback,,69,48,E,availability-unverified,type prior minus fallback margin + Fox profile governance
569799273,Throne-Cleaver,Sword,Legendary,generated-core,"1749209109,3913600130",93,57,E,source-indicated,type mean + shrunk perk residuals + shrunk pair residual + Fox profile governance
569799273,Throne-Cleaver,Sword,Legendary,generated-core,"1749209109,3016987351",91,59,E,source-indicated,type mean + shrunk perk residuals + shrunk pair residual + Fox profile governance
569799273,Throne-Cleaver,Sword,Legendary,generated-core,"818211479,3016987351",90,61,E,source-indicated,type mean + shrunk perk residuals + shrunk pair residual + Fox profile governance
569799273,Throne-Cleaver,Sword,Legendary,generated-core,"2590710093,354401740",67,84,E,source-indicated,type mean + shrunk perk residuals + shrunk pair residual + Fox profile governance
569799273,Throne-Cleaver,Sword,Legendary,generated-core,"2590710093,1685431615",67,84,E,source-indicated,type mean + shrunk perk residuals + shrunk pair residual + Fox profile governance
569799273,Throne-Cleaver,Sword,Legendary,generated-fallback,,69,48,E,source-indicated,type prior minus fallback margin + Fox profile governance
437854388,Action Item,Trace Rifle,Legendary,generated-core,"1164602481,1089671869",98,54,E,availability-unverified,type mean + shrunk perk residuals + shrunk pair residual + Fox profile governance
437854388,Action Item,Trace Rifle,Legendary,generated-core,"3993379141,1089671869",98,54,E,availability-unverified,type mean + shrunk perk residuals + shrunk pair residual + Fox profile governance
437854388,Action Item,Trace Rifle,Legendary,generated-core,"968510818,1089671869",98,52,E,availability-unverified,type mean + shrunk perk residuals + shrunk pair residual + Fox profile governance
437854388,Action Item,Trace Rifle,Legendary,generated-core,"1359896290,365154968",64,87,E,availability-unverified,type mean + shrunk perk residuals + shrunk pair residual + Fox profile governance
437854388,Action Item,Trace Rifle,Legendary,generated-core,"2213355989,365154968",70,86,E,availability-unverified,type mean + shrunk perk residuals + shrunk pair residual + Fox profile governance
437854388,Action Item,Trace Rifle,Legendary,generated-fallback,,69,51,E,availability-unverified,type prior minus fallback margin + Fox profile governance
437854389,Action Item,Trace Rifle,Legendary,generated-core,"1164602481,1089671869",98,54,E,availability-unverified,type mean + shrunk perk residuals + shrunk pair residual + Fox profile governance
437854389,Action Item,Trace Rifle,Legendary,generated-core,"3993379141,1089671869",98,54,E,availability-unverified,type mean + shrunk perk residuals + shrunk pair residual + Fox profile governance
437854389,Action Item,Trace Rifle,Legendary,generated-core,"968510818,1089671869",98,52,E,availability-unverified,type mean + shrunk perk residuals + shrunk pair residual + Fox profile governance
437854389,Action Item,Trace Rifle,Legendary,generated-core,"1359896290,365154968",64,87,E,availability-unverified,type mean + shrunk perk residuals + shrunk pair residual + Fox profile governance
437854389,Action Item,Trace Rifle,Legendary,generated-core,"2213355989,365154968",70,86,E,availability-unverified,type mean + shrunk perk residuals + shrunk pair residual + Fox profile governance
437854389,Action Item,Trace Rifle,Legendary,generated-fallback,,69,51,E,availability-unverified,type prior minus fallback margin + Fox profile governance
437854390,Action Item,Trace Rifle,Legendary,generated-core,"1164602481,1089671869",98,54,E,availability-unverified,type mean + shrunk perk residuals + shrunk pair residual + Fox profile governance
437854390,Action Item,Trace Rifle,Legendary,generated-core,"3993379141,1089671869",98,54,E,availability-unverified,type mean + shrunk perk residuals + shrunk pair residual + Fox profile governance
437854390,Action Item,Trace Rifle,Legendary,generated-core,"968510818,1089671869",98,52,E,availability-unverified,type mean + shrunk perk residuals + shrunk pair residual + Fox profile governance
437854390,Action Item,Trace Rifle,Legendary,generated-core,"1359896290,365154968",64,87,E,availability-unverified,type mean + shrunk perk residuals + shrunk pair residual + Fox profile governance
437854390,Action Item,Trace Rifle,Legendary,generated-core,"2213355989,365154968",70,86,E,availability-unverified,type mean + shrunk perk residuals + shrunk pair residual + Fox profile governance
437854390,Action Item,Trace Rifle,Legendary,generated-fallback,,69,51,E,availability-unverified,type prior minus fallback margin + Fox profile governance
437854391,Action Item,Trace Rifle,Legendary,generated-core,"1164602481,1089671869",98,54,E,availability-unverified,type mean + shrunk perk residuals + shrunk pair residual + Fox profile governance
437854391,Action Item,Trace Rifle,Legendary,generated-core,"3993379141,1089671869",98,54,E,availability-unverified,type mean + shrunk perk residuals + shrunk pair residual + Fox profile governance
437854391,Action Item,Trace Rifle,Legendary,generated-core,"968510818,1089671869",98,52,E,availability-unverified,type mean + shrunk perk residuals + shrunk pair residual + Fox profile governance
437854391,Action Item,Trace Rifle,Legendary,generated-core,"1359896290,365154968",64,87,E,availability-unverified,type mean + shrunk perk residuals + shrunk pair residual + Fox profile governance
437854391,Action Item,Trace Rifle,Legendary,generated-core,"2213355989,365154968",70,86,E,availability-unverified,type mean + shrunk perk residuals + shrunk pair residual + Fox profile governance
437854391,Action Item,Trace Rifle,Legendary,generated-fallback,,69,51,E,availability-unverified,type prior minus fallback margin + Fox profile governance
527989828,Action Item,Trace Rifle,Legendary,generated-core,"1164602481,1089671869",98,54,E,source-indicated,type mean + shrunk perk residuals + shrunk pair residual + Fox profile governance
527989828,Action Item,Trace Rifle,Legendary,generated-core,"3993379141,1089671869",98,54,E,source-indicated,type mean + shrunk perk residuals + shrunk pair residual + Fox profile governance
527989828,Action Item,Trace Rifle,Legendary,generated-core,"968510818,1089671869",98,52,E,source-indicated,type mean + shrunk perk residuals + shrunk pair residual + Fox profile governance
527989828,Action Item,Trace Rifle,Legendary,generated-core,"1359896290,365154968",64,87,E,source-indicated,type mean + shrunk perk residuals + shrunk pair residual + Fox profile governance
527989828,Action Item,Trace Rifle,Legendary,generated-core,"2213355989,365154968",70,86,E,source-indicated,type mean + shrunk perk residuals + shrunk pair residual + Fox profile governance
527989828,Action Item,Trace Rifle,Legendary,generated-fallback,,69,51,E,source-indicated,type prior minus fallback margin + Fox profile governance
1711056134,Incisor,Trace Rifle,Legendary,generated-core,"968510818,243981275",98,52,E,source-indicated,type mean + shrunk perk residuals + shrunk pair residual + Fox profile governance
1711056134,Incisor,Trace Rifle,Legendary,generated-core,"923806249,243981275",98,50,E,source-indicated,type mean + shrunk perk residuals + shrunk pair residual + Fox profile governance
1711056134,Incisor,Trace Rifle,Legendary,generated-core,"968510818,831391274",98,50,E,source-indicated,type mean + shrunk perk residuals + shrunk pair residual + Fox profile governance
1711056134,Incisor,Trace Rifle,Legendary,generated-core,"1359896290,1890422124",74,87,E,source-indicated,type mean + shrunk perk residuals + shrunk pair residual + Fox profile governance
1711056134,Incisor,Trace Rifle,Legendary,generated-core,"1359896290,365154968",64,87,E,source-indicated,type mean + shrunk perk residuals + shrunk pair residual + Fox profile governance
1711056134,Incisor,Trace Rifle,Legendary,generated-fallback,,69,51,E,source-indicated,type prior minus fallback margin + Fox profile governance
2421180981,Incisor (Adept),Trace Rifle,Legendary,generated-core,"968510818,243981275",98,52,E,availability-unverified,type mean + shrunk perk residuals + shrunk pair residual + Fox profile governance
2421180981,Incisor (Adept),Trace Rifle,Legendary,generated-core,"923806249,243981275",98,50,E,availability-unverified,type mean + shrunk perk residuals + shrunk pair residual + Fox profile governance
2421180981,Incisor (Adept),Trace Rifle,Legendary,generated-core,"968510818,831391274",98,50,E,availability-unverified,type mean + shrunk perk residuals + shrunk pair residual + Fox profile governance
2421180981,Incisor (Adept),Trace Rifle,Legendary,generated-core,"1359896290,1890422124",74,87,E,availability-unverified,type mean + shrunk perk residuals + shrunk pair residual + Fox profile governance
2421180981,Incisor (Adept),Trace Rifle,Legendary,generated-core,"1359896290,365154968",64,87,E,availability-unverified,type mean + shrunk perk residuals + shrunk pair residual + Fox profile governance
2421180981,Incisor (Adept),Trace Rifle,Legendary,generated-fallback,,69,51,E,availability-unverified,type prior minus fallback margin + Fox profile governance
2839600459,Incisor (Adept),Trace Rifle,Legendary,generated-core,"968510818,243981275",98,52,E,source-indicated,type mean + shrunk perk residuals + shrunk pair residual + Fox profile governance
2839600459,Incisor (Adept),Trace Rifle,Legendary,generated-core,"923806249,243981275",98,50,E,source-indicated,type mean + shrunk perk residuals + shrunk pair residual + Fox profile governance
2839600459,Incisor (Adept),Trace Rifle,Legendary,generated-core,"968510818,831391274",98,50,E,source-indicated,type mean + shrunk perk residuals + shrunk pair residual + Fox profile governance
2839600459,Incisor (Adept),Trace Rifle,Legendary,generated-core,"1359896290,1890422124",74,87,E,source-indicated,type mean + shrunk perk residuals + shrunk pair residual + Fox profile governance
2839600459,Incisor (Adept),Trace Rifle,Legendary,generated-core,"1359896290,365154968",64,87,E,source-indicated,type mean + shrunk perk residuals + shrunk pair residual + Fox profile governance
2839600459,Incisor (Adept),Trace Rifle,Legendary,generated-fallback,,69,51,E,source-indicated,type prior minus fallback margin + Fox profile governance
2029899814,Keraunios,Trace Rifle,Legendary,generated-core,"3643424744,3966416502",98,59,E,source-indicated,type mean + shrunk perk residuals + shrunk pair residual + Fox profile governance
2029899814,Keraunios,Trace Rifle,Legendary,generated-core,"3643424744,3218042543",98,58,E,source-indicated,type mean + shrunk perk residuals + shrunk pair residual + Fox profile governance
2029899814,Keraunios,Trace Rifle,Legendary,generated-core,"3400784728,3218042543",95,54,E,source-indicated,type mean + shrunk perk residuals + shrunk pair residual + Fox profile governance
2029899814,Keraunios,Trace Rifle,Legendary,generated-core,"1359896290,557221067",70,82,E,source-indicated,type mean + shrunk perk residuals + shrunk pair residual + Fox profile governance
2029899814,Keraunios,Trace Rifle,Legendary,generated-core,"1866048759,557221067",70,82,E,source-indicated,type mean + shrunk perk residuals + shrunk pair residual + Fox profile governance
2029899814,Keraunios,Trace Rifle,Legendary,generated-fallback,,69,51,E,source-indicated,type prior minus fallback margin + Fox profile governance
407150808,Ribbontail,Trace Rifle,Legendary,generated-core,"3987942396,3708227201",98,51,E,availability-unverified,type mean + shrunk perk residuals + shrunk pair residual + Fox profile governance
407150808,Ribbontail,Trace Rifle,Legendary,generated-core,"1820235745,3201496230",98,49,E,availability-unverified,type mean + shrunk perk residuals + shrunk pair residual + Fox profile governance
407150808,Ribbontail,Trace Rifle,Legendary,generated-core,"1820235745,960997401",98,47,E,availability-unverified,type mean + shrunk perk residuals + shrunk pair residual + Fox profile governance
407150808,Ribbontail,Trace Rifle,Legendary,generated-core,"4071163871,557221067",76,75,E,availability-unverified,type mean + shrunk perk residuals + shrunk pair residual + Fox profile governance
407150808,Ribbontail,Trace Rifle,Legendary,generated-core,"4071163871,1546142478",78,72,E,availability-unverified,type mean + shrunk perk residuals + shrunk pair residual + Fox profile governance
407150808,Ribbontail,Trace Rifle,Legendary,generated-fallback,,69,51,E,availability-unverified,type prior minus fallback margin + Fox profile governance
407150809,Ribbontail,Trace Rifle,Legendary,generated-core,"3987942396,3708227201",98,51,E,availability-unverified,type mean + shrunk perk residuals + shrunk pair residual + Fox profile governance
407150809,Ribbontail,Trace Rifle,Legendary,generated-core,"1820235745,3201496230",98,49,E,availability-unverified,type mean + shrunk perk residuals + shrunk pair residual + Fox profile governance
407150809,Ribbontail,Trace Rifle,Legendary,generated-core,"1820235745,960997401",98,47,E,availability-unverified,type mean + shrunk perk residuals + shrunk pair residual + Fox profile governance
407150809,Ribbontail,Trace Rifle,Legendary,generated-core,"4071163871,557221067",76,75,E,availability-unverified,type mean + shrunk perk residuals + shrunk pair residual + Fox profile governance
407150809,Ribbontail,Trace Rifle,Legendary,generated-core,"4071163871,1546142478",78,72,E,availability-unverified,type mean + shrunk perk residuals + shrunk pair residual + Fox profile governance
407150809,Ribbontail,Trace Rifle,Legendary,generated-fallback,,69,51,E,availability-unverified,type prior minus fallback margin + Fox profile governance
407150810,Ribbontail,Trace Rifle,Legendary,generated-core,"3987942396,3708227201",98,51,E,availability-unverified,type mean + shrunk perk residuals + shrunk pair residual + Fox profile governance
407150810,Ribbontail,Trace Rifle,Legendary,generated-core,"1820235745,3201496230",98,49,E,availability-unverified,type mean + shrunk perk residuals + shrunk pair residual + Fox profile governance
407150810,Ribbontail,Trace Rifle,Legendary,generated-core,"1820235745,960997401",98,47,E,availability-unverified,type mean + shrunk perk residuals + shrunk pair residual + Fox profile governance
407150810,Ribbontail,Trace Rifle,Legendary,generated-core,"4071163871,557221067",76,75,E,availability-unverified,type mean + shrunk perk residuals + shrunk pair residual + Fox profile governance
407150810,Ribbontail,Trace Rifle,Legendary,generated-core,"4071163871,1546142478",78,72,E,availability-unverified,type mean + shrunk perk residuals + shrunk pair residual + Fox profile governance
407150810,Ribbontail,Trace Rifle,Legendary,generated-fallback,,69,51,E,availability-unverified,type prior minus fallback margin + Fox profile governance
407150811,Ribbontail,Trace Rifle,Legendary,generated-core,"3987942396,3708227201",98,51,E,availability-unverified,type mean + shrunk perk residuals + shrunk pair residual + Fox profile governance
407150811,Ribbontail,Trace Rifle,Legendary,generated-core,"1820235745,3201496230",98,49,E,availability-unverified,type mean + shrunk perk residuals + shrunk pair residual + Fox profile governance
407150811,Ribbontail,Trace Rifle,Legendary,generated-core,"1820235745,960997401",98,47,E,availability-unverified,type mean + shrunk perk residuals + shrunk pair residual + Fox profile governance
407150811,Ribbontail,Trace Rifle,Legendary,generated-core,"4071163871,557221067",76,75,E,availability-unverified,type mean + shrunk perk residuals + shrunk pair residual + Fox profile governance
407150811,Ribbontail,Trace Rifle,Legendary,generated-core,"4071163871,1546142478",78,72,E,availability-unverified,type mean + shrunk perk residuals + shrunk pair residual + Fox profile governance
407150811,Ribbontail,Trace Rifle,Legendary,generated-fallback,,69,51,E,availability-unverified,type prior minus fallback margin + Fox profile governance
3576134513,Ribbontail,Trace Rifle,Legendary,generated-core,"3987942396,3708227201",98,51,E,source-indicated,type mean + shrunk perk residuals + shrunk pair residual + Fox profile governance
3576134513,Ribbontail,Trace Rifle,Legendary,generated-core,"1820235745,3201496230",98,49,E,source-indicated,type mean + shrunk perk residuals + shrunk pair residual + Fox profile governance
3576134513,Ribbontail,Trace Rifle,Legendary,generated-core,"1820235745,960997401",98,47,E,source-indicated,type mean + shrunk perk residuals + shrunk pair residual + Fox profile governance
3576134513,Ribbontail,Trace Rifle,Legendary,generated-core,"4071163871,557221067",76,75,E,source-indicated,type mean + shrunk perk residuals + shrunk pair residual + Fox profile governance
3576134513,Ribbontail,Trace Rifle,Legendary,generated-core,"4071163871,1546142478",78,72,E,source-indicated,type mean + shrunk perk residuals + shrunk pair residual + Fox profile governance
3576134513,Ribbontail,Trace Rifle,Legendary,generated-fallback,,69,51,E,source-indicated,type prior minus fallback margin + Fox profile governance
324382200,Breakneck,Auto Rifle,Legendary,fixed-item,,78,63,E,source-indicated,type prior -5; fixed item-level
1942069133,Dark Decider,Auto Rifle,Legendary,fixed-item,,78,63,E,source-indicated,type prior -5; fixed item-level
3319810953,Eidolon Ally,Auto Rifle,Legendary,fixed-item,,78,63,E,source-indicated,type prior -5; fixed item-level
1137768695,Foregone Conclusion,Auto Rifle,Legendary,fixed-item,,78,63,E,source-indicated,type prior -5; fixed item-level
3778520451,Galliard-42,Auto Rifle,Legendary,fixed-item,,78,63,E,source-indicated,type prior -5; fixed item-level
472847207,Guiding Star,Auto Rifle,Legendary,fixed-item,,78,63,E,source-indicated,type prior -5; fixed item-level
3778520450,Halfdan-D,Auto Rifle,Legendary,fixed-item,,78,63,E,source-indicated,type prior -5; fixed item-level
1842303080,Hollow Earth,Auto Rifle,Legendary,fixed-item,,78,63,E,source-indicated,type prior -5; fixed item-level
3778520449,Jiangshi AR4,Auto Rifle,Legendary,fixed-item,,78,63,E,source-indicated,type prior -5; fixed item-level
4014434381,Kibou AR3,Auto Rifle,Legendary,fixed-item,,78,63,E,source-indicated,type prior -5; fixed item-level
1650442173,Loquitor IV,Auto Rifle,Legendary,fixed-item,,78,63,E,source-indicated,type prior -5; fixed item-level
3336215727,Martyr's Make,Auto Rifle,Legendary,fixed-item,,78,63,E,source-indicated,type prior -5; fixed item-level
3920811074,Medley-45,Auto Rifle,Legendary,fixed-item,,78,63,E,source-indicated,type prior -5; fixed item-level
3188460622,Null Calamity 9,Auto Rifle,Legendary,fixed-item,,78,63,E,source-indicated,type prior -5; fixed item-level
1644162710,Origin Story,Auto Rifle,Legendary,fixed-item,,78,63,E,source-indicated,type prior -5; fixed item-level
1369487074,Orimund's Anvil,Auto Rifle,Legendary,fixed-item,,78,63,E,source-indicated,type prior -5; fixed item-level
1327432221,Perseverance,Auto Rifle,Legendary,fixed-item,,78,63,E,source-indicated,type prior -5; fixed item-level
3393130645,Positive Outlook,Auto Rifle,Legendary,fixed-item,,78,63,E,source-indicated,type prior -5; fixed item-level
705774642,Restoration VIII,Auto Rifle,Legendary,fixed-item,,78,63,E,source-indicated,type prior -5; fixed item-level
3762467078,Scathelocke,Auto Rifle,Legendary,fixed-item,,78,63,E,source-indicated,type prior -5; fixed item-level
3762467077,Solemn Hymn,Auto Rifle,Legendary,fixed-item,,78,63,E,source-indicated,type prior -5; fixed item-level
1099433612,The Doubt,Auto Rifle,Legendary,fixed-item,,78,63,E,source-indicated,type prior -5; fixed item-level
2014642399,The Forward Path,Auto Rifle,Legendary,fixed-item,,78,63,E,source-indicated,type prior -5; fixed item-level
3854359821,The Number,Auto Rifle,Legendary,fixed-item,,78,63,E,source-indicated,type prior -5; fixed item-level
3762467076,Uriel's Gift,Auto Rifle,Legendary,fixed-item,,78,63,E,source-indicated,type prior -5; fixed item-level
3762467079,Valakadyn,Auto Rifle,Legendary,fixed-item,,78,63,E,source-indicated,type prior -5; fixed item-level
1584643826,Hush,Combat Bow,Legendary,fixed-item,,80,61,E,source-indicated,type prior -5; fixed item-level
2502422772,Cartesian Coordinate,Fusion Rifle,Legendary,fixed-item,,71,68,E,source-indicated,type prior -5; fixed item-level
3005879472,Conjecture TSc,Fusion Rifle,Legendary,fixed-item,,71,68,E,source-indicated,type prior -5; fixed item-level
1773600468,Critical Sass,Fusion Rifle,Legendary,fixed-item,,71,68,E,source-indicated,type prior -5; fixed item-level
4105447487,Elatha FR4,Fusion Rifle,Legendary,fixed-item,,71,68,E,source-indicated,type prior -5; fixed item-level
2398848320,Erentil FR4,Fusion Rifle,Legendary,fixed-item,,71,68,E,source-indicated,type prior -5; fixed item-level
3445437901,Main Ingredient,Fusion Rifle,Legendary,fixed-item,,71,68,E,source-indicated,type prior -5; fixed item-level
2502422774,Nox Echo III,Fusion Rifle,Legendary,fixed-item,,71,68,E,source-indicated,type prior -5; fixed item-level
4105447486,Nox Veneris II,Fusion Rifle,Legendary,fixed-item,,71,68,E,source-indicated,type prior -5; fixed item-level
618554398,Proelium FR3,Fusion Rifle,Legendary,fixed-item,,71,68,E,source-indicated,type prior -5; fixed item-level
2502422773,Shock and Awe,Fusion Rifle,Legendary,fixed-item,,71,68,E,source-indicated,type prior -5; fixed item-level
2961807684,The Wizened Rebuke,Fusion Rifle,Legendary,fixed-item,,71,68,E,source-indicated,type prior -5; fixed item-level
1006783454,Timelines' Vertex,Fusion Rifle,Legendary,fixed-item,,71,68,E,source-indicated,type prior -5; fixed item-level
896923850,Acantha-D,Grenade Launcher,Legendary,fixed-item,,82,61,E,source-indicated,type prior -5; fixed item-level
1983332562,Berenger's Memory,Grenade Launcher,Legendary,fixed-item,,82,61,E,source-indicated,type prior -5; fixed item-level
311852248,Bushwhacker,Grenade Launcher,Legendary,fixed-item,,82,61,E,availability-unverified,type prior -5; fixed item-level
1489452902,Courageous Surrender,Grenade Launcher,Legendary,fixed-item,,82,61,E,source-indicated,type prior -5; fixed item-level
1983332560,Flash and Thunder,Grenade Launcher,Legendary,fixed-item,,82,61,E,source-indicated,type prior -5; fixed item-level
3886263130,I Am Alive,Grenade Launcher,Legendary,fixed-item,,82,61,E,source-indicated,type prior -5; fixed item-level
1443049976,Interference VI,Grenade Launcher,Legendary,fixed-item,,82,61,E,source-indicated,type prior -5; fixed item-level
3329842376,Memory Interdict,Grenade Launcher,Legendary,fixed-item,,82,61,E,source-indicated,type prior -5; fixed item-level
1870979911,Orewing's Maul,Grenade Launcher,Legendary,fixed-item,,82,61,E,source-indicated,type prior -5; fixed item-level
1983332561,Orthrus,Grenade Launcher,Legendary,fixed-item,,82,61,E,source-indicated,type prior -5; fixed item-level
2621637518,Play of the Game,Grenade Launcher,Legendary,fixed-item,,82,61,E,source-indicated,type prior -5; fixed item-level
4213221671,Sunrise GL4,Grenade Launcher,Legendary,fixed-item,,82,61,E,source-indicated,type prior -5; fixed item-level
301362380,Terran Wind,Grenade Launcher,Legendary,fixed-item,,82,61,E,source-indicated,type prior -5; fixed item-level
807192446,The Day's Fury,Grenade Launcher,Legendary,fixed-item,,82,61,E,source-indicated,type prior -5; fixed item-level
3993415705,The Mountaintop,Grenade Launcher,Legendary,fixed-item,,82,61,E,source-indicated,type prior -5; fixed item-level
1720373217,The Permanent Truth,Grenade Launcher,Legendary,fixed-item,,82,61,E,source-indicated,type prior -5; fixed item-level
3252697558,Truthteller,Grenade Launcher,Legendary,fixed-item,,82,61,E,source-indicated,type prior -5; fixed item-level
578459533,Wendigo GL3,Grenade Launcher,Legendary,fixed-item,,82,61,E,source-indicated,type prior -5; fixed item-level
2168486467,Wicked Sister,Grenade Launcher,Legendary,fixed-item,,82,61,E,source-indicated,type prior -5; fixed item-level
1406475890,Agamid,Hand Cannon,Legendary,fixed-item,,75,71,E,source-indicated,type prior -5; fixed item-level
2145476623,Annual Skate,Hand Cannon,Legendary,fixed-item,,75,71,E,source-indicated,type prior -5; fixed item-level
2145476620,Bad News,Hand Cannon,Legendary,fixed-item,,75,71,E,source-indicated,type prior -5; fixed item-level
1048266744,Better Devils,Hand Cannon,Legendary,fixed-item,,75,71,E,source-indicated,type prior -5; fixed item-level
3649055823,Crimil's Dagger,Hand Cannon,Legendary,fixed-item,,75,71,E,source-indicated,type prior -5; fixed item-level
1351035691,Daedalus Code,Hand Cannon,Legendary,fixed-item,,75,71,E,source-indicated,type prior -5; fixed item-level
582335600,Dire Promise,Hand Cannon,Legendary,fixed-item,,75,71,E,source-indicated,type prior -5; fixed item-level
701922966,Finite Impactor,Hand Cannon,Legendary,fixed-item,,75,71,E,source-indicated,type prior -5; fixed item-level
3216383791,Home for the Lost,Hand Cannon,Legendary,fixed-item,,75,71,E,source-indicated,type prior -5; fixed item-level
3860697510,Imset HC4,Hand Cannon,Legendary,fixed-item,,75,71,E,source-indicated,type prior -5; fixed item-level
3285365666,Jack Queen King 3,Hand Cannon,Legendary,fixed-item,,75,71,E,source-indicated,type prior -5; fixed item-level
2957542878,Living Memory,Hand Cannon,Legendary,fixed-item,,75,71,E,source-indicated,type prior -5; fixed item-level
3860697508,Minuet-42,Hand Cannon,Legendary,fixed-item,,75,71,E,source-indicated,type prior -5; fixed item-level
468276817,Nature of the Beast,Hand Cannon,Legendary,fixed-item,,75,71,E,source-indicated,type prior -5; fixed item-level
2693941407,Older Sister III,Hand Cannon,Legendary,fixed-item,,75,71,E,source-indicated,type prior -5; fixed item-level
3860697509,Pribina-D,Hand Cannon,Legendary,fixed-item,,75,71,E,source-indicated,type prior -5; fixed item-level
2429822976,Rose,Hand Cannon,Legendary,fixed-item,,75,71,E,source-indicated,type prior -5; fixed item-level
2171006181,Service Revolver,Hand Cannon,Legendary,fixed-item,,75,71,E,source-indicated,type prior -5; fixed item-level
2145476622,Shattered Peace,Hand Cannon,Legendary,fixed-item,,75,71,E,source-indicated,type prior -5; fixed item-level
2817949113,The Defiant,Hand Cannon,Legendary,fixed-item,,75,71,E,source-indicated,type prior -5; fixed item-level
1706536806,The Old Fashioned,Hand Cannon,Legendary,fixed-item,,75,71,E,source-indicated,type prior -5; fixed item-level
1189790632,The Steady Hand,Hand Cannon,Legendary,fixed-item,,75,71,E,source-indicated,type prior -5; fixed item-level
408440598,True Prophecy,Hand Cannon,Legendary,fixed-item,,75,71,E,source-indicated,type prior -5; fixed item-level
3285365667,West of Sunfall 7,Hand Cannon,Legendary,fixed-item,,75,71,E,source-indicated,type prior -5; fixed item-level
3005879473,Crooked Fang-4fr,Linear Fusion Rifle,Legendary,fixed-item,,79,61,E,source-indicated,type prior -5; fixed item-level
1813667283,Dead-Ender,Linear Fusion Rifle,Legendary,fixed-item,,79,61,E,source-indicated,type prior -5; fixed item-level
3909683950,Man o' War,Linear Fusion Rifle,Legendary,fixed-item,,79,61,E,source-indicated,type prior -5; fixed item-level
2502422775,Tarantula,Linear Fusion Rifle,Legendary,fixed-item,,79,61,E,source-indicated,type prior -5; fixed item-level
1600633250,21% Delirium,Machine Gun,Legendary,fixed-item,,82,60,E,source-indicated,type prior -5; fixed item-level
1513927139,Agenda 5,Pulse Rifle,Legendary,fixed-item,,76,68,E,source-indicated,type prior -5; fixed item-level
1178397318,Agrona PR4,Pulse Rifle,Legendary,fixed-item,,76,68,E,source-indicated,type prior -5; fixed item-level
1674742470,Autumn Wind,Pulse Rifle,Legendary,fixed-item,,76,68,E,source-indicated,type prior -5; fixed item-level
1178397319,Battle Scar,Pulse Rifle,Legendary,fixed-item,,76,68,E,source-indicated,type prior -5; fixed item-level
339343291,Cadenza-43,Pulse Rifle,Legendary,fixed-item,,76,68,E,source-indicated,type prior -5; fixed item-level
1513927137,Disrespectful Stare,Pulse Rifle,Legendary,fixed-item,,76,68,E,source-indicated,type prior -5; fixed item-level
1523647826,Eternal Slumber,Pulse Rifle,Legendary,fixed-item,,76,68,E,source-indicated,type prior -5; fixed item-level
1291586825,Eystein-D,Pulse Rifle,Legendary,fixed-item,,76,68,E,source-indicated,type prior -5; fixed item-level
4145119417,Heart of Time,Pulse Rifle,Legendary,fixed-item,,76,68,E,source-indicated,type prior -5; fixed item-level
228424224,Impromptu-49,Pulse Rifle,Legendary,fixed-item,,76,68,E,source-indicated,type prior -5; fixed item-level
161537637,Infinite Paths 8,Pulse Rifle,Legendary,fixed-item,,76,68,E,source-indicated,type prior -5; fixed item-level
625672050,Jian 7 Rifle,Pulse Rifle,Legendary,fixed-item,,76,68,E,source-indicated,type prior -5; fixed item-level
622058944,Jorum's Claw,Pulse Rifle,Legendary,fixed-item,,76,68,E,source-indicated,type prior -5; fixed item-level
962412079,Last Perdition,Pulse Rifle,Legendary,fixed-item,,76,68,E,source-indicated,type prior -5; fixed item-level
1760543913,Legal Action II,Pulse Rifle,Legendary,fixed-item,,76,68,E,source-indicated,type prior -5; fixed item-level
1513927138,Lincoln Green,Pulse Rifle,Legendary,fixed-item,,76,68,E,source-indicated,type prior -5; fixed item-level
161537636,Machina Dei 4,Pulse Rifle,Legendary,fixed-item,,76,68,E,source-indicated,type prior -5; fixed item-level
210065223,Magnum Shepherd,Pulse Rifle,Legendary,fixed-item,,76,68,E,source-indicated,type prior -5; fixed item-level
339343290,Nergal PR4,Pulse Rifle,Legendary,fixed-item,,76,68,E,source-indicated,type prior -5; fixed item-level
339163900,Nightshade,Pulse Rifle,Legendary,fixed-item,,76,68,E,source-indicated,type prior -5; fixed item-level
1161276682,Redrix's Broadsword,Pulse Rifle,Legendary,fixed-item,,76,68,E,source-indicated,type prior -5; fixed item-level
191996029,Redrix's Claymore,Pulse Rifle,Legendary,fixed-item,,76,68,E,source-indicated,type prior -5; fixed item-level
159056377,Requiem-45,Pulse Rifle,Legendary,fixed-item,,76,68,E,source-indicated,type prior -5; fixed item-level
1513927136,Swift Ride,Pulse Rifle,Legendary,fixed-item,,76,68,E,source-indicated,type prior -5; fixed item-level
3529780349,The Marine,Pulse Rifle,Legendary,fixed-item,,76,68,E,source-indicated,type prior -5; fixed item-level
4425887,The Time-Worn Spire,Pulse Rifle,Legendary,fixed-item,,76,68,E,source-indicated,type prior -5; fixed item-level
1587439031,Three Graves,Pulse Rifle,Legendary,fixed-item,,76,68,E,source-indicated,type prior -5; fixed item-level
417474226,Blue Shift,Rocket Launcher,Legendary,fixed-item,,79,62,E,source-indicated,type prior -5; fixed item-level
1929278169,BrayTech Osprey,Rocket Launcher,Legendary,fixed-item,,79,62,E,source-indicated,type prior -5; fixed item-level
1392429335,Broadsword Launcher,Rocket Launcher,Legendary,fixed-item,,79,62,E,source-indicated,type prior -5; fixed item-level
2149166938,Classical-42,Rocket Launcher,Legendary,fixed-item,,79,62,E,source-indicated,type prior -5; fixed item-level
2149166939,Countess SA/2,Rocket Launcher,Legendary,fixed-item,,79,62,E,source-indicated,type prior -5; fixed item-level
137879537,Curtain Call,Rocket Launcher,Legendary,fixed-item,,79,62,E,source-indicated,type prior -5; fixed item-level
417474224,Hoosegow,Rocket Launcher,Legendary,fixed-item,,79,62,E,source-indicated,type prior -5; fixed item-level
3748713779,Morrigan-D,Rocket Launcher,Legendary,fixed-item,,79,62,E,source-indicated,type prior -5; fixed item-level
417474225,Mos Epoch III,Rocket Launcher,Legendary,fixed-item,,79,62,E,source-indicated,type prior -5; fixed item-level
3748713778,Pentatonic-48,Rocket Launcher,Legendary,fixed-item,,79,62,E,source-indicated,type prior -5; fixed item-level
4095462486,Pit Launcher,Rocket Launcher,Legendary,fixed-item,,79,62,E,source-indicated,type prior -5; fixed item-level
2544285846,Scipio-D,Rocket Launcher,Legendary,fixed-item,,79,62,E,source-indicated,type prior -5; fixed item-level
432716552,Shining Sphere,Rocket Launcher,Legendary,fixed-item,,79,62,E,source-indicated,type prior -5; fixed item-level
4041111172,The Button,Rocket Launcher,Legendary,fixed-item,,79,62,E,source-indicated,type prior -5; fixed item-level
2792181427,Tiebreaker,Rocket Launcher,Legendary,fixed-item,,79,62,E,source-indicated,type prior -5; fixed item-level
1411084669,Zenobia-D,Rocket Launcher,Legendary,fixed-item,,79,62,E,source-indicated,type prior -5; fixed item-level
1531295694,Adverse Possession IX,Scout Rifle,Legendary,fixed-item,,77,65,E,source-indicated,type prior -5; fixed item-level
925326394,Black Scorpion-4sr,Scout Rifle,Legendary,fixed-item,,77,65,E,source-indicated,type prior -5; fixed item-level
717150101,BrayTech RWP Mk. II,Scout Rifle,Legendary,fixed-item,,77,65,E,source-indicated,type prior -5; fixed item-level
1885753222,Call to Serve,Scout Rifle,Legendary,fixed-item,,77,65,E,source-indicated,type prior -5; fixed item-level
2625782213,Contingency Plan,Scout Rifle,Legendary,fixed-item,,77,65,E,source-indicated,type prior -5; fixed item-level
4193877020,Does Not Compute,Scout Rifle,Legendary,fixed-item,,77,65,E,source-indicated,type prior -5; fixed item-level
1927800278,Eternal Blazon,Scout Rifle,Legendary,fixed-item,,77,65,E,source-indicated,type prior -5; fixed item-level
273396910,Frontier Justice,Scout Rifle,Legendary,fixed-item,,77,65,E,source-indicated,type prior -5; fixed item-level
3005104939,Frostmire's Hex,Scout Rifle,Legendary,fixed-item,,77,65,E,source-indicated,type prior -5; fixed item-level
472169727,Garden Progeny 1,Scout Rifle,Legendary,fixed-item,,77,65,E,source-indicated,type prior -5; fixed item-level
3435238843,Good Counsel IX,Scout Rifle,Legendary,fixed-item,,77,65,E,source-indicated,type prior -5; fixed item-level
2625782212,Haunted Earth,Scout Rifle,Legendary,fixed-item,,77,65,E,source-indicated,type prior -5; fixed item-level
925326393,Manannan SR4,Scout Rifle,Legendary,fixed-item,,77,65,E,source-indicated,type prior -5; fixed item-level
3434629515,Metronome-52,Scout Rifle,Legendary,fixed-item,,77,65,E,source-indicated,type prior -5; fixed item-level
1960218487,Nameless Midnight,Scout Rifle,Legendary,fixed-item,,77,65,E,source-indicated,type prior -5; fixed item-level
3907337522,Oxygen SR3,Scout Rifle,Legendary,fixed-item,,77,65,E,source-indicated,type prior -5; fixed item-level
1342668638,Pleiades Corrector,Scout Rifle,Legendary,fixed-item,,77,65,E,source-indicated,type prior -5; fixed item-level
1885753220,Seven-Six-Five,Scout Rifle,Legendary,fixed-item,,77,65,E,source-indicated,type prior -5; fixed item-level
3435238842,Song of Justice VI,Scout Rifle,Legendary,fixed-item,,77,65,E,source-indicated,type prior -5; fixed item-level
925326392,Tango-45,Scout Rifle,Legendary,fixed-item,,77,65,E,source-indicated,type prior -5; fixed item-level
541053086,Telemachus-C,Scout Rifle,Legendary,fixed-item,,77,65,E,source-indicated,type prior -5; fixed item-level
3826803617,The Dream,Scout Rifle,Legendary,fixed-item,,77,65,E,source-indicated,type prior -5; fixed item-level
3890960908,The Guiding Sight,Scout Rifle,Legendary,fixed-item,,77,65,E,source-indicated,type prior -5; fixed item-level
1885753223,Tone Patrol,Scout Rifle,Legendary,fixed-item,,77,65,E,source-indicated,type prior -5; fixed item-level
1159252500,Vacuna SR4,Scout Rifle,Legendary,fixed-item,,77,65,E,source-indicated,type prior -5; fixed item-level
731147179,Baligant,Shotgun,Legendary,fixed-item,,75,66,E,source-indicated,type prior -5; fixed item-level
2928437919,Basilisk,Shotgun,Legendary,fixed-item,,75,66,E,source-indicated,type prior -5; fixed item-level
3582424018,Deadpan Delivery,Shotgun,Legendary,fixed-item,,75,66,E,source-indicated,type prior -5; fixed item-level
515224227,"First In, Last Out",Shotgun,Legendary,fixed-item,,75,66,E,source-indicated,type prior -5; fixed item-level
731147178,Good Bone Structure,Shotgun,Legendary,fixed-item,,75,66,E,source-indicated,type prior -5; fixed item-level
1277015089,Gravity Slingshot,Shotgun,Legendary,fixed-item,,75,66,E,source-indicated,type prior -5; fixed item-level
94729174,Gunnora's Axe,Shotgun,Legendary,fixed-item,,75,66,E,source-indicated,type prior -5; fixed item-level
731147177,Hawthorne's Field-Forged Shotgun,Shotgun,Legendary,fixed-item,,75,66,E,source-indicated,type prior -5; fixed item-level
2248667690,Perfect Paradox,Shotgun,Legendary,fixed-item,,75,66,E,source-indicated,type prior -5; fixed item-level
2478247171,Quitclaim Shotgun III,Shotgun,Legendary,fixed-item,,75,66,E,source-indicated,type prior -5; fixed item-level
1325579289,Retrofuturist,Shotgun,Legendary,fixed-item,,75,66,E,source-indicated,type prior -5; fixed item-level
2703340117,Somerled-D,Shotgun,Legendary,fixed-item,,75,66,E,source-indicated,type prior -5; fixed item-level
3929685100,The Deicide,Shotgun,Legendary,fixed-item,,75,66,E,source-indicated,type prior -5; fixed item-level
1988218406,Unification VII,Shotgun,Legendary,fixed-item,,75,66,E,source-indicated,type prior -5; fixed item-level
3190698551,Wishbringer,Shotgun,Legendary,fixed-item,,75,66,E,source-indicated,type prior -5; fixed item-level
982229638,Allied Demand,Sidearm,Legendary,fixed-item,,77,66,E,source-indicated,type prior -5; fixed item-level
1533499360,Athelflad-D,Sidearm,Legendary,fixed-item,,77,66,E,source-indicated,type prior -5; fixed item-level
48361212,Controlling Vision,Sidearm,Legendary,fixed-item,,77,66,E,source-indicated,type prior -5; fixed item-level
1911843790,Dead Man Walking,Sidearm,Legendary,fixed-item,,77,66,E,source-indicated,type prior -5; fixed item-level
2362471600,Drang,Sidearm,Legendary,fixed-item,,77,66,E,source-indicated,type prior -5; fixed item-level
48361213,Eleventh Hour,Sidearm,Legendary,fixed-item,,77,66,E,source-indicated,type prior -5; fixed item-level
2581162758,Enigma's Draw,Sidearm,Legendary,fixed-item,,77,66,E,source-indicated,type prior -5; fixed item-level
1533499361,Etana SI4,Sidearm,Legendary,fixed-item,,77,66,E,source-indicated,type prior -5; fixed item-level
2812672357,Eulogy SI4,Sidearm,Legendary,fixed-item,,77,66,E,source-indicated,type prior -5; fixed item-level
227548887,Interregnum XVI,Sidearm,Legendary,fixed-item,,77,66,E,source-indicated,type prior -5; fixed item-level
1911843791,Last Hope,Sidearm,Legendary,fixed-item,,77,66,E,source-indicated,type prior -5; fixed item-level
1911843789,Minimum Distance,Sidearm,Legendary,fixed-item,,77,66,E,source-indicated,type prior -5; fixed item-level
806021398,Peace by Consensus,Sidearm,Legendary,fixed-item,,77,66,E,source-indicated,type prior -5; fixed item-level
819358961,Spoiler Alert,Sidearm,Legendary,fixed-item,,77,66,E,source-indicated,type prior -5; fixed item-level
1084788061,Swift Solstice,Sidearm,Legendary,fixed-item,,77,66,E,source-indicated,type prior -5; fixed item-level
3424403076,The Fool's Remedy,Sidearm,Legendary,fixed-item,,77,66,E,source-indicated,type prior -5; fixed item-level
3967155859,The Last Dance,Sidearm,Legendary,fixed-item,,77,66,E,source-indicated,type prior -5; fixed item-level
1911843788,The Rattler,Sidearm,Legendary,fixed-item,,77,66,E,source-indicated,type prior -5; fixed item-level
293505772,The Vision,Sidearm,Legendary,fixed-item,,77,66,E,source-indicated,type prior -5; fixed item-level
1648316470,Timecard,Sidearm,Legendary,fixed-item,,77,66,E,availability-unverified,type prior -5; fixed item-level
2091737595,Traveler's Judgment 5,Sidearm,Legendary,fixed-item,,77,66,E,source-indicated,type prior -5; fixed item-level
1533499362,Urchin-3si,Sidearm,Legendary,fixed-item,,77,66,E,source-indicated,type prior -5; fixed item-level
2812672356,Vertical Orbit QSm,Sidearm,Legendary,fixed-item,,77,66,E,source-indicated,type prior -5; fixed item-level
3334276332,Vestian Dynasty,Sidearm,Legendary,fixed-item,,77,66,E,source-indicated,type prior -5; fixed item-level
3312073052,A Single Clap,Sniper Rifle,Legendary,fixed-item,,77,64,E,source-indicated,type prior -5; fixed item-level
905092001,Anniella,Sniper Rifle,Legendary,fixed-item,,77,64,E,source-indicated,type prior -5; fixed item-level
1940885628,Archimedes Truth,Sniper Rifle,Legendary,fixed-item,,77,64,E,source-indicated,type prior -5; fixed item-level
2295941920,Belfry Bounty,Sniper Rifle,Legendary,fixed-item,,77,64,E,source-indicated,type prior -5; fixed item-level
3666954561,Copperhead-4sn,Sniper Rifle,Legendary,fixed-item,,77,64,E,source-indicated,type prior -5; fixed item-level
2738174948,Distant Tumulus,Sniper Rifle,Legendary,fixed-item,,77,64,E,source-indicated,type prior -5; fixed item-level
3666954563,Elegy-49,Sniper Rifle,Legendary,fixed-item,,77,64,E,source-indicated,type prior -5; fixed item-level
3272713429,Eye of Foresight,Sniper Rifle,Legendary,fixed-item,,77,64,E,source-indicated,type prior -5; fixed item-level
2660862359,Gentleman Vagabond,Sniper Rifle,Legendary,fixed-item,,77,64,E,source-indicated,type prior -5; fixed item-level
847450546,IKELOS_SR_v1.0.1,Sniper Rifle,Legendary,fixed-item,,77,64,E,source-indicated,type prior -5; fixed item-level
2295941921,Maestro-46,Sniper Rifle,Legendary,fixed-item,,77,64,E,source-indicated,type prior -5; fixed item-level
3239754990,Maxim XI,Sniper Rifle,Legendary,fixed-item,,77,64,E,source-indicated,type prior -5; fixed item-level
3434507093,Occluded Finality,Sniper Rifle,Legendary,fixed-item,,77,64,E,source-indicated,type prior -5; fixed item-level
2290863050,Persuader,Sniper Rifle,Legendary,fixed-item,,77,64,E,source-indicated,type prior -5; fixed item-level
654608616,Revoker,Sniper Rifle,Legendary,fixed-item,,77,64,E,source-indicated,type prior -5; fixed item-level
3312073053,Shepherd's Watch,Sniper Rifle,Legendary,fixed-item,,77,64,E,source-indicated,type prior -5; fixed item-level
3312073054,Show of Force,Sniper Rifle,Legendary,fixed-item,,77,64,E,source-indicated,type prior -5; fixed item-level
4272442416,The Domino,Sniper Rifle,Legendary,fixed-item,,77,64,E,source-indicated,type prior -5; fixed item-level
2535939781,The Mornin' Comes,Sniper Rifle,Legendary,fixed-item,,77,64,E,source-indicated,type prior -5; fixed item-level
3666954562,Veleda-D,Sniper Rifle,Legendary,fixed-item,,77,64,E,source-indicated,type prior -5; fixed item-level
3312073055,Widow's Bite,Sniper Rifle,Legendary,fixed-item,,77,64,E,source-indicated,type prior -5; fixed item-level
566976653,Antiope-D,Submachine Gun,Legendary,fixed-item,,76,68,E,source-indicated,type prior -5; fixed item-level
2414612777,Atalanta-D,Submachine Gun,Legendary,fixed-item,,76,68,E,source-indicated,type prior -5; fixed item-level
516243773,Beidenhander,Submachine Gun,Legendary,fixed-item,,76,68,E,source-indicated,type prior -5; fixed item-level
2517599010,Death Adder,Submachine Gun,Legendary,fixed-item,,76,68,E,source-indicated,type prior -5; fixed item-level
1459443448,Escape Velocity,Submachine Gun,Legendary,fixed-item,,76,68,E,source-indicated,type prior -5; fixed item-level
2700862856,Foggy Notion,Submachine Gun,Legendary,fixed-item,,76,68,E,source-indicated,type prior -5; fixed item-level
2611861926,Imminent Storm,Submachine Gun,Legendary,fixed-item,,76,68,E,source-indicated,type prior -5; fixed item-level
3089417788,MIDA Mini-Tool,Submachine Gun,Legendary,fixed-item,,76,68,E,source-indicated,type prior -5; fixed item-level
4265183314,Multimach CCX,Submachine Gun,Legendary,fixed-item,,76,68,E,source-indicated,type prior -5; fixed item-level
2414612776,New City,Submachine Gun,Legendary,fixed-item,,76,68,E,source-indicated,type prior -5; fixed item-level
2700862858,Out of Options,Submachine Gun,Legendary,fixed-item,,76,68,E,source-indicated,type prior -5; fixed item-level
566976654,Phosphorus MG4,Submachine Gun,Legendary,fixed-item,,76,68,E,source-indicated,type prior -5; fixed item-level
1587779165,Radiant Stardust,Submachine Gun,Legendary,fixed-item,,76,68,E,source-indicated,type prior -5; fixed item-level
2700862859,Red Mamba,Submachine Gun,Legendary,fixed-item,,76,68,E,source-indicated,type prior -5; fixed item-level
566976652,Resonance-42,Submachine Gun,Legendary,fixed-item,,76,68,E,source-indicated,type prior -5; fixed item-level
3889907763,Royal Dispensation II,Submachine Gun,Legendary,fixed-item,,76,68,E,source-indicated,type prior -5; fixed item-level
3991544422,Sol Pariah 6,Submachine Gun,Legendary,fixed-item,,76,68,E,source-indicated,type prior -5; fixed item-level
1339362514,Stochastic Variable,Submachine Gun,Legendary,fixed-item,,76,68,E,source-indicated,type prior -5; fixed item-level
3991544423,The Conqueror 2,Submachine Gun,Legendary,fixed-item,,76,68,E,source-indicated,type prior -5; fixed item-level
2909905776,The Hero's Burden,Submachine Gun,Legendary,fixed-item,,76,68,E,source-indicated,type prior -5; fixed item-level
2433826056,The Quickstep,Submachine Gun,Legendary,fixed-item,,76,68,E,source-indicated,type prior -5; fixed item-level
3354242550,The Recluse,Submachine Gun,Legendary,fixed-item,,76,68,E,source-indicated,type prior -5; fixed item-level
1200414607,The Showrunner,Submachine Gun,Legendary,fixed-item,,76,68,E,source-indicated,type prior -5; fixed item-level
287042893,Complex Solution,Sword,Legendary,fixed-item,,84,57,E,source-indicated,type prior -5; fixed item-level
1180270694,Crown-Splitter,Sword,Legendary,fixed-item,,84,57,E,source-indicated,type prior -5; fixed item-level
3551104348,Double-Edged Answer,Sword,Legendary,fixed-item,,84,57,E,source-indicated,type prior -5; fixed item-level
1180270693,Eternity's Edge,Sword,Legendary,fixed-item,,84,57,E,source-indicated,type prior -5; fixed item-level
1490571337,Future Safe 10,Sword,Legendary,fixed-item,,84,57,E,source-indicated,type prior -5; fixed item-level
276918162,Hagakure,Sword,Legendary,fixed-item,,84,57,E,source-indicated,type prior -5; fixed item-level
2276266837,Honor's Edge,Sword,Legendary,fixed-item,,84,57,E,source-indicated,type prior -5; fixed item-level
1018072983,It Stared Back,Sword,Legendary,fixed-item,,84,57,E,source-indicated,type prior -5; fixed item-level
287042892,Negative Space,Sword,Legendary,fixed-item,,84,57,E,source-indicated,type prior -5; fixed item-level
4174481098,Steel Sybil Z-14,Sword,Legendary,fixed-item,,84,57,E,source-indicated,type prior -5; fixed item-level
2683682446,Traitor's Fate,Sword,Legendary,fixed-item,,84,57,E,source-indicated,type prior -5; fixed item-level
287042894,Unspoken Promise,Sword,Legendary,fixed-item,,84,57,E,source-indicated,type prior -5; fixed item-level
4203034886,Zephyr,Sword,Legendary,fixed-item,,84,57,E,source-indicated,type prior -5; fixed item-level
1034055198,Necrochasm,Auto Rifle,Exotic,exotic-item,,86,71,E,source-indicated,type prior + exotic item-level allowance + Fox profile governance
1685137410,Heirloom,Combat Bow,Exotic,exotic-item,,88,69,E,source-indicated,type prior + exotic item-level allowance + Fox profile governance
2200470033,Cull's Shadow,Fusion Rifle,Exotic,exotic-item,,75,72,E,source-indicated,type prior + exotic item-level allowance + Fox profile governance
2069224589,One Thousand Voices,Fusion Rifle,Exotic,exotic-item,,75,72,E,source-indicated,type prior + exotic item-level allowance + Fox profile governance
4289226715,Vex Mythoclast,Fusion Rifle,Exotic,exotic-item,,75,72,E,source-indicated,type prior + exotic item-level allowance + Fox profile governance
2812324401,Dead Messenger,Grenade Launcher,Exotic,exotic-item,,90,69,E,source-indicated,type prior + exotic item-level allowance + Fox profile governance
648595258,Graviton Spike,Hand Cannon,Exotic,exotic-item,,83,79,E,source-indicated,type prior + exotic item-level allowance + Fox profile governance
3284383335,Euphony,Linear Fusion Rifle,Exotic,exotic-item,,87,69,E,source-indicated,type prior + exotic item-level allowance + Fox profile governance
331231237,Finality's Auger,Linear Fusion Rifle,Exotic,exotic-item,,87,69,E,source-indicated,type prior + exotic item-level allowance + Fox profile governance
4284533075,Service of Luzaku,Machine Gun,Exotic,exotic-item,,90,68,E,source-indicated,type prior + exotic item-level allowance + Fox profile governance
3505113722,Collective Obligation,Pulse Rifle,Exotic,exotic-item,,84,76,E,source-indicated,type prior + exotic item-level allowance + Fox profile governance
1736135946,New Malpais,Pulse Rifle,Exotic,exotic-item,,84,76,E,source-indicated,type prior + exotic item-level allowance + Fox profile governance
2399110176,Eyes of Tomorrow,Rocket Launcher,Exotic,exotic-item,,87,70,E,source-indicated,type prior + exotic item-level allowance + Fox profile governance
1202007252,Whirling Ovation,Rocket Launcher,Exotic,exotic-item,,87,70,E,source-indicated,type prior + exotic item-level allowance + Fox profile governance
2973900274,Third Iteration,Scout Rifle,Exotic,exotic-item,,85,73,E,source-indicated,type prior + exotic item-level allowance + Fox profile governance
1802135586,Touch of Malice,Scout Rifle,Exotic,exotic-item,,85,73,E,source-indicated,type prior + exotic item-level allowance + Fox profile governance
3371017761,Conditional Finality,Shotgun,Exotic,exotic-item,,83,74,E,source-indicated,type prior + exotic item-level allowance + Fox profile governance
1744115122,Legend of Acrius,Shotgun,Exotic,exotic-item,,83,74,E,availability-unverified,type prior + exotic item-level allowance + Fox profile governance
1047932517,Slayer's Fang,Shotgun,Exotic,exotic-item,,83,74,E,source-indicated,type prior + exotic item-level allowance + Fox profile governance
3886719505,Buried Bloodline,Sidearm,Exotic,exotic-item,,85,74,E,source-indicated,type prior + exotic item-level allowance + Fox profile governance
1111334348,Ice Breaker,Sniper Rifle,Exotic,exotic-item,,85,72,E,source-indicated,type prior + exotic item-level allowance + Fox profile governance
1891561814,Whisper of the Worm,Sniper Rifle,Exotic,exotic-item,,85,72,E,source-indicated,type prior + exotic item-level allowance + Fox profile governance
1481594633,Barrow-Dyad,Submachine Gun,Exotic,exotic-item,,84,76,E,source-indicated,type prior + exotic item-level allowance + Fox profile governance
3049715579,Praxic Blade,Sword,Exotic,exotic-item,,92,65,E,source-indicated,type prior + exotic item-level allowance + Fox profile governance
1753923263,Wolfsbane,Sword,Exotic,exotic-item,,92,65,E,source-indicated,type prior + exotic item-level allowance + Fox profile governance
4207066264,Microcosm,Trace Rifle,Exotic,exotic-item,,89,68,E,source-indicated,type prior + exotic item-level allowance + Fox profile governance
